id,english,translation
0x002600F8,"[Left_Toggle]","< 번역 누락 : 0x002600F8 >"
0x0033E7B4,"Senior Producers","< 번역 누락 : 0x0033E7B4 >"
0x006D74B4,"Downloadable content is being scanned.","< 번역 누락 : 0x006D74B4 >"
0x006E3F1A,"MEDIUM CURRENCY","< 번역 누락 : 0x006E3F1A >"
0x00914BC1,"TRACK CONTROL","@ 선 로 조 종 기"
0x00914BC2,"SWITCH TRACKS","--선 로 변 경--"
0x00914BC3,"SWITCHING TRACKS","-선 로 변 경 중-"
0x00914BC4,"TRACK CONTROLS OFFLINE","선로 조종기 작동 중지"
0x00CD8701,"Move Back","뒤 로"
0x00EF2D3B,"Destroy the Gravity Tethers","중력 올가미를 파괴하라"
0x01295D13,"[Navigate]Navigate   [Use]Select   [Elev_Back]Back","< 번역 누락 : 0x01295D13 >"
0x0172CD2D,"CREW KEY","승 무 원 열 쇠"
0x017B35EA,"Tab","< 번역 누락 : 0x017B35EA >"
0x01876D3C,"Reconnect Power Modules Throughout Chamber","파 워 모 듈 재 연 결"
0x0192B046,"Tram Station","정 거 장"
0x01C0B602,"Chapter 1:\nNew Arrivals","< 번역 누락 : 0x01C0B602 >"
0x01C0B603,"Chapter 2:\nIntensive Care","< 번역 누락 : 0x01C0B603 >"
0x01C0B604,"Chapter 3:\nCourse Correction","< 번역 누락 : 0x01C0B604 >"
0x01C0B605,"Chapter 4:\nObliteration Imminent","< 번역 누락 : 0x01C0B605 >"
0x01C0B606,"Chapter 5:\nLethal Devotion","< 번역 누락 : 0x01C0B606 >"
0x01C0B607,"Chapter 6:\nEnvironmental Hazard","< 번역 누락 : 0x01C0B607 >"
0x01C0B608,"Chapter 7: \nInto the Void","< 번역 누락 : 0x01C0B608 >"
0x01C0B609,"Chapter 8:\nSearch and Rescue","< 번역 누락 : 0x01C0B609 >"
0x01C0B60A,"Chapter 9: \nDead on Arrival","< 번역 누락 : 0x01C0B60A >"
0x01CFF869,"I can use my uniform's RIG (Resource Integration Gear) to interface with the Ishimura's holographic display system.","RIG: 자원제공 통합장비"
0x02508BFD,"You can add items from the Shop or move items from the Safe here.","구매하거나 보관된 아이템으로 여기에 추가가 가능하다."
0x029BAA62,"INVENTORY","가 방"
0x02A0D6FB,"Training Tip:\n TK ","< 번역 누락 : 0x02A0D6FB >"
0x02A0D6FC,"Training Tip:\n Airless Environments","< 번역 누락 : 0x02A0D6FC >"
0x02A0D6FD,"Training Tip:\n Zero - G","< 번역 누락 : 0x02A0D6FD >"
0x02A74B3F,"Supply Depot","보 급 품 저 장 소"
0x02A74B40,"Airlock B","밀 페 실 B"
0x02A74B41,"Airlock D","밀 페 실 D"
0x02A74B42,"Airlock C","밀 페 실 C"
0x02F2CC98,"Get off my ship!","내 배에서 내려!"
0x034134A5,"Punch","휘 두 르 기"
0x03593645,"1<T>QA Immersion\n<L>Craig Helm\nNolberto Meza\nMatt Tomczek\n\n<T>Senior QA Engineer\n<L>Behrang Garakani","< 번역 누락 : 0x03593645 >"
0x039A6265,"Tom Bai","< 번역 누락 : 0x039A6265 >"
0x03A05F1E,"Standby Mode","대기 상태"
0x03A05F1F,"Approach to activate.","< 번역 누락 : 0x03A05F1F >"
0x03D5A610,"SHOOTING RANGE SCORE","사 격 점 수"
0x03D5A611,"LEVEL","레 벨"
0x03D5A612,"SCORE","점 수"
0x03D5A613,"STATION 2","< 번역 누락 : 0x03D5A613 >"
0x03E716A9,"LOAD DNA SAMPLE","< 번역 누락 : 0x03E716A9 >"
0x03F58477,"Yen","< 번역 누락 : 0x03F58477 >"
0x04005DBB,"Poison the Leviathan","독극물을 주입하라"
0x0418A209,"Kill a Brute","< 번역 누락 : 0x0418A209 >"
0x0430C383,"Complete Chapter 6 on any difficulty setting","< 번역 누락 : 0x0430C383 >"
0x04C13D01,"100\n\n90\n\n80\n\n70\n\n60","< 번역 누락 : 0x04C13D01 >"
0x04FE1D65,"INDESTRUCTIBLE","불 사 신"
0x051BCAC1,"Senior Advertising Manager","< 번역 누락 : 0x051BCAC1 >"
0x0526937F,"PERSONAL JOURNAL","개 인 기 록"
0x0537B3EF,"Credits","제 작 진"
0x0578B296,"Assistant Test Leads","< 번역 누락 : 0x0578B296 >"
0x058DFF78,"UK Product Manager","< 번역 누락 : 0x058DFF78 >"
0x058DFF7D,"UK Public Relations","< 번역 누락 : 0x058DFF7D >"
0x05B11B7E,"Key to the Sleep Block elevators.","< 번역 누락 : 0x05B11B7E >"
0x060500C7,"%1 appears to be damaged, are you sure you want to overwrite this data?","< 번역 누락 : 0x060500C7 >"
0x06245AB7,"Weapon Slot Right","무 기 칸 오 른 쪽"
0x062F17EA,"Use Kinesis Module","유 도 장 비 사 용"
0x0661CB1C,"There's Always Peng!","< 번역 누락 : 0x0661CB1C >"
0x0669FDE3,"N/A","< 번역 누락 : 0x0669FDE3 >"
0x067406F1,"LOAD?","실 행 ?"
0x06817817,"EXECUTIVE AREA UNLOCKED","간 부 구 역 해 제"
0x06E252C7,"Additional Art","< 번역 누락 : 0x06E252C7 >"
0x07118E3B,"Create the Poison","독극물을 만들어라"
0x0733C97D,"Keith Mutzman","< 번역 누락 : 0x0733C97D >"
0x078F2EA6,"Now that the ship has fuel and the centrifuge is working, I just have to re-engage the engines from the Engine Room.  The automatic navigation systems should then correct our orbit.","엔진을 가동하면 자동항해장치가 궤도를 수정할 것이다."
0x07AE824C,"DURATION","지속시간"
0x07E2F716,"PAYLOAD 8772 LAUNCHED","< 번역 누락 : 0x07E2F716 >"
0x07EF581C,"Wright Bagwell","< 번역 누락 : 0x07EF581C >"
0x07F677D9,"Would you like to install the latest EA Download Manager?  If you do not install the latest EA Download Manager, patches and certain features cannot be delivered to your machine.\n","< 번역 누락 : 0x07F677D9 >"
0x08222C2F,"Senior Global VP, EA Games Label Marketing","< 번역 누락 : 0x08222C2F >"
0x08AFD73F,"[Navigate]Navigate","< 번역 누락 : 0x08AFD73F >"
0x0918CD61,"[Activate]","< 번역 누락 : 0x0918CD61 >"
0x096A3A3C,"Tram Station","정 거 장"
0x096A3A3D,"Security Station","보 안 구 역"
0x096A3A3E,"Main Lab","주 연 구 실"
0x096A3A3F,"Bio Lab","생체 연구실"
0x096A3A40,"Clinic","진 료 실"
0x096A3A41,"Emergency Room","응 급 실"
0x096A3A42,"Morgue","영 안 실"
0x096A3A43,"Imaging Diagnostics","영 상 진 단 실"
0x096A3A44,"Zero-G Therapy Hallway","무중력 치료실 복도"
0x09778195,"Senior Gameplay Engineering","< 번역 누락 : 0x09778195 >"
0x0996DCE2,"[Aim_Mode]","< 번역 누락 : 0x0996DCE2 >"
0x0A22BEBB,"Go to the Medical Deck","의료 구역으로 가라"
0x0A34D7B8,"Diagnostics Scanner Now Online. Begin Scan?","< 번역 누락 : 0x0A34D7B8 >"
0x0A6BBF05,"MAINTENANCE BAY KEY","관리구역 열쇠"
0x0A92FBE4,"[Quick_Health]","< 번역 누락 : 0x0A92FBE4 >"
0x0A94AE9A,"Sound Designers","< 번역 누락 : 0x0A94AE9A >"
0x0B2139E9,"Italian Product Manager","< 번역 누락 : 0x0B2139E9 >"
0x0B2139EE,"Italian Public Relations","< 번역 누락 : 0x0B2139EE >"
0x0B4388B5,"Retrieve the Captain's RIG","선장의 RIG를 회수하라"
0x0B56C2DE,"When an immense mining ship, the USG Ishimura, comes into contact with a mysterious alien artifact in a remote star system, its communications with Earth are mysteriously cut off. Engineer Isaac Clarke is sent to repair the Ishimura's communications array, but he arrives to find a living nightmare-the ship is a floating bloodbath, the crew unspeakably mutilated and infected by an ancient alien scourge. Clarke's repair mission becomes one of survival as he fights not just to save himself, but to return the artifact to the planet ... at any cost.","< 번역 누락 : 0x0B56C2DE >"
0x0B6303DE,"New Save","< 번역 누락 : 0x0B6303DE >"
0x0B8D9991,"(Excerpts from THE FALSE MESSIAH, a book banned on Earth and most colonies)\n\nA RELIGION IS BORN\n\nWhen Michael Altman went public with his research on the Black Marker, the world was teetering on the brink of self-destruction. Many people, myself included, felt civilization was at an end. We couldn't change the world by ourselves and most of us didn't want to. What Altman offered us, this chance at a rebirth for humanity, was exactly what our hungry, empty souls were looking for.\n\n","< 번역 누락 : 0x0B8D9991 >"
0x0B9DC9B5,"NEW ALLY?","새 로 운 동 맹 ?"
0x0BDB005D,"MIXING COMPLETE","혼 합 완 료"
0x0BDB27CE,"Anja Heppelmann","< 번역 누락 : 0x0BDB27CE >"
0x0BE86E0D,"AIM THE ADS CANNON","A D S 캐 논 조 준"
0x0C29C0CB,"Aim Mode Controls","조 준 키 설 정"
0x0C46ADD1,"SOB OVERRIDE","개 자 식"
0x0C659638,"Scroll Lock","< 번역 누락 : 0x0C659638 >"
0x0C86F791,"REPAIR THE TRAM SYSTEM","전 동 차 복 구"
0x0C8FB76B,"Senior Publicist","< 번역 누락 : 0x0C8FB76B >"
0x0C9F5D66,"EILEEN","아 일 린"
0x0CA60F2F,"SINGULARITY CORE","특 이 성 코 어"
0x0CA69928,"[UI_Select]Continue","< 번역 누락 : 0x0CA69928 >"
0x0CB80C0F,"CENTRIFUGE OFFLINE","< 번역 누락 : 0x0CB80C0F >"
0x0CBF7263,"Yang Qing Hua","< 번역 누락 : 0x0CBF7263 >"
0x0D301733,"Veerle Taeye","< 번역 누락 : 0x0D301733 >"
0x0D4E64E3,"With the DNA combined with Kendra's chemical mixture, I just need to run it through the chemical station again to create the poison.","독극물을 만들려면 화학실로 돌아가야한다."
0x0D8B8DEE,"Dom Regan","< 번역 누락 : 0x0D8B8DEE >"
0x0D8D3DA7,"Save your game and Load it again to play another Round with all of your equipment.","게임을 저장하고 다시 불러오면 처음부터 장비를 모두 가지고 플레이할 수 있습니다."
0x0E3C07DA,"This product contains software technology licensed from On2 Technologies, Inc.","< 번역 누락 : 0x0E3C07DA >"
0x0E54B935,"Open the Hangar Door","격납고 문을 열어라"
0x0E9BA8C6,"Gondola","곤 돌 라"
0x0EC4759C,"Press new key / button","새로운 키/버튼을 누르시오"
0x0EC83B53,"Rene Apperly","< 번역 누락 : 0x0EC83B53 >"
0x0EC83B54,"James Arup","< 번역 누락 : 0x0EC83B54 >"
0x0EC83B55,"Sherwyn Augustus","< 번역 누락 : 0x0EC83B55 >"
0x0EC83B56,"Earl Baker","< 번역 누락 : 0x0EC83B56 >"
0x0EC83B57,"Stephen Baker","< 번역 누락 : 0x0EC83B57 >"
0x0EC83B58,"Dave Beck","< 번역 누락 : 0x0EC83B58 >"
0x0EC83B59,"James Bolton","< 번역 누락 : 0x0EC83B59 >"
0x0EC83B5A,"Matt Bright","< 번역 누락 : 0x0EC83B5A >"
0x0EC83B5B,"Phil Brown","< 번역 누락 : 0x0EC83B5B >"
0x0F1AF918,"MEDIUM AIR CAN","중형 산소통"
0x0F29932C,"DELETE","삭 제"
0x0F2FECFB,"Daniele Siciliano","< 번역 누락 : 0x0F2FECFB >"
0x0F4A3733,"STASIS PACK","감속장비 팩"
0x0F506477,"Aim Mode","조 준"
0x0F53C263,"QA Project Lead","< 번역 누락 : 0x0F53C263 >"
0x0F8C6D2A,"RIPPER BLADES\nSchematic Acquired\nDownload at the Store","리퍼날 설계도 획득"
0x0F9F13A3,"BEACON RECOVERED","신 호 기 회 수"
0x0FC6EFD6,"NAV CARD 3","운 항 카 드 3"
0x0FCE73F8,"Air Timer","에어 타이머"
0x0FCE73F9,"AIR CANISTERS","< 번역 누락 : 0x0FCE73F9 >"
0x0FD78203,"[MapZoomIn]Zoom In","< 번역 누락 : 0x0FD78203 >"
0x101508E9,"The captain's body made it down to the morgue, probably before the ship was totally compromised.  Nicole worked on this deck.  Maybe I can find something...anything showing that she's still alive.","선장의 시체는 영안실에 있다."
0x101FD27A,"This is USM Valor, widecasting on all frequencies to USG Ishimura in response to your SOS. We've picked up your escape pod number 47, and are en route to your position. This message will repeat every thirty seconds until you respond.","여기는 밸러.조난신호를 받고 모든 주파수로 이시무라에 송신중이다.우린 거기 47번 탈출포드를 회수하였고 지금 그리로 가고있다.이 메세지는 응답할때 까지 30초 마다 반복될 것이다."
0x101FD2A9,"Ka... What...","크…뭐야-"
0x1023D3A7,"This is Commander Cadigan! We have hostiles on board! This is NOT a drill! Hostiles are alien, repeat, ALIEN and extremely dangerous! All personnel have weapons ready and fire at will!","카디간 사령관이다!적의 칩입이다,이건 실제 상황이다!적은 외계인이다.극도로 위험한 놈들이다!전 대원,무기를 장전하고 즉시 사살하라!"
0x103D9D27,"CONTROL MODULE PLACED","조 종 장 치 수 정"
0x10478F37,"English","< 번역 누락 : 0x10478F37 >"
0x104C8379,"Zero-G Jump","무 중 력 점 프"
0x106CE7A0,"POWER CELL ENGAGED","파 워 셀 연 결"
0x1070F0F8,"Rd","< 번역 누락 : 0x1070F0F8 >"
0x10CA92FA,"Kinesis Symbol","유도장비 표식"
0x10D2E854,"Backspace","< 번역 누락 : 0x10D2E854 >"
0x10DC26AB,"TRAM STATUS","전 동 차"
0x10E9F23B,"[Use]Use","< 번역 누락 : 0x10E9F23B >"
0x10ED8F7F,"STASIS MODULE","감 속 장 비"
0x11095542,"INTERESTING RESULTS","흥 미 로 운 결 과"
0x11192140,"Live With The Hot Ones","< 번역 누락 : 0x11192140 >"
0x11208819,"Michael Gagnon","< 번역 누락 : 0x11208819 >"
0x1120881A,"Ashley Liu","< 번역 누락 : 0x1120881A >"
0x11A63A80,"Luciana Stella Boscaratto","< 번역 누락 : 0x11A63A80 >"
0x11D9BE00,"Complete Chapter 3 on any difficulty setting","< 번역 누락 : 0x11D9BE00 >"
0x11F450F4,"Hard","어 려 움"
0x1223E7DC,"MEDIUM MED PACK","중형 회복제"
0x1246B93F,"SCANNER ONLINE","< 번역 누락 : 0x1246B93F >"
0x126B8134,"Accept","< 번역 누락 : 0x126B8134 >"
0x12A75996,"Scott Gamel","< 번역 누락 : 0x12A75996 >"
0x12AFBDDC,"Print Screen","< 번역 누락 : 0x12AFBDDC >"
0x12E05E17,"I'm trying!","< 번역 누락 : 0x12E05E17 >"
0x12FA53E0,"STAND BY","점 검 중"
0x130D9B20,"The beacon's in place!  Just need to get to the Control Room and launch the asteroid off the ship.","통제실에서 소행성을 발사시킬수 있다."
0x1356503B,"Go to the Medical Deck","의료 구역으로 가라"
0x1378D2BB,"TERRIBLE MISTAKE","끔 찍 한 실 수"
0x1396F21F,"CHEMICAL CAPSULE","약 품 캡 슐"
0x13AEADB8,"Destroy the Poison Pods (1)","< 번역 누락 : 0x13AEADB8 >"
0x13AEADB9,"Destroy the Poison Pods (2)","< 번역 누락 : 0x13AEADB9 >"
0x13AEADBA,"Destroy the Poison Pods (3)","< 번역 누락 : 0x13AEADBA >"
0x13AEADBB,"Destroy the Poison Pods (4)","< 번역 누락 : 0x13AEADBB >"
0x13AEADBC,"Destroy the Poison Pods (5)","< 번역 누락 : 0x13AEADBC >"
0x13AEADBD,"Destroy the Poison Pods (6)","< 번역 누락 : 0x13AEADBD >"
0x13AEADBE,"Destroy the Poison Pods (7)","< 번역 누락 : 0x13AEADBE >"
0x13AEADBF,"Destroy the Poison Pods (8)","< 번역 누락 : 0x13AEADBF >"
0x13DBDCE8,"CROSS REPORT 1","크 로 스 의 기 록 1"
0x14209390,"DATA BOARD INSTALLED","데이터보드 설치 완료"
0x1440E61C,"Secondary Fire","보 조 공 격"
0x14A0BAB5,"Additional Environment Art","< 번역 누락 : 0x14A0BAB5 >"
0x14A8E4D6,"F1","< 번역 누락 : 0x14A8E4D6 >"
0x14A8E4D7,"F2","< 번역 누락 : 0x14A8E4D7 >"
0x14A8E4D8,"F3","< 번역 누락 : 0x14A8E4D8 >"
0x14A8E4D9,"F4","< 번역 누락 : 0x14A8E4D9 >"
0x14A8E4DA,"F5","< 번역 누락 : 0x14A8E4DA >"
0x14A8E4DB,"F6","< 번역 누락 : 0x14A8E4DB >"
0x14A8E4DC,"F7","< 번역 누락 : 0x14A8E4DC >"
0x14A8E4DD,"F8","< 번역 누락 : 0x14A8E4DD >"
0x14A8E4DE,"F9","< 번역 누락 : 0x14A8E4DE >"
0x14B7E8C6,"Up Arrow","방향키 위"
0x14B99C13,"Oxygen Canister","< 번역 누락 : 0x14B99C13 >"
0x14B99C14,"AUDIO LOG","음 성 기 록"
0x14B99C17,"FLAME FUEL","기름통"
0x14B99C18,"Medical Supplies","의 료 품"
0x14B99C19,"POWER NODE","파 워 노 드"
0x14B99C1A,"PLASMA ENERGY","플라즈마"
0x14B99C1B,"THERMITE BOMB","고열폭탄"
0x14BA9C51,"TRAM DATA BOARD","데이터보드"
0x14BA9C52,"TEXT LOG","문 서 기 록"
0x14BA9C53,"VIDEO LOG","영 상 기 록"
0x14BA9C55,"SCHEMATIC","설 계 도"
0x14BA9C56,"STASIS BATTERY","감 속 배 터 리"
0x14BA9C57,"CONTACT ENERGY","컨택트 에너지"
0x14BA9C58,"CURRENCY","< 번역 누락 : 0x14BA9C58 >"
0x14BA9C59,"LINE RACKS","라 인 랙"
0x14BEF59D,"Schematics","설 계 도"
0x14CB978C,"Marksman","< 번역 누락 : 0x14CB978C >"
0x14CF8B3A,"Beat the game using only the Plasma Cutter","< 번역 누락 : 0x14CF8B3A >"
0x1516B7E1,"Medium air canister that replenishes the air meter.","산소미터 보충용 일반 산소통"
0x1525F71D,"Clayton Vaught","< 번역 누락 : 0x1525F71D >"
0x153D051E,"Power Cell","< 번역 누락 : 0x153D051E >"
0x1545F5FC,"Restores Stasis Energy.","감속장비의 에너지 충전"
0x159C2B42,"RIPPER","리 퍼"
0x15AA226E,"Development Director - Outsourcing","< 번역 누락 : 0x15AA226E >"
0x15ADC9BB,"USG ISHIMURA\nStore & Exchange","< 번역 누락 : 0x15ADC9BB >"
0x15B3249B,"Development Manager - Environments","< 번역 누락 : 0x15B3249B >"
0x15B324A5,"Development Manager - Outsourcing","< 번역 누락 : 0x15B324A5 >"
0x15BB149F,"Switch Weapons","무 기 바 꾸 기"
0x15C2AE9F,"Holo-card containing shuttle navigation data.","< 번역 누락 : 0x15C2AE9F >"
0x15D43F26,"There are power junctions scattered around the Bridge.  I can hack into them and redistribute power to the ADS system.  Then Hammond can start it up and the ship will be protected from the asteroid bombardment.","배선함은 브릿지에 분포해 있다."
0x15D4D48F,"PULSE ROUNDS\nSchematic Acquired\nDownload at the Store","펄스 라운드 설계도 획득"
0x165CE976,"Thomas Holt","< 번역 누락 : 0x165CE976 >"
0x167950E3,"David Kuo","< 번역 누락 : 0x167950E3 >"
0x167950E4,"Minkz Ngo","< 번역 누락 : 0x167950E4 >"
0x16D08FCD,"Matthew Kile","< 번역 누락 : 0x16D08FCD >"
0x16D08FCE,"Brian Battistini","< 번역 누락 : 0x16D08FCE >"
0x16E94E48,"N/A","< 번역 누락 : 0x16E94E48 >"
0x1749F2EE,"Shereif Fattouh","< 번역 누락 : 0x1749F2EE >"
0x17C12BB1,"\nShuttles 04 and 05 both needed repairs after going planetside. Pilots have been telling me all kinds of stories about what's going on down in the colony. A couple of murders, half the place is on antidepressants or sleeping pills, and everyone is ""jumpy as hell"", quote one PiC. Love to know what they've got against my shuttles, that's for sure.","< 번역 누락 : 0x17C12BB1 >"
0x17D6223A,"Community Manager","< 번역 누락 : 0x17D6223A >"
0x17F623AC,"QA Support","< 번역 누락 : 0x17F623AC >"
0x181FA6A5,"Medical gel pack that restores a medium amount of health.","절반의 체력을 치료해주는 회복제."
0x183A481D,"Deactivate\ngravity","중 력 중 지"
0x185F6261,"Alvin Jean-Baptiste","< 번역 누락 : 0x185F6261 >"
0x185F6262,"Dan Lazzari","< 번역 누락 : 0x185F6262 >"
0x185F6263,"Michael Lynch","< 번역 누락 : 0x185F6263 >"
0x185F6264,"Shane Moyer","< 번역 누락 : 0x185F6264 >"
0x185F6265,"Jonathan Olazabal","< 번역 누락 : 0x185F6265 >"
0x185F6266,"Theodore Serefica","< 번역 누락 : 0x185F6266 >"
0x18678897,"[Tumble]Tumble     [MapZoomIn]Zoom In     [MapZoomOut]Zoom Out     [Paths]Paths     [Exit_Rig]Exit","< 번역 누락 : 0x18678897 >"
0x186C287D,"Catch a Brute or Leviathan Pod using Kinesis","< 번역 누락 : 0x186C287D >"
0x197176BF,"(Mining tool)","< 번역 누락 : 0x197176BF >"
0x19A0B2EB,"Mark Johnson","< 번역 누락 : 0x19A0B2EB >"
0x19A0B2EC,"Josh Riemersma","< 번역 누락 : 0x19A0B2EC >"
0x1A410994,"Chapter 5: Lethal Devotion","< 번역 누락 : 0x1A410994 >"
0x1A805D46,"The shuttle should be operational now, but I should test fire the engines to ensure flight readiness before Kyne gets here.","비행준비를 위해 점화테스트를 해야 할 것이다."
0x1A8422D2,"ACTIVATE AIR RECYCLE SYSTEM","순 환 시 스 템 작 동"
0x1ACC73CF,"Extras","< 번역 누락 : 0x1ACC73CF >"
0x1ACCDE20,"LEVEL 3 SUIT","레벨 3 보호복"
0x1ADA72DD,"[Tumble]Tumble","< 번역 누락 : 0x1ADA72DD >"
0x1AEF94E9,"OBJECTIVE\nACTIVE","목 표 복 구"
0x1AF51B3C,"Vsync","수 직 동 기 화"
0x1AF73328,"RIPPER BLADES","리 퍼 날"
0x1B08E607,"Quarantine lifted.","격리가 해제되었습니다."
0x1B093508,"Michael Kukawski","< 번역 누락 : 0x1B093508 >"
0x1B093509,"Martin Liska","< 번역 누락 : 0x1B093509 >"
0x1B09350A,"Rute Ribeiro","< 번역 누락 : 0x1B09350A >"
0x1B09350B,"Martin Zimmerman","< 번역 누락 : 0x1B09350B >"
0x1B2A7EA4,"SECRET LAB REVEALED","비 밀 연 구 실"
0x1B5D0274,"VP, EA Redwood Shores Marketing","< 번역 누락 : 0x1B5D0274 >"
0x1B937563,"I can dispense the poison through the filtration system of Food Storage.  It should kill anything alive inside.","음식물 여과장치에 캡슐을 주입해야한다."
0x1B97EA0B,"Remote industrial saw.","공업용 원격조종 톱"
0x1B98788F,"CLEARED GAME","완 료 한 게 임"
0x1BAD2B70,"Senior Animators","< 번역 누락 : 0x1BAD2B70 >"
0x1BC4FB64,"POISON CAPSULE","독 극 물 캡 슐"
0x1BE29F59,"INVENTORY","가 방"
0x1BF35157,"LOADING SCHEMATIC","설 계 도 읽 는 중"
0x1C11A854,"Explosive Device created from Thermite and a Shock Pad.","폭약과 충격기로 만들어진 폭파장비"
0x1C26CA8E,"FOOD FILTER","음식물 정화장치"
0x1C28E65E,"Activate\ngravity","< 번역 누락 : 0x1C28E65E >"
0x1C2B74E4,"Load Game","불 러 오 기"
0x1C8C4892,"Options","설 정"
0x1CADD956,"HIVE MIND GLIMPSE","하 이 브 마 인 드 영 상"
0x1CE07E4A,"CLAW DISENGAGED","기계팔 해제"
0x1CF40F16,"Take Marker to Pedestal Site","마커를 받침대로 가져가라"
0x1D324156,"Development Director","< 번역 누락 : 0x1D324156 >"
0x1D3E4453,"Project Manager","< 번역 누락 : 0x1D3E4453 >"
0x1D6E80F9,"Tram Station","정 거 장"
0x1D6E80FA,"Security Station","보 안 구 역"
0x1D6E80FD,"Clinic","진 료 실"
0x1D6E80FE,"Emergency Room","응 급 실"
0x1D6E80FF,"Clinic","진 료 실"
0x1D6E8100,"Imaging Diagnostics","영 상 진 단 실"
0x1D6E8101,"Chemical Lab Hall","화 학 연 구 실 현 관"
0x1DB2EC3E,"ACTIVATE?","작 동 ?"
0x1DFC6D38,"Exodus","< 번역 누락 : 0x1DFC6D38 >"
0x1E893A07,"Visual Effects Artists","< 번역 누락 : 0x1E893A07 >"
0x1EE8639A,"LEVEL 01","01-층"
0x1EE8639B,"LEVEL 02","02-층"
0x1EE8639C,"LEVEL 03","03-층"
0x1F0256DE,"<Insert display string text>","< 번역 누락 : 0x1F0256DE >"
0x1F2497CD,"AIR PURITY LEVEL","-공 기 순 도 수 준-"
0x1F3409A8,"No","아니오"
0x1F44C675,"Exiting vacuum.","< 번역 누락 : 0x1F44C675 >"
0x1F45AB2F,"Deleting %1. Please don't turn off your PC.","< 번역 누락 : 0x1F45AB2F >"
0x1F4C21CB,"GRAVITY CONTROL","중 력 조 종"
0x1F4FA1DB,"Escape from a Lurker's grab attack 10 times","< 번역 누락 : 0x1F4FA1DB >"
0x1F7FA537,"USG Ishimura Store & Exchange","< 번역 누락 : 0x1F7FA537 >"
0x1F8898F3,"Normal","보 통"
0x1FFB1BF7,"NEEDED","필수품"
0x20053F96,"Restore Gravity to the Hangar Bay","격납고의 중력을 회복시켜라"
0x20329623,"DECK A: PREPARATION","< 번역 누락 : 0x20329623 >"
0x2067C4F9,"Engine Room","엔 진 실"
0x2067C4FA,"Engine Hall","엔 진 실 현 관"
0x2067C4FB,"Corridors","통 로"
0x2067C4FC,"Engine Corridors","엔 진 실 통 로"
0x2067C4FD,"Armory Corridors","무 기 고 통 로"
0x2067C4FE,"Barracks","막 사"
0x2067C500,"Infirmary","의 무 실"
0x2067C501,"Starboard Corridors","우 현 통 로"
0x20C89CE9,"Increases Inventory slots and Armor.","가방의 용량과 방어력이 증가한다."
0x2101FE12,"Left Arrow","방향키 왼쪽"
0x210725C6,"Art Director","< 번역 누락 : 0x210725C6 >"
0x21376CE8,"TRAM CALL","호 출"
0x214CF6B8,"Juan Larrauri","< 번역 누락 : 0x214CF6B8 >"
0x2152ABA0,"The military ship...it slammed into the Ishimura.  Maybe some of the marines are still alive and can help...but somehow I doubt it.  Hammond says he found a shuttle on the Crew Deck.  I need to salvage a Singularity Core out of the military ship to repair the shuttle.  There is still hope, slim though it may be...","특이성 코어를 찾아야 한다.아직 희망은 있다."
0x2183448D,"This will upgrade your ENERGY by %g pts.","< 번역 누락 : 0x2183448D >"
0x2187E5AB,"Look for blue holograms to activate.","파란색 홀로그램을 찾아 작동시킨다"
0x219095E1,"Store 25 Items in the Safe","보관함에 아이템 25개 저장"
0x219479E5,"Niu Jiang Bo","< 번역 누락 : 0x219479E5 >"
0x219479E6,"Liu Chi","< 번역 누락 : 0x219479E6 >"
0x219479E7,"Ren Bao Hong","< 번역 누락 : 0x219479E7 >"
0x219479E8,"Jia Jian Jun","< 번역 누락 : 0x219479E8 >"
0x219479E9,"Xie Jin Lai","< 번역 누락 : 0x219479E9 >"
0x219479EA,"Sun Liang","< 번역 누락 : 0x219479EA >"
0x219479EB,"Zhang Ran","< 번역 누락 : 0x219479EB >"
0x219479EC,"Zhang Wei","< 번역 누락 : 0x219479EC >"
0x219479ED,"Hu Yang","< 번역 누락 : 0x219479ED >"
0x21B6C4BF,"ACTIVATE LOADER","- 운 반 기 작 동 -"
0x21B6C4C0,"RETRIEVING CARGO","-화 물 회 수 중-"
0x21B6C4C1,"LOADER OFFLINE","운 반 기 작 동 중 지"
0x21B9FAD0,"(From a CEC-sponsored article in the publication, Amazing Universe)\n\nAs many of our older readers may recall, resource management on Earth and on the colonies was not always as streamlined as it is today. There was a time when needs could barely be met by the now-extinct resources of Earth and the dwindling supplies of the colonies. Looking to the stars for additional resources is nothing new, but at the time only smaller ships were shockpoint-able and they were insufficient at keeping up with demand.\n\nEnter the Ishimura.\n\n","< 번역 누락 : 0x21B9FAD0 >"
0x21C23DB9,"Legend Teller","< 번역 누락 : 0x21C23DB9 >"
0x21C29C5D,"Vibration","진 동"
0x21CB1DA5,"There is not enough free space to save data.","저장할 공간이 부족합니다."
0x2205F52C,"Use Run to move quickly.","달리기로 빠른 이동이 가능하다."
0x2214CF4C,"ADS ONLINE","A D S 작 동"
0x22166C4D,"Freeze","< 번역 누락 : 0x22166C4D >"
0x222D3521,"POISON COMPLETE","독 극 물 완 성"
0x222F9829,"[LDLeft]","< 번역 누락 : 0x222F9829 >"
0x22680744,"No data detected in slot.","슬롯에 데이터가 없습니다."
0x22729448,"\n","< 번역 누락 : 0x22729448 >"
0x22730F10,"LOCK BYPASSED","잠 금 해 제"
0x228404AD,"Shoot the limbs off of enemies for extra damage.","사지절단으로 더 큰 피해를 줄 수 있다."
0x22B358D0,"FOUND THE DATA BOARD","데이터보드 발견"
0x22C9761D,"C'mon! C'mon! Let me out! Nooooo...","여기에요!빨리! 내보내줘요! 으악-!"
0x22CBBEA5,"COLONIST PROBLEMS","콜 로 니 인 의 문 제"
0x2302142E,"Use the Map Screen to check objectives and important locations.","지도를 통해 목표와 중요한 위치를 알 수 있다."
0x230F8273,"Continue Game","계 속 하 기"
0x23167016,"Release the Shuttle","우주선의 고정 장치를 풀어라"
0x236E5E6C,"Kanji","< 번역 누락 : 0x236E5E6C >"
0x238023AF,"Use the Locator System to find your next objective.","추적장치로 다음 목표를 알 수 있다."
0x23C13441,"EA Certification","< 번역 누락 : 0x23C13441 >"
0x23E2845B,"FLAME FUEL","기름통"
0x23F0A0FD,"Liu Bo Jian","< 번역 누락 : 0x23F0A0FD >"
0x23FE3330,"Buy new weapons and items at the Store, and place extra items in the Safe.","상점에서 새 무기와 아이템을 구매하고 보관할 수 있다."
0x24194FA6,"Kendra thinks she can create an agent that will poison and kill the creature on Hydroponics that is contaminating the life support system.  Bio-chemistry is a little out of my field.  I'll have to trust her.","생화학은 내 전공이 아니다.켄드라를 믿는수 밖에…"
0x243E57FE,"S.O.S.","< 번역 누락 : 0x243E57FE >"
0x246ECAAE,"Chapter 10:\nEnd of Days","< 번역 누락 : 0x246ECAAE >"
0x246ECAAF,"Chapter 11:\nAlternate Solutions","< 번역 누락 : 0x246ECAAF >"
0x246ECAB0,"Chapter 12:\nDead Space","< 번역 누락 : 0x246ECAB0 >"
0x247C42B1,"Conserve ammo by dismembering enemy limbs and doing extra damage.","사지를 잘라내어 추가 피해를 주고 탄약을 아낄 수 있다."
0x2490149A,"Yuki Yao","< 번역 누락 : 0x2490149A >"
0x249C4292,"Dismember 1000 Limbs","1000 개 의 사 지 절 단"
0x24F21F7C,"Gravity tethers engaged. Automatic docking procedure is go.","중력올가미 전개.자동도킹 시작."
0x24F21F7E,"Sir! The autodock-","이런!자동도킹이--"
0x24F21F80,"We're off-track! We're going to hit the hull!","궤도이탈!외벽에 충돌합니다!"
0x251306E9,"Senior Localization Testers","< 번역 누락 : 0x251306E9 >"
0x2589EDFD,"Foot Stomp","발 구 르 기"
0x258E7437,"Senior QA Director","< 번역 누락 : 0x258E7437 >"
0x25B1302D,"Chapter","< 번역 누락 : 0x25B1302D >"
0x25B30F0D,"HAMMOND'S ALIVE","헤 먼 드 의 생 존"
0x25BCF397,"Dead Space IP3","< 번역 누락 : 0x25BCF397 >"
0x25CB74E2,"CLEAR THE BOULDERS","바 위 제 거"
0x2649326C,"Nathalie Bonin","< 번역 누락 : 0x2649326C >"
0x2669FE66,"REPORT FROM KENDRA","켄 트 라 의 보 고"
0x267548F4,"Laurent Benes","< 번역 누락 : 0x267548F4 >"
0x267548F5,"Simon Everett","< 번역 누락 : 0x267548F5 >"
0x267548F6,"John Geraci","< 번역 누락 : 0x267548F6 >"
0x267548F7,"Benjamin Guihaire","< 번역 누락 : 0x267548F7 >"
0x267548F8,"Dan Hamel","< 번역 누락 : 0x267548F8 >"
0x267548F9,"Jeffrey Litz","< 번역 누락 : 0x267548F9 >"
0x267548FA,"Stuart McVicar","< 번역 누락 : 0x267548FA >"
0x267548FB,"Erik Strickland","< 번역 누락 : 0x267548FB >"
0x267548FC,"Ewen Vowels","< 번역 누락 : 0x267548FC >"
0x26EDD962,"ACTIVE","< 번역 누락 : 0x26EDD962 >"
0x270887EA,"RUN!","뛰어!"
0x27286B63,"Begin cryo process","냉 동 작 업 시 작"
0x2728D5D0,"Chapter 12: Dead Space","< 번역 누락 : 0x2728D5D0 >"
0x2729ED8E,"CLAW ENGAGED","기계팔 연결"
0x2735B681,"NEWBORNS","신 생 아"
0x2749EFF6,"Ron Andaya","< 번역 누락 : 0x2749EFF6 >"
0x278A7862,"12","< 번역 누락 : 0x278A7862 >"
0x27C53121,"PULSE ROUNDS","펄스 라운드"
0x281D4639,"COMPLETED","임 무 완 료"
0x285FD9F3,"PULSE ROUNDS","펄스 라운드"
0x28C56DC6,"Nicole's alive!  I don't know how she tracked me here, and I don't care.  Kendra betrayed me...this whole time, she was some kind of covert agent.  She's murdered Kyne and taken the Marker and the Shuttle.  If Nicole can help me get the Marker back, I still might be able to end this nightmare.","니콜이 살아있다! 켄드라가 배신하다니…"
0x28DB44C5,"Dan Green","< 번역 누락 : 0x28DB44C5 >"
0x2901F495,"Senior Environment Artists","< 번역 누락 : 0x2901F495 >"
0x290611A7,"Jonathan Hackett","< 번역 누락 : 0x290611A7 >"
0x290611A8,"Chi-Wai Lao","< 번역 누락 : 0x290611A8 >"
0x290611A9,"Stephen Tang","< 번역 누락 : 0x290611A9 >"
0x290611AA,"Gil Valadez","< 번역 누락 : 0x290611AA >"
0x2945C2B0,"PERSONAL LOG\nDR. KYNE, T. (CHIEF SCIENCE OFFICER)\nThe vidlogs from the colony are poor quality, but the artifact does indeed appear to be a genuine Marker, the first to be found in Unitology's two hundred year history. I'm eager to get it on board the ship so I can study it properly.\n\nThe potential here is enormous. Not just for me personally, though it's true I've dreamed of such a discovery for decades. But also to humanity, and the Church of Unitology in particular. \n\nThis Marker could herald the dawn of a new age for mankind, and I will do my part to ensure it comes to pass. I know the Church will be grateful, but the true recognition will come from all of humanity. On this day, we are blessed.","< 번역 누락 : 0x2945C2B0 >"
0x294A9D23,"Reset to default","기 본 값 으 로"
0x29A533FA,"KENDRA HEADING TO FLIGHT","켄 드 라"
0x29ACC169,"Kill the Leviathan","거대괴물을 제거하라"
0x29AF9B97,"Ripper Energy Schematic","리퍼 에너지 설계도"
0x29D885E3,"Mined asteroids are held in place by gravity tether beams.  I need to disable all of them in order to launch the asteroid away from the ship.  A clean shot past their outer casing should do the trick.","소행성이 중력올가미에 묶여있다."
0x29DE4324,"Ammo for the Flamethrower.","화염 방사기의 연료"
0x29F70BDE,"Laura Larson","< 번역 누락 : 0x29F70BDE >"
0x29FAFF42,"Senior QA Manager","< 번역 누락 : 0x29FAFF42 >"
0x2A083E27,"CROSS REPORT 2","크 로 스 의 기 록 2"
0x2A089E91,"QA Shared Services Manager","< 번역 누락 : 0x2A089E91 >"
0x2A31A630,"Ragdoll Check","< 번역 누락 : 0x2A31A630 >"
0x2A356CBE,"PROCESSING ROOM PROBLEM","처 리 실 문 제"
0x2A37CFAD,"shots left","< 번역 누락 : 0x2A37CFAD >"
0x2A648A5C,"Starting Game.  Level 1.","게임 시작.레벨 1."
0x2A648A8D,"Level 2","< 번역 누락 : 0x2A648A8D >"
0x2A648A8E,"Level 3","< 번역 누락 : 0x2A648A8E >"
0x2A658A97,"Level 4","< 번역 누락 : 0x2A658A97 >"
0x2A658A98,"Level 5","< 번역 누락 : 0x2A658A98 >"
0x2A658A99,"Level 6","< 번역 누락 : 0x2A658A99 >"
0x2A658A9A,"Level 7","< 번역 누락 : 0x2A658A9A >"
0x2A658A9B,"Level 8","< 번역 누락 : 0x2A658A9B >"
0x2A658A9C,"Level 9","< 번역 누락 : 0x2A658A9C >"
0x2A658A9D,"Level 10","< 번역 누락 : 0x2A658A9D >"
0x2A658A9E,"Level 11","< 번역 누락 : 0x2A658A9E >"
0x2A658A9F,"Level 12","< 번역 누락 : 0x2A658A9F >"
0x2A658AA0,"Level 13","< 번역 누락 : 0x2A658AA0 >"
0x2A658AC8,"Level 14","< 번역 누락 : 0x2A658AC8 >"
0x2A658AC9,"Level 15","< 번역 누락 : 0x2A658AC9 >"
0x2A658ACA,"Level 16","< 번역 누락 : 0x2A658ACA >"
0x2A658ACB,"Level 17","< 번역 누락 : 0x2A658ACB >"
0x2A658ACC,"Level 18","< 번역 누락 : 0x2A658ACC >"
0x2A658ACD,"Level 19","< 번역 누락 : 0x2A658ACD >"
0x2A668AD6,"Level 20","< 번역 누락 : 0x2A668AD6 >"
0x2A678B1B,"Game Over!","< 번역 누락 : 0x2A678B1B >"
0x2A88ABB7,"SHOP","구 매"
0x2A9D7DFE,"Exit to Windows","나 가 기"
0x2AA6C7AB,"TEMPLE REPORT 1","템 플 의 보 고 1"
0x2AB08DC1,"Goal!","골 인!"
0x2AB18DCB,"Good Game Isaac Clarke.","< 번역 누락 : 0x2AB18DCB >"
0x2AB7CA72,"[LStick]","< 번역 누락 : 0x2AB7CA72 >"
0x2ABF23F5,"[Mouse_Cancel]BACK","< 번역 누락 : 0x2ABF23F5 >"
0x2AC43EBA,"Find The S.O.S. Beacon","구조 신호 장치를 찾아라"
0x2AD23F00,"//save game","// 저 장"
0x2AF6DB87,"Weapon Slot Down","무 기 칸 아 래"
0x2B0E797E,"Medium","보 통"
0x2B135367,"[ p.m.]","< 번역 누락 : 0x2B135367 >"
0x2B14663F,"Senior Test Leads","< 번역 누락 : 0x2B14663F >"
0x2BDD511E,"Survivor","< 번역 누락 : 0x2BDD511E >"
0x2C73BC82,"Zhang Bo","< 번역 누락 : 0x2C73BC82 >"
0x2C73BC83,"Wang Jian Fei","< 번역 누락 : 0x2C73BC83 >"
0x2C73BC84,"Yuan Zhao Guo","< 번역 누락 : 0x2C73BC84 >"
0x2C73BC85,"Zhang Yi Peng","< 번역 누락 : 0x2C73BC85 >"
0x2C73BC86,"Cai Yang","< 번역 누락 : 0x2C73BC86 >"
0x2C96BB29,"Core QA Team","< 번역 누락 : 0x2C96BB29 >"
0x2CCECFED,"Ariel Alvarez","< 번역 누락 : 0x2CCECFED >"
0x2CCECFEE,"Ian Ameling","< 번역 누락 : 0x2CCECFEE >"
0x2CCECFEF,"Nate Bowden","< 번역 누락 : 0x2CCECFEF >"
0x2CCECFF0,"Ryan Church","< 번역 누락 : 0x2CCECFF0 >"
0x2CCECFF1,"Jason Courtney","< 번역 누락 : 0x2CCECFF1 >"
0x2CCECFF2,"Jens Holdener","< 번역 누락 : 0x2CCECFF2 >"
0x2CCECFF3,"George Hull","< 번역 누락 : 0x2CCECFF3 >"
0x2CCECFF4,"Jeong Keum","< 번역 누락 : 0x2CCECFF4 >"
0x2CCECFF5,"Jesse Lee","< 번역 누락 : 0x2CCECFF5 >"
0x2D080542,"THERMITE","고열폭약"
0x2D1497D1,"East Grow Chamber","동 쪽 성 장 실"
0x2D1497D2,"Refrigeration East","냉 동 실 동 쪽"
0x2D1497D3,"Hydroponics Control","재배구역 통제실"
0x2D1497D4,"West Grow Chamber","서 쪽 성 장 실"
0x2D1497D5,"Refrigeration West","냉 동 실 서 쪽"
0x2D1497D7,"Food Storage","식 량 저 장 고"
0x2D1A07C2,"MPEG Layer-3 audio coding technology licensed from","< 번역 누락 : 0x2D1A07C2 >"
0x2D1A07C3,"Fraunhofer IIS and THOMSON multimedia.","< 번역 누락 : 0x2D1A07C3 >"
0x2D37B946,"POWER LOCK\nENABLED","전 원 차 단 중"
0x2D37B947,"OVERRIDE?","연 결?"
0x2D37B948,"Use 1 power node to override lock","연 결 = 파 워 노 드 ［1］"
0x2D37B949,"CONTINUE?","실 행?"
0x2D37B94A,"This will use 1 power node","파워 노드 1 사용"
0x2D37B94B,"YES","네"
0x2D37B94C,"NO","아니오"
0x2D37B94D,"DENIED","< 번역 누락 : 0x2D37B94D >"
0x2D37B94E,"NOT ENOUGH POWER NODES IN YOUR INVENTORY","파 워 노 드 부 족"
0x2D552106,"Walter Grinberg","< 번역 누락 : 0x2D552106 >"
0x2D5552D7,"Assistant Sound Designers","< 번역 누락 : 0x2D5552D7 >"
0x2D6907ED,"Shoot 50 objects using Kinesis","유도장비로 50개의 목표물 발사"
0x2D85B7D5,"BATCH MIXER","혼 합 기"
0x2D90A9CA,"LINE GUN","라 인 건"
0x2DB4BAFB,"SUB-OBJECTIVE\nCOMPLETE","부 가 목 표 완 료"
0x2DD56F3A,"Recycle the Atmosphere","공기를 순환시켜라"
0x2DEB3C74,"LINE RACKS","라 인 랙"
0x2DF74BB3,"FORCE ENERGY","포스 에너지"
0x2E1DA1BD,"OBJECTIVE\nADDED","목 표 추 가"
0x2E4EC8B6,"Video","< 번역 누락 : 0x2E4EC8B6 >"
0x2E5B98BC,"Ammo for the Pulse Rifle.","펄스 라이플 탄약"
0x2E9809AC,"TIMER","타 이 머"
0x2E9809AD,"BASKETBALL CONTROL","농 구 조 종"
0x2E9809AE,"GAME ON!!!","시 작!!"
0x2E9809AF,"HIGH SCORE","최 고 점 수"
0x2E9809B0,"MULTIPLIER","승 수"
0x2EA2F12F,"Accept","< 번역 누락 : 0x2EA2F12F >"
0x2EF2F520,"HIT POINTS","생 명 수 치"
0x2F22A596,"Secondary","보 조 공 격"
0x2F7F22A5,"Standby","점 검 중"
0x2F94ABCC,"Discharge of personal weapons in enlisted quarters detected. This area is now in lockdown.","무기의 사용이 감지되었습니다.이 지역은 비상상태로 돌입합니다."
0x2F95ABDD,"Warning. Dangerous radiation levels detected. Safety lock engaged.","경고. 위험 수준의 방사능 감지. 안전 장치 작동."
0x2F95ABDE,"Level five hazardous conditions beyond this area. Entrance denied.","위험 수준 5단계 초과. 출입을 통제합니다."
0x2F97BC20,"Made it inside.  Now I just have to find a way to the engine room and salvage the Singularity Core.","우선 엔진실로 가는 길을 찾아야 한다."
0x2FAA4B51,"Shhh, shhh, it's all right, McCoy... He's here... Nothing to be afraid of... I knew you would come... just like you said... I, I,  saved this for you... Can I go now? McCoy wants to take me... to the shuttle...","쉬….괜찮아,맥코이…그 사람이 왔어…걱정하지마… 오실줄 알고 이걸 간직해 두었습니다.이제 가도 되나요?맥코이가 같이 우주선에 가자고…"
0x2FAB5A60,"Bring this schematic to the store to unlock the Ripper Energy.","상점에 가져가면 잠금이 해제됩니다."
0x2FB26546,"Chuck Beaver","< 번역 누락 : 0x2FB26546 >"
0x2FB26547,"Steve Papoutsis","< 번역 누락 : 0x2FB26547 >"
0x2FC2D918,"CANCEL","취 소"
0x3001502F,"Subtitles","자 막"
0x303DC5DE,"Hostile intruders detected.  Safety catches released on all weapons.","침입자 발견. 모든 무기의 안전장치를 해제합니다."
0x303DC5DF,"Massive structural failure detected across all decks.","대규모의 피해가 모든 갑판에서 감지되었습니다."
0x303DC5E0,"All personnel report to battle stations.","전 대원은 전투 부서에 보고하십시오."
0x303DC5E1,"Unknown weapon discharged in enlisted quarters.  Lockdown initiated.","사병 숙소에 미확인 무기가 반출되었습니다. 제한 시작."
0x303DC5E2,"Weapon identified as authorized CEC equipment.  Lockdown lifted.","무기는 CEC의 허가된 장비로 판명되었습니다. 제한 해제."
0x303DC5E3,"Engine power failure.","엔진전원이 끊어졌습니다."
0x3040C66C,"Warning.  Catastrophic failure of fuel containment.  Evacuate the vessel immediately.","경고. 연료계통에 심각한 고장 발생. 즉시 대피하십시오."
0x304B0B64,"Brawler","말 다 툼"
0x308AC953,"Radioactive material removed.","방사능 물질이 제거되었습니다."
0x308AC954,"Radiation hazard clear. Safety lock released.","방사능 위험 소멸. 안전 장치를 해제합니다."
0x30BED5F2,"Lockdown initiated.","잠금장치 작동."
0x30BED5F3,"Lockdown lifted.","잠금장치 해제."
0x30E69FBA,"Restore Life Support","생명유지장치 복구"
0x31287124,"Hammond wants me to prep the Kellion for launch despite the damage it took on our landing.  I can probably get it functional, but I'm not sure how far we can get in it.","발사장치 점검을 위해 켈리온으로 돌아가야 한다."
0x314B4809,"Now that I've got the Singularity Core, I need to find the shuttle on this deck and repair it.  It's the only way to get off this ship.","우주선만이 여기를 탈출할 유일한 방법이다."
0x31540BFF,"Fire","발 사"
0x3156DFE3,"DNA NEEDED","DNA가 필요하다"
0x31891246,"Chapter 1","< 번역 누락 : 0x31891246 >"
0x31891247,"Chapter 2","< 번역 누락 : 0x31891247 >"
0x31891248,"Chapter 3","< 번역 누락 : 0x31891248 >"
0x31891249,"Chapter 4","< 번역 누락 : 0x31891249 >"
0x3189124A,"Chapter 5","< 번역 누락 : 0x3189124A >"
0x3189124B,"Chapter 6","< 번역 누락 : 0x3189124B >"
0x3189124C,"Chapter 7","< 번역 누락 : 0x3189124C >"
0x3189124D,"Chapter 8","< 번역 누락 : 0x3189124D >"
0x3189124E,"Chapter 9","< 번역 누락 : 0x3189124E >"
0x318A1284,"Chapter 10","< 번역 누락 : 0x318A1284 >"
0x318A1285,"Chapter 11","< 번역 누락 : 0x318A1285 >"
0x318A1286,"Chapter 12","< 번역 누락 : 0x318A1286 >"
0x31B217E9,"Music Composed and Conducted by Jason Graves","< 번역 누락 : 0x31B217E9 >"
0x31B217EA,"in association with Rod Abernethy","< 번역 누락 : 0x31B217EA >"
0x31B217EB,"\n","< 번역 누락 : 0x31B217EB >"
0x31D6BC22,"ENGINES FIRING","-엔 진 점 화-"
0x31E3C8B9,"FEEDING SYSTEM OFFLINE","< 번역 누락 : 0x31E3C8B9 >"
0x31E45F64,"ALMOST FIXED","거 의 복 구"
0x31E7527B,"Cannon Fodder","총 알 받 이"
0x32431EB8,"[RSTop]","< 번역 누락 : 0x32431EB8 >"
0x32A21FF7,"Video Editor and Compositor","< 번역 누락 : 0x32A21FF7 >"
0x32C12E39,"[RSTop]","< 번역 누락 : 0x32C12E39 >"
0x32DA3A95,"MEET ON THE FLIGHT DECK","비 행 갑 판 에 서"
0x330B39FB,"Falk Hesse","< 번역 누락 : 0x330B39FB >"
0x330B39FC,"Romain Pillard","< 번역 누락 : 0x330B39FC >"
0x33178706,"Mouse Modifier","마 우 스 이 동"
0x33ACE49E,"Kill the Slug Boss","< 번역 누락 : 0x33ACE49E >"
0x33E6FB3D,"Ammo for the Line Gun.","라인 건 탄약"
0x33F30A7C,"Ammo for the Force Gun.","포스건 탄약."
0x33F7D03A,"Go to the Tram Station","정거장으로 이동하라"
0x34151382,"Repairs in Progress.  Please Stand By.","< 번역 누락 : 0x34151382 >"
0x34358099,"Audio Engineering","< 번역 누락 : 0x34358099 >"
0x34449355,"QTY","< 번역 누락 : 0x34449355 >"
0x346AE8E2,"SCHEMATIC TEMP","< 번역 누락 : 0x346AE8E2 >"
0x347FDAE6,"LINE GUN","라 인 건"
0x34E1A107,"ARMOR","방어력"
0x3577205C,"Aim Mode","조 준"
0x358031D1,"QA Tools","< 번역 누락 : 0x358031D1 >"
0x3591AEF3,"[MenuB]Back","< 번역 누락 : 0x3591AEF3 >"
0x35A64169,"//visuals","// 화 면 설 정"
0x35C3E65E,"Captain Mathius' RIG, containing his access codes.","벤자민 선장의 RIG.접속암호가 있다."
0x35D64FE0,"BACKGROUND REQUEST","배 경 요 구 사 항"
0x361AA249,"Chemical mixture with an alien DNA sample.","외계인 DNA샘플이 포함된 혼합 화학약품."
0x3638A602,"R Alt","< 번역 누락 : 0x3638A602 >"
0x367134CB,"You can move items from the Inventory here.","가방에서 물건을 이동시킬 수 있습니다."
0x36787A56,"NICOLE'S FAREWELL","니 콜 의 작 별"
0x368ECB4E,"Stasis Recharge","감 속 장 비 충 전 기"
0x3694B88F,"CRYO CHAMBER","@ 냉 동 장 치"
0x370A7E46,"I don't know where Nicole went, but she said I need to restore power to the bridges.  There's a zero-g maintenance tube nearby that should have a power grid inside.","전원장치는 무중력 관리튜브에 있다"
0x371BE322,"Find the Peng Treasure","Peng 보물찾기"
0x3741E186,"\nWhat's amazing is the SPEED at which it grows. A single bacterium reproduces twenty-fold in just one minute. I've never seen anything like it. I won't stake my reputation on it, but I think this may be a genuine alien lifeform!\nProf. Hawley theorizes that it's a habitat transformer--the levels of gaseous output are tremendous, which is why it smells so bad--but to what end we simply don't know. I'll keep you posted.\n-Heinrich","< 번역 누락 : 0x3741E186 >"
0x3760B759,"Make us whole again.","우리 다시 하나로…"
0x377441F3,"Control Room","통 제 실"
0x377441F4,"Repair Room","정 비 실"
0x377441F5,"Maintenance Chamber","관 리 작 업 장 치"
0x377441F6,"Maintenance Annex","관 리 구 역 별 관"
0x377441F7,"Mining Bay","채 굴 작 업 장"
0x377441F8,"Mineral Processing","광 물 처 리 작 업 실"
0x379657F9,"Mercenaries 2","< 번역 누락 : 0x379657F9 >"
0x37B52297,"KEY ITEMS","주 요 물 품"
0x3803C4EE,"Beginning Full Diagnostic Scan","종합 진단 검사 시작"
0x381D9663,"Somehow a military ship heard our distress call.  It's unbelievable luck.  Now I just need to see what's wrong with the Comms Array and contact the ship.","통신배열을 확인하고 군함선과 교신해야 한다."
0x3829CAB4,"Follow the Security Team","보안팀을 따라가라"
0x3841308B,"ATMOSPHERE CONTAMINATED","대 기 오 염"
0x389F704F,"LIFE SUPPORT DOWN","생 명 유 지 장 치 정 지"
0x38B2D102,"//Engines","// 엔 진"
0x38B2D103,"//Engineering Deck","// 엔 진 갑 판"
0x38B2D104,"//Hydroponics","// 재 배 구 역"
0x38B2D105,"//Cargo Hold","// 화 물 칸"
0x38B2D106,"//Mining Deck","// 채 굴 갑 판"
0x38B2D107,"//Flight Deck","// 비 행 갑 판"
0x38B2D108,"//Science/Medical Deck","// 과학 / 의료 갑판"
0x38B2D109,"//Crew Deck","// 승 무 원 갑 판"
0x38B2D10A,"//Bridge","// 브 릿 지"
0x38B3D140,"//Colony","// 콜 로 니"
0x38B3D141,"//Ishimura","// 이 시 무 라"
0x38DFBA0F,"REPLACED THE TRAM CAR","전 동 차 교 체"
0x38F81FE4,"CODES RECEIVED","코 드 수 신"
0x3949CF3E,"DEFAULTS","기 본 값"
0x3983BDD4,"Surgeon","< 번역 누락 : 0x3983BDD4 >"
0x39E65B47,"Lead Environment Artist","< 번역 누락 : 0x39E65B47 >"
0x39EF40AE,"LARGE AIR CAN\nSchematic Acquired\nDownload at the Store","< 번역 누락 : 0x39EF40AE >"
0x3A1A313A,"Go to Engineering","엔진실로 가라"
0x3A415698,"That input is already used. Do you want to clear existing usages?","< 번역 누락 : 0x3A415698 >"
0x3A415699,"Switch all control screens back to default controls?","기본값으로 복구합니다."
0x3A41CD40,"Lift to ADS Cannon 48","< 번역 누락 : 0x3A41CD40 >"
0x3A5FE490,"Development Senior QA Test Leads","< 번역 누락 : 0x3A5FE490 >"
0x3A66A7AB,"temporary inv text for schematic","< 번역 누락 : 0x3A66A7AB >"
0x3A7B99AF,"Wide-beamed slicer with timed mines.","시한지뢰가 있는 광폭의 빔 절단기."
0x3AA64E51,"Paul Berry","< 번역 누락 : 0x3AA64E51 >"
0x3AA64E52,"Ryan Boyer","< 번역 누락 : 0x3AA64E52 >"
0x3AA64E53,"Suresh Kumar","< 번역 누락 : 0x3AA64E53 >"
0x3AA64E54,"Sandeep Panda","< 번역 누락 : 0x3AA64E54 >"
0x3AC2BA15,"Inventory","가 방"
0x3AD687D1,"Full Arsenal","< 번역 누락 : 0x3AD687D1 >"
0x3AE0733C,"Lead Character Artist","< 번역 누락 : 0x3AE0733C >"
0x3AE7CC5B,"Log Database Hotkey","기 록 자 료"
0x3B40E6C8,"DR. KYNE","카 인 박 사"
0x3B4623A6,"ACTIVATED","작 동 중"
0x3B57D873,"Map Hotkey","지 도"
0x3B8C898D,"Picked Up","< 번역 누락 : 0x3B8C898D >"
0x3B8C898E,"Inventory Full","공 간 부 족"
0x3B9E9387,"Voiceover Talent","< 번역 누락 : 0x3B9E9387 >"
0x3BA0C3C0,"Medium Air Can Schematic","중형 산소통 설계도"
0x3BAC5F5C,"MIXING AGENTS","< 번역 누락 : 0x3BAC5F5C >"
0x3BBE7E3D,"Do you wish to keep these resolution settings? (will revert in # sec)","< 번역 누락 : 0x3BBE7E3D >"
0x3BDF704C,"KILL THE LEVIATHAN","레 비 아 단 을 죽 여 라"
0x3BF7D621,"ATTACH THE BEACON","< 번역 누락 : 0x3BF7D621 >"
0x3C30C3EC,"Inna Shevchenko","< 번역 누락 : 0x3C30C3EC >"
0x3C6C169A,"DAMAGE REPORT","피 해 보 고"
0x3C6C4D57,"Nicole Has Died","니콜이 죽었습니다"
0x3C7DF9D0,"REPAIR THE SHIP'S ORBIT","함 선 궤 도 수 정"
0x3C86527C,"Would you like to remove saved games and settings data?","저장한 게임 및 설정자료를 제거하시겠습니까?"
0x3C965FA5,"SYSTEMS MODULE PLACED","시 스 템 장 치 수 정"
0x3CE50D2A,"Audio","오 디 오"
0x3D2B61BA,"Return to the Kellion and Run Diagnostics","켈리온으로 돌아가 점검하라"
0x3D34E929,"ARRIVED ON BRIDGE","브 릿 지 도 착"
0x3D3D83E9,"CONTACT BEAM","컨 택 트 빔"
0x3D498880,"RIG","RIG"
0x3D6217C0,"MORE TIME","추 가 시 간"
0x3D926D63,"SHUTTER CONTROL","@ 셔 터 조 종 기"
0x3D926D64,"LOCK SHUTTER","셔 터 잠 그 기"
0x3D926D65,"SHUTTER LOCKED","셔 터 잠 김"
0x3D926D66,"SHUTTER CONTROLS OFFLINE","셔 터 작 동 중 지"
0x3D9F5D49,"Roboto Translation","< 번역 누락 : 0x3D9F5D49 >"
0x3DB10A9F,"Ragon Jin","< 번역 누락 : 0x3DB10A9F >"
0x3DB10AA0,"Jeremy Shen","< 번역 누락 : 0x3DB10AA0 >"
0x3DB10AA1,"Johnny Sun","< 번역 누락 : 0x3DB10AA1 >"
0x3DFDDB25,"Don Veca","< 번역 누락 : 0x3DFDDB25 >"
0x3E1E9FE5,"Resource Integration Gear (RIG)","자원제공 통합장비 [RIG]"
0x3E97BAA7,"Full Screen","전 체 화 면"
0x3EA71171,"Valentina Zlobina","< 번역 누락 : 0x3EA71171 >"
0x3EC6F351,"Lead Object Artist","< 번역 누락 : 0x3EC6F351 >"
0x3EF6A7EF,"Get to Safety","안전을 확보하라"
0x3EFE1A57,"BAY CONTROL STATION","< 번역 누락 : 0x3EFE1A57 >"
0x3EFE1A58,"Authorized Maintenance Technicians Only.........................","< 번역 누락 : 0x3EFE1A58 >"
0x3EFE1A59,"MAIN FLOOR","< 번역 누락 : 0x3EFE1A59 >"
0x3EFE1A5A,"Warning: Crane in Operation...........................................","< 번역 누락 : 0x3EFE1A5A >"
0x3F6D81A4,"So the infection started planetside, and somehow got onto the ship.  And these creatures came from within the planet.  It's almost too incredible to believe.  Hammond needs me on the Engineering deck now, to try to correct the ship's orbit.  As if things could get any worse.","궤도수정을 위해 엔진실로 가야한다."
0x3F7223EF,"MEDICAL LOG\nDR. WARWICK, B. (CHIEF PSYCH OFFICER)\nREPORT OF PSYCHIATRIC OBSERVATION\nPATIENT: HARRIS, B. (Employee #PM-19026-EH)\nHarris is asleep, after another strong sedative. He seems literally unable to sleep without chemical aid. Most people succumb to exhaustion after 50+ hours of waking, regardless of any desire to stay awake. Not Harris.\nHis explanation of events on the colony is also odd, and points to the same paranoia we've seen elsewhere planetside. His guilt is not in doubt--two planetside security officers were present when he took Dr. Sciarello hostage and murdered Nurse Evans--and he doesn't deny his actions. But he insists there was no crime, nor does he feel guilt.","< 번역 누락 : 0x3F7223EF >"
0x3F8CFBAB,"INSERT COMPOUND","혼합물 주입"
0x3F904CF8,"Dead On Arrival","< 번역 누락 : 0x3F904CF8 >"
0x3F905889,"I have to move the Marker along the loading tracks and position it underneath the shuttle.","선로를 이용해 마커를 우주선까지 옮겨야 한다"
0x3F9395F3,"NANO-CIRCUIT REPAIR","나 노 - 회 로 수 리"
0x3F9395F4,"v.4.1\nFIRMWARE 2.051B","v.4.1 펌 웨 어 2.051B"
0x3F9615E2,"EMERGENCY","긴 급 사 태"
0x3FD19539,"TERRIBLE MISTAKE","끔 찍 한 실 수"
0x3FF8219B,"International Project Managers","< 번역 누락 : 0x3FF8219B >"
0x4000B5C7,"Visuals","화 면 설 정"
0x40349F66,"CROSS REPORT CUT","< 번역 누락 : 0x40349F66 >"
0x4061CDFD,"MINING TIMELINE","채 굴 작 업 시 간"
0x40950675,"Error","< 번역 누락 : 0x40950675 >"
0x40AE7EAD,"Quit","나 가 기"
0x40D328EA,"TEMPLE REPORT 2","템 플 의 보 고 2"
0x40ED9342,"EMERGENCY SHUTTLE RECALL","-- 운 송 선 긴 급 복 귀 --"
0x40ED9343,"OVERRIDE SHUTTLE CONTROLS","운 송 선 원 격 조 종"
0x40ED9344,"REMOTE PILOTING SHUTTLE","< 번역 누락 : 0x40ED9344 >"
0x40ED9345,"SHUTTLE DOCKED","운 송 선 정 박"
0x40FEF9B7,"Steve House","< 번역 누락 : 0x40FEF9B7 >"
0x40FEF9B8,"Panch Krishnamurthy","< 번역 누락 : 0x40FEF9B8 >"
0x40FEF9B9,"Paul Schlegel","< 번역 누락 : 0x40FEF9B9 >"
0x40FEF9BA,"Jonathan Hudgins","< 번역 누락 : 0x40FEF9BA >"
0x40FEF9BB,"Panch Krishnamurthy","< 번역 누락 : 0x40FEF9BB >"
0x40FEF9BC,"Larry St. Lezin","< 번역 누락 : 0x40FEF9BC >"
0x40FEF9BD,"Aki Morita","< 번역 누락 : 0x40FEF9BD >"
0x40FEF9BE,"Scott Randolph","< 번역 누락 : 0x40FEF9BE >"
0x40FEF9BF,"Paul Schlegel","< 번역 누락 : 0x40FEF9BF >"
0x41005781,"REPORT OF INFECTION","감 염 보 고 서"
0x41080F75,"Playing {c0}","< 번역 누락 : 0x41080F75 >"
0x410A0131,"Landing Pad","착 륙 장"
0x410A0132,"Airlock A","밀 페 실 A"
0x410A0133,"Supply Depot","보 급 품 저 장 소"
0x410A0134,"Gravity Control","중 력 조 종 실"
0x410A0135,"Tunnel","터 널"
0x410A0136,"Pedestal Chamber","작 업 장"
0x410A0137,"Emergency Tunnel","비 상 터 널"
0x410A0138,"Living Space","생 활 구 역"
0x410A0139,"Gravity Tube","중 력 연 결 관"
0x411E02F3,"[Kinesis]","< 번역 누락 : 0x411E02F3 >"
0x41200E7D,"[LSTop]","< 번역 누락 : 0x41200E7D >"
0x41200E7E,"[RSBOTTOM]","< 번역 누락 : 0x41200E7E >"
0x4145388B,"Deep-space emergency beacon.","심연-우주 비상용 신호기"
0x4146D19B,"Nacho Sendino","< 번역 누락 : 0x4146D19B >"
0x414FD951,"Murderer!","살인자놈아!"
0x4173BBB0,"WALK","< 번역 누락 : 0x4173BBB0 >"
0x419C8289,"Bring this schematic to the store to unlock the Medium Air Can.","상점에 가져가면 잠금이 해제됩니다."
0x41CF995E,"Depth of Field","배 경 표 현"
0x41D33946,"Kill 30 enemies with the Flamethrower","화염 방사기로 적 30명 제거"
0x41F1CB31,"ACTION BUTTON","< 번역 누락 : 0x41F1CB31 >"
0x41FFA0A7,"Chris Stone","< 번역 누락 : 0x41FFA0A7 >"
0x41FFA0A8,"Chuck Beaver","< 번역 누락 : 0x41FFA0A8 >"
0x41FFA0A9,"Louis Gascoigne","< 번역 누락 : 0x41FFA0A9 >"
0x41FFA0AA,"Joe Salud","< 번역 누락 : 0x41FFA0AA >"
0x41FFA0AB,"David Yee","< 번역 누락 : 0x41FFA0AB >"
0x41FFA0AC,"Veronique Garcia","< 번역 누락 : 0x41FFA0AC >"
0x41FFA0AD,"Dave Blizard","< 번역 누락 : 0x41FFA0AD >"
0x420845BF,"VIDEOLOG\nDELETED","영 상 기 록 삭 제"
0x423785B1,"Maintenance Bay","관 리 구 역"
0x423785B2,"Maintenance Bay Office","보 관 실"
0x423785B3,"Tram Repair","정 비 실"
0x423785B4,"Tram Station","정 거 장"
0x423785B5,"Tram Station","정 거 장"
0x423785B6,"Hangar Bay","격 납 고"
0x423785B7,"Maintenance Lift","승 강 기"
0x4258D110,"[Blank]","< 번역 누락 : 0x4258D110 >"
0x426FDAB2,"MOVEMENT","< 번역 누락 : 0x426FDAB2 >"
0x42BDFDDD,"Stasis Packs","감 속 장 비 팩"
0x42EDEA33,"WEAPONS","무 기"
0x43098A94,"ACCEPT","적 용"
0x431B2375,"Adam Hix","< 번역 누락 : 0x431B2375 >"
0x431B2376,"Garret Isla","< 번역 누락 : 0x431B2376 >"
0x431B2377,"Michael Louie","< 번역 누락 : 0x431B2377 >"
0x431B2378,"Fesuluai Mano","< 번역 누락 : 0x431B2378 >"
0x431B2379,"Artis McCoy","< 번역 누락 : 0x431B2379 >"
0x431B237A,"Ryan Olson","< 번역 누락 : 0x431B237A >"
0x431B237B,"Barret Pruden","< 번역 누락 : 0x431B237B >"
0x431B237C,"Dustin Pruden","< 번역 누락 : 0x431B237C >"
0x431B237D,"Gerry Sakkas","< 번역 누락 : 0x431B237D >"
0x431B237E,"Evert Saravia","< 번역 누락 : 0x431B237E >"
0x431C23B4,"Evan Shea","< 번역 누락 : 0x431C23B4 >"
0x431C23B5,"Tristan Sheldon","< 번역 누락 : 0x431C23B5 >"
0x431C23B6,"Steven Taylor","< 번역 누락 : 0x431C23B6 >"
0x431C23B7,"Kevin Zittle","< 번역 누락 : 0x431C23B7 >"
0x433942B2,"Heavy damage energy projector.","큰 파괴력의 에너지 프로젝터."
0x436BF9B4,"MAP","지 도"
0x4386A386,"\nMultiple contusions on the arms and hands, indicating a brief struggle pre-mortem. Slight contusion around the ribcage, suggesting his chest was restrained in some way.\nCause of death was a single prolonged trauma to the ocular body which continued on through the cavity wall, and finally into the frontal lobe, causing rapid neurotrauma, seizure and death.\nThe force required to puncture the ocular cavity in this manner is great, and the possibility of self-infliction correspondingly low.\nI therefore have no alternative but to record a preliminary verdict of UNLAWFUL DEATH. Whether deliberate or accidental is beyond my jurisdiction.\n","< 번역 누락 : 0x4386A386 >"
0x43D650B9,"User Interface Artist","< 번역 누락 : 0x43D650B9 >"
0x43EA0935,"OBJECTIVES","목 표"
0x43F3A339,"Schematic type temp","< 번역 누락 : 0x43F3A339 >"
0x443FF2EC,"FEEDING PROCESS INITIATED","< 번역 누락 : 0x443FF2EC >"
0x445A9E1B,"LARGE CURRENCY","< 번역 누락 : 0x445A9E1B >"
0x446818B6,"STORE","상 점"
0x44994BAA,"5.1 Surround","5.1 서라운드"
0x44CF35F3,"[Punch]","< 번역 누락 : 0x44CF35F3 >"
0x44E62837,"DISMEMBERMENT","절 단"
0x450E373A,"Contact Beam Schematic","컨택트빔 설계도"
0x4534587D,"Ship Systems","우 주 선 시 스 템"
0x4534587E,"Lift 2","승강기 2"
0x4534587F,"Lift 1","승강기 1"
0x45345880,"Mining Administration","채 굴 작 업 관 리 실"
0x45345881,"Lift 2","승강기 2"
0x45345882,"ADS Lift","ADS 승강기"
0x45345885,"Lift 2","승강기 2"
0x453558BD,"MA Computer Room","< 번역 누락 : 0x453558BD >"
0x453558BE,"MA Computer Room","< 번역 누락 : 0x453558BE >"
0x453558BF,"Mining Admin Storage","채 굴 관 리 보 관 실"
0x45520670,"The data board is locked up in a storage room.  The key should be somewhere in the Maintenance Bay.","데이터보드는 관리구역 보관실에 있다."
0x456437B8,"KEY ITEMS","주 요 물 품"
0x456A5A0D,"Dialog Supervisor","< 번역 누락 : 0x456A5A0D >"
0x4575D5B4,"Recreation Hall","< 번역 누락 : 0x4575D5B4 >"
0x4575D5B5,"Enjoy your stay","< 번역 누락 : 0x4575D5B5 >"
0x4576D5F3,"Zero-G Basketball Court","< 번역 누락 : 0x4576D5F3 >"
0x4576D5F4,"Next Match:  Virus vs. Marauders","< 번역 누락 : 0x4576D5F4 >"
0x4577D632,"Sleep Block C","취 침 실 C"
0x4577D633,"Class 5 Personnel Only","< 번역 누락 : 0x4577D633 >"
0x4578D671,"Commons","공 동 구 역"
0x4578D672,"CEC: Powering Humanity's Future","< 번역 누락 : 0x4578D672 >"
0x4579D6B0,"Recreation Hall","< 번역 누락 : 0x4579D6B0 >"
0x4579D6B1,"Enjoy your stay","< 번역 누락 : 0x4579D6B1 >"
0x457AD6EF,"Commons","공 동 구 역"
0x457AD6F0,"CEC: Powering Humanity's Future","< 번역 누락 : 0x457AD6F0 >"
0x457BD72E,"Executive Security Hall","< 번역 누락 : 0x457BD72E >"
0x457BD72F,"Class 1 Personnel Only","< 번역 누락 : 0x457BD72F >"
0x457CD76D,"Commons","공 동 구 역"
0x457CD76E,"CEC: Powering Humanity's Future","< 번역 누락 : 0x457CD76E >"
0x457DD7AC,"Executive Security Room","< 번역 누락 : 0x457DD7AC >"
0x457DD7AD,"Class 1 Personnel Only","< 번역 누락 : 0x457DD7AD >"
0x4585AF92,"Dismember 20 Limbs","20 개 의 사 지 절 단"
0x45921FE3,"Nav cards required","운항 카드가 필요함"
0x45921FE4,"Test fire shuttle","-점 화 테 스 트-"
0x45921FE5,"Engine firing","-엔 진 점 화-"
0x45921FE6,"RELEASE DOCKING CLAMPS","-고정 장치 해제-"
0x45921FE7,"Docking clamps released","고정 장치 해제 완료"
0x45921FE8,"Pilot required","조 종 사 없 음"
0x459A2BE1,"Retry","재 시 도"
0x45F2E4F6,"Executive Security Hall","< 번역 누락 : 0x45F2E4F6 >"
0x45F2E4F7,"CEC: Powering Humanity's Future","< 번역 누락 : 0x45F2E4F7 >"
0x45F3E535,"Elevator to Executive Block","< 번역 누락 : 0x45F3E535 >"
0x45F3E536,"Class 1 Personnel Only","< 번역 누락 : 0x45F3E536 >"
0x45F4E574,"Residential Hall","< 번역 누락 : 0x45F4E574 >"
0x45F4E575,"CEC: Powering Humanity's Future","< 번역 누락 : 0x45F4E575 >"
0x45F5E5B3,"Commons","공 동 구 역"
0x45F5E5B4,"CEC: Powering Humanity's Future","< 번역 누락 : 0x45F5E5B4 >"
0x45F6E5F2,"Mess Hall","식 당"
0x45F6E5F3,"Featuring the fine foods of Ishimura Farms","< 번역 누락 : 0x45F6E5F3 >"
0x45F7E631,"Residential Hall","< 번역 누락 : 0x45F7E631 >"
0x45F7E632,"CEC: Powering Humanity's Future","< 번역 누락 : 0x45F7E632 >"
0x45F8E670,"Residential Lobby","기 숙 사 휴 게 실"
0x45F8E671,"CEC: Powering Humanity's Future","< 번역 누락 : 0x45F8E671 >"
0x45F9E6AF,"Residential Hall","< 번역 누락 : 0x45F9E6AF >"
0x45F9E6B0,"CEC: Powering Humanity's Future","< 번역 누락 : 0x45F9E6B0 >"
0x45FAE6EE,"Sleep Block B","취 침 실 B"
0x45FAE6EF,"Class 4 Personnel Only","< 번역 누락 : 0x45FAE6EF >"
0x45FBE72D,"Sleep Block A","취 침 실 A"
0x45FBE72E,"Class 3 Personnel Only","< 번역 누락 : 0x45FBE72E >"
0x462508E4,"Colin Boswell","< 번역 누락 : 0x462508E4 >"
0x462B99F0,"Creative Director","< 번역 누락 : 0x462B99F0 >"
0x4634C844,"Mr. Clarke! I need to speak with you... My name is Terrance Kyne... Doctor Kyne. Listen to me, there isn't much time... If you really can repair the shuttle... there is a better use for it than just running away. You must understand, the forces at work here are... greater than you can imagine.","< 번역 누락 : 0x4634C844 >"
0x4634C845,"If you leave now...you condemn all humanity! The planet will never stop, never rest, unless the Marker is returned. Don't you see? The Church is wrong! This is all a trap! I've seen it... Please, you must help me!","< 번역 누락 : 0x4634C845 >"
0x4670F477,"Sleep Block C Bunks","< 번역 누락 : 0x4670F477 >"
0x4670F478,"Class 3 Personnel Only","< 번역 누락 : 0x4670F478 >"
0x4671F4B6,"Storage Room","< 번역 누락 : 0x4671F4B6 >"
0x4671F4B7,"Authorized Personnel Only","< 번역 누락 : 0x4671F4B7 >"
0x4672F4F5,"Block C Commons","< 번역 누락 : 0x4672F4F5 >"
0x4672F4F6,"CEC: Powering Humanity's Future","< 번역 누락 : 0x4672F4F6 >"
0x4673F534,"Sleep Block C Bunks","< 번역 누락 : 0x4673F534 >"
0x4673F535,"Class 3 Personnel Only","< 번역 누락 : 0x4673F535 >"
0x4674F573,"Sleep Block C Bunks","< 번역 누락 : 0x4674F573 >"
0x4674F574,"Class 3 Personnel Only","< 번역 누락 : 0x4674F574 >"
0x4675F5B2,"Block C Commons","< 번역 누락 : 0x4675F5B2 >"
0x4675F5B3,"CEC: Powering Humanity's Future","< 번역 누락 : 0x4675F5B3 >"
0x4676F5F1,"Return to Main Commons","< 번역 누락 : 0x4676F5F1 >"
0x4676F5F2,"CEC: Powering Humanity's Future","< 번역 누락 : 0x4676F5F2 >"
0x4677F630,"Return to Main Commons","< 번역 누락 : 0x4677F630 >"
0x4677F631,"CEC: Powering Humanity's Future","< 번역 누락 : 0x4677F631 >"
0x4678F66F,"Return to Main Commons","< 번역 누락 : 0x4678F66F >"
0x4678F670,"CEC: Powering Humanity's Future","< 번역 누락 : 0x4678F670 >"
0x4679F6AE,"Executive Sleep Block","< 번역 누락 : 0x4679F6AE >"
0x4679F6AF,"Class 1 Personnel Only","< 번역 누락 : 0x4679F6AF >"
0x46A26BA9,"Richard Carrillo","< 번역 누락 : 0x46A26BA9 >"
0x46A26BAA,"Tracy Espeleta","< 번역 누락 : 0x46A26BAA >"
0x46AAA3CE,"Kacper Centkowski","< 번역 누락 : 0x46AAA3CE >"
0x46C92095,"Open the Supply Depot Door","보금품 저장소의 문을 열어라"
0x46CC0716,"Veronique Garcia","< 번역 누락 : 0x46CC0716 >"
0x46CFAF97,"Assistant Producers","< 번역 누락 : 0x46CFAF97 >"
0x46D00D91,"Delete Existing Data","< 번역 누락 : 0x46D00D91 >"
0x46E73582,"Eshwar Goswami","< 번역 누락 : 0x46E73582 >"
0x46E73583,"Jayanth Kumar Gunti","< 번역 누락 : 0x46E73583 >"
0x46E73584,"Vivekanand Kamolkar","< 번역 누락 : 0x46E73584 >"
0x46E73585,"Narasimha Rao Kancharlapalli","< 번역 누락 : 0x46E73585 >"
0x46E73586,"Rangayya Kancharlapalli","< 번역 누락 : 0x46E73586 >"
0x46E73587,"Pavani Kollipara","< 번역 누락 : 0x46E73587 >"
0x46E73588,"Abrar Mohiuddin Khan","< 번역 누락 : 0x46E73588 >"
0x46E73589,"Paul Sourabh Kishore","< 번역 누락 : 0x46E73589 >"
0x46E7358A,"Rajani Mathukumalli","< 번역 누락 : 0x46E7358A >"
0x46E7358B,"Pradeep Panda","< 번역 누락 : 0x46E7358B >"
0x46E835C1,"Devi Prasad","< 번역 누락 : 0x46E835C1 >"
0x46E835C2,"Garlapati Vijay Kumar Reddy","< 번역 누락 : 0x46E835C2 >"
0x46E835C3,"Kasireddy Sirisha Reddy","< 번역 누락 : 0x46E835C3 >"
0x46E835C4,"Sateesh Reddy","< 번역 누락 : 0x46E835C4 >"
0x46E835C5,"Saurabh S D","< 번역 누락 : 0x46E835C5 >"
0x46E835C6,"Sridhar Sanaboyana","< 번역 누락 : 0x46E835C6 >"
0x46E835C7,"Mastan Vali Shaik","< 번역 누락 : 0x46E835C7 >"
0x46E835C8,"Mohd Wasey Siddiqui","< 번역 누락 : 0x46E835C8 >"
0x46E835C9,"Devarakonda Vikas","< 번역 누락 : 0x46E835C9 >"
0x46E835CA,"Bhavani Voruganti","< 번역 누락 : 0x46E835CA >"
0x46E93600,"Ramakrishna Yamajala","< 번역 누락 : 0x46E93600 >"
0x46EF03F8,"Return to Main Commons","< 번역 누락 : 0x46EF03F8 >"
0x46EF03F9,"CEC: Powering Humanity's Future","< 번역 누락 : 0x46EF03F9 >"
0x46F00437,"Executive Shuttle Hall","< 번역 누락 : 0x46F00437 >"
0x46F00438,"Class 1 Personnel Only","< 번역 누락 : 0x46F00438 >"
0x46F10476,"Executive Sleep Block","< 번역 누락 : 0x46F10476 >"
0x46F10477,"Class 1 Personnel Only","< 번역 누락 : 0x46F10477 >"
0x46F204B5,"Executive Shuttle Bay","간 부 용 운 송 선 격 납 고"
0x46F204B6,"Warning: Live Flight Operations","< 번역 누락 : 0x46F204B6 >"
0x46F304F4,"Executive Shuttle Hall","< 번역 누락 : 0x46F304F4 >"
0x46F304F5,"Class 1 Personnel Only","< 번역 누락 : 0x46F304F5 >"
0x46F40533,"Control Room","통 제 실"
0x46F40534,"Warning: Live Flight Operations","< 번역 누락 : 0x46F40534 >"
0x46F50572,"Executive Shuttle Bay","간 부 용 운 송 선 격 납 고"
0x46F50573,"Warning: Live Flight Operations","< 번역 누락 : 0x46F50573 >"
0x46F5C7B4,"Idle","< 번역 누락 : 0x46F5C7B4 >"
0x46F605B1,"Block C Commons","< 번역 누락 : 0x46F605B1 >"
0x46F605B2,"CEC: Powering Humanity's Future","< 번역 누락 : 0x46F605B2 >"
0x46F705F0,"Return to Main Commons","< 번역 누락 : 0x46F705F0 >"
0x46F705F1,"CEC: Powering Humanity's Future","< 번역 누락 : 0x46F705F1 >"
0x46F8062F,"Sleep Block A Commons","< 번역 누락 : 0x46F8062F >"
0x46F80630,"CEC: Powering Humanity's Future","< 번역 누락 : 0x46F80630 >"
0x471B525F,"TRAM REPAIR","전 동 차 정 비"
0x471DBD08,"CONTACT BEAM\nSchematic Acquired\nDownload at the Store","컨택트빔 설계도 획득"
0x4751A03F,"Schematic Downloaded:","< 번역 누락 : 0x4751A03F >"
0x476D1379,"Return to Main Commons","< 번역 누락 : 0x476D1379 >"
0x476D137A,"CEC: Powering Humanity's Future","< 번역 누락 : 0x476D137A >"
0x476E13B8,"Sleep Block A Bunks","< 번역 누락 : 0x476E13B8 >"
0x476E13B9,"Class 3 Personnel Only","< 번역 누락 : 0x476E13B9 >"
0x476F13F7,"Sleep Block A Commons","< 번역 누락 : 0x476F13F7 >"
0x476F13F8,"CEC: Powering Humanity's Future","< 번역 누락 : 0x476F13F8 >"
0x47701436,"Sleep Block A Bunks","< 번역 누락 : 0x47701436 >"
0x47701437,"Class 3 Personnel Only","< 번역 누락 : 0x47701437 >"
0x47711475,"Sleep Block A Commons","< 번역 누락 : 0x47711475 >"
0x47711476,"CEC: Powering Humanity's Future","< 번역 누락 : 0x47711476 >"
0x477214B4,"Storage Room","< 번역 누락 : 0x477214B4 >"
0x477214B5,"Authorized Personnel Only","< 번역 누락 : 0x477214B5 >"
0x477314F3,"Sleep Block A Bunks","< 번역 누락 : 0x477314F3 >"
0x477314F4,"Class 3 Personnel Only","< 번역 누락 : 0x477314F4 >"
0x47741532,"To Sleep Block B","< 번역 누락 : 0x47741532 >"
0x47741533,"Class 4 Personnel Only","< 번역 누락 : 0x47741533 >"
0x47751571,"Sleep Block A Commons","< 번역 누락 : 0x47751571 >"
0x47751572,"CEC: Powering Humanity's Future","< 번역 누락 : 0x47751572 >"
0x477615B0,"Sleep Block B Commons","< 번역 누락 : 0x477615B0 >"
0x477615B1,"WARNING: LIFE SUPPORT FAILURE DETECTED","< 번역 누락 : 0x477615B1 >"
0x47834122,"THE LEVIATHAN","거대한 괴물"
0x4794B962,"The USG Ishimura, named after Astro Physicist Hideki Ishimura (inventor of the shockpoint drive), was the first of the massive Planet Cracker ships. Built 62 years ago, she has a long and storied career. The Ishimura was the first vessel of her size to utilize the shockpoint drive for large-scale, commercial, deep space expeditions.\n\n","< 번역 누락 : 0x4794B962 >"
0x4794B963," At the time of her inception, the Ishimura was hailed as the savior of the Earth colonies. She was created to mine and melt down entire small planets and moons. She was also the first ship capable of the ""scan and catch"" technique for harvesting mineral-rich asteroids. Using huge gravity tethers, the Ishimura can lock onto asteroids and pull them inside the ship's massive collection bays for smelting.\n\n","< 번역 누락 : 0x4794B963 >"
0x4794B964,"At 62 years old, the Ishimura is still in remarkable shape. Much of the equipment has been upgraded over the years. Many spaces have been retrofitted to take advantage of modern advances in technology. Despite the long years of service, she is still the pride of the fleet and remains the largest Planet Cracker in the fleet. Whenever an important deep space mining project comes up and the Ishimura is available, she's the first ship to be called.\n\n","< 번역 누락 : 0x4794B964 >"
0x4794B965,"It's ships like the Ishimura - and the dedication of the men and women who crew her - that have helped make Concordance Extraction Company the trusted, dependable workhorse that it is today.","< 번역 누락 : 0x4794B965 >"
0x47CCB907,"Story Teller","< 번역 누락 : 0x47CCB907 >"
0x47EB22FA,"To Sleep Block A","< 번역 누락 : 0x47EB22FA >"
0x47EB22FB,"CEC: Powering Humanity's Future","< 번역 누락 : 0x47EB22FB >"
0x47EBFD72,"Administrative Assistant","< 번역 누락 : 0x47EBFD72 >"
0x47EC2339,"Sleep Block B Commons","< 번역 누락 : 0x47EC2339 >"
0x47EC233A,"Class 4 Personnel Only","< 번역 누락 : 0x47EC233A >"
0x47ED2378,"Storage Room","< 번역 누락 : 0x47ED2378 >"
0x47ED2379,"Authorized Personnel Only","< 번역 누락 : 0x47ED2379 >"
0x47EE23B7,"Sleep Block B Commons","< 번역 누락 : 0x47EE23B7 >"
0x47EE23B8,"CEC: Powering Humanity's Future","< 번역 누락 : 0x47EE23B8 >"
0x47EF23F6,"Sleep Block B Bunks","< 번역 누락 : 0x47EF23F6 >"
0x47EF23F7,"Class 4 Personnel Only","< 번역 누락 : 0x47EF23F7 >"
0x47F02435,"Sleep Block B Bunks","< 번역 누락 : 0x47F02435 >"
0x47F02436,"Class 4 Personnel Only","< 번역 누락 : 0x47F02436 >"
0x47F12474,"Sleep Block B Commons","< 번역 누락 : 0x47F12474 >"
0x47F12475,"CEC: Powering Humanity's Future","< 번역 누락 : 0x47F12475 >"
0x47F224B3,"To Residential Hall","< 번역 누락 : 0x47F224B3 >"
0x47F224B4,"CEC: Powering Humanity's Future","< 번역 누락 : 0x47F224B4 >"
0x47F324F2,"USG Ishimura","< 번역 누락 : 0x47F324F2 >"
0x47F324F3,"Authorized Personnel Only","< 번역 누락 : 0x47F324F3 >"
0x47F35BE7,"The tram computer is offline because of a missing data board.  Kendra thinks the data board is in the Maintenance Bay.  Did someone deliberately try to shut down inter-deck transport?  We aren't getting far unless I get that tram system running.","관리구역 어딘가에 데이터보드가 있을 것이다."
0x47F42531,"USG Ishimura","< 번역 누락 : 0x47F42531 >"
0x47F42532,"Authorized Personnel Only","< 번역 누락 : 0x47F42532 >"
0x4810C0A3,"ONE MORE MINUTE","1 분 만 더"
0x481632CC,"It sounds like someone sabotaged the shuttle and ripped out the navigation cards.  I've got to find them and bring them to the shuttle, along with the Singularity Core.","우주선에 운항카드와 특이성 코어가 필요하다."
0x481BD1F4,"Security Station","보 안 구 역"
0x481BD1F5,"Lift D","승 강 기 D"
0x481BD1F6,"Sleep Block D Hallway","취 침 실 D 복 도"
0x481BD1F7,"Executive Commons","간 부 공 동 구 역"
0x481BD1F8,"Captain's Quarters","선 장 의 숙 소"
0x481BD1F9,"White's Quarters","화 이 트 의 숙 소"
0x481BD1FA,"Kyne's Quarters","카 인 의 숙 소"
0x481BD1FB,"Temple's Quarters","템 플 의 숙 소"
0x481BD1FC,"Shuttle Bay Hallway","운 송 선 격 납 고 복 도"
0x481BD1FD,"Executive Shuttle Bay","간 부 용 운 송 선 격 납 고"
0x481CD233,"Sleep Block C","취 침 실 C"
0x481CD234,"Rec Room","오 락 실"
0x481CD235,"Rec Hallway","오 락 실 복 도"
0x481CD236,"Lift C","승 강 기 C"
0x482E1424,"[RIG_Left]","< 번역 누락 : 0x482E1424 >"
0x482E1436,"[Aim_Mode]","< 번역 누락 : 0x482E1436 >"
0x4834159E,"[RIG_Right]","< 번역 누락 : 0x4834159E >"
0x483415B0,"[Fire_Alt]","< 번역 누락 : 0x483415B0 >"
0x4869327B,"Residential Hall","< 번역 누락 : 0x4869327B >"
0x4869327C,"CEC: Powering Humanity's Future","< 번역 누락 : 0x4869327C >"
0x48A6DD6C,"[RDUp]SORT","< 번역 누락 : 0x48A6DD6C >"
0x48CE3896,"FLAMETHROWER","화염 방사기"
0x48E589FD,"Look out!","조심해!"
0x49012DF8,"Already in Inventory","이미 가지고 있습니다"
0x49069BD4,"KYNE'S GAMBIT","카 인 의 무 리 수"
0x492B57CC,"Save Station","저 장 장 치"
0x495EA5BB,"QA Support Hardware","< 번역 누락 : 0x495EA5BB >"
0x49BDF992,"DECK D: MAINTENANCE","< 번역 누락 : 0x49BDF992 >"
0x49C39348,"10","< 번역 누락 : 0x49C39348 >"
0x49DA5115,"Position the Marker","마커의 자리를 잡아라"
0x49DF90E6,"The storage device was removed during use. Delete failed.","저장장치가 사용중이라 삭제하지 못했습니다."
0x49FE21ED,"No storage device selected. You will need to select a storage device to save games.","저장장치가 선택되지 않았습니다.게임을 저장하려면 저장장치를 선택해야 합니다."
0x4A0165E0,"(Screams)","< 번역 누락 : 0x4A0165E0 >"
0x4A0265E9,"Oh god, no...! Jesus christ! No!","< 번역 누락 : 0x4A0265E9 >"
0x4A0265EA,"Oh, god... This can't be real... this isn't happening...","< 번역 누락 : 0x4A0265EA >"
0x4A0265EB,"Please help me... I can't move... I can't feel my legs...","< 번역 누락 : 0x4A0265EB >"
0x4A0265EC,"They're dead, aren't they? Everyone's dead... please, just kill me. Please...","< 번역 누락 : 0x4A0265EC >"
0x4A0265ED,"Those bastards knew... they knew and they sent us in here anyway...","< 번역 누락 : 0x4A0265ED >"
0x4A0265EE,"No! Come back! Please, kill me! Don't leave me here for them! KILL ME!","< 번역 누락 : 0x4A0265EE >"
0x4A0E19F9,"Associate Technical Artist","< 번역 누락 : 0x4A0E19F9 >"
0x4A240BE9,"UNLOCKED","해 제"
0x4A565CE4,"N/A","< 번역 누락 : 0x4A565CE4 >"
0x4AF9F1A0,"Global Product Manager","< 번역 누락 : 0x4AF9F1A0 >"
0x4B092411,"Jatin Patel","< 번역 누락 : 0x4B092411 >"
0x4B09F603,"Bring this schematic to the store to unlock the Contact Beam.","상점에 가져가면 잠금이 해제됩니다."
0x4B1F8A03,"Design","< 번역 누락 : 0x4B1F8A03 >"
0x4B2C903D,"Over here, please help me.","< 번역 누락 : 0x4B2C903D >"
0x4B2C903E,"What happened to my leg...oh god...","< 번역 누락 : 0x4B2C903E >"
0x4B2FC473,"Tram Station","정 거 장"
0x4B2FC474,"Atrium Hallway","관 제 실 복 도"
0x4B2FC475,"Main Atrium","중 앙 관 제 실"
0x4B2FC476,"Captain's Nest","선 장 실"
0x4B2FC477,"ADS Lower Hall","ADS 아래층 현관"
0x4B2FC478,"ADS","< 번역 누락 : 0x4B2FC478 >"
0x4B2FC479,"Mining Administration Hallway","채 굴 작 업 관 리 실 복 도"
0x4B2FC47A,"Mining Admin Storage","채 굴 관 리 보 관 실"
0x4B2FC47B,"Security Station","보 안 구 역"
0x4B33DAEC,"Control Center","< 번역 누락 : 0x4B33DAEC >"
0x4B33DAED,"Decon Chamber","오 염 제 거 기"
0x4B33DAEE,"Centrifuge Room","< 번역 누락 : 0x4B33DAEE >"
0x4B33DAEF,"Warning: Authorized personnel only.","< 번역 누락 : 0x4B33DAEF >"
0x4B33DAF0,"Clean yourself up. You stink.","< 번역 누락 : 0x4B33DAF0 >"
0x4B33DAF1,"Whoa it's spinning. I'm getting dizzy!","< 번역 누락 : 0x4B33DAF1 >"
0x4B6E4CC8,"RIG","RIG"
0x4B7C4EA2,"Mindwalk Studios","< 번역 누락 : 0x4B7C4EA2 >"
0x4BAD5765,"PULSE RIFLE","펄스 라이플"
0x4BC3E897,"WARNING! ONE OR MORE POWER CLUTCHES ARE DISENGAGED. UNABLE TO ROUTE POWER TO CENTRIFUGE.","경고!동력전달 실패"
0x4BC3E898,"CENTRIFUGE IS POWERED AND ON STANDBY. ACTIVATE TO ENGAGE GRAVITY WELL.","준비완료.중력장 전개 준비"
0x4BC3E899,"CENTRIFUGE RUNNING AT MAXIMUM PULL. GRAVITY WELL ENGAGED.","최대가동.중력장 전개"
0x4BF9F482,"Radar Lift Room","< 번역 누락 : 0x4BF9F482 >"
0x4C02B11F,"PLANETARY MINING","행 성 채 굴"
0x4C07930B,"//internal check......\n/inertial dampeners...ONLINE\n/environmental intermix chamber...ONLINE\n/phase variance set...ONLINE\n/engineer check...","< 번역 누락 : 0x4C07930B >"
0x4C07930C,"//external check......\n/deflector polarity...SET\n/improbability drive...42\n/trans-warp field generator...SET\n/design check...","< 번역 누락 : 0x4C07930C >"
0x4C07930D,"//shockpoint generator\n/interface to hull...SET\n/set to standby...SET\n/activate phase relay...SET\n/update overclock timing...SET\n/production check...","< 번역 누락 : 0x4C07930D >"
0x4C07930E,"//magnetic bindings\n/bind magno sever...SET\n/bind cargo hold...SET\n/bind passenger hold...SET\n/bind LE stiff...SET\n/design check...","< 번역 누락 : 0x4C07930E >"
0x4C07930F,"//shockpoint graph\n/begin equation...0\n/flush dampeners...1\n/load computation...3\n/begin safety check...4\n/enter penumbra...5\n/navigation check...","< 번역 누락 : 0x4C07930F >"
0x4C079310,"//destination graph\n/usg ishimura plot...FOUND\n/determine variance...SET\n/flux capacitor...SET\n/launch nav anchor...SET\n/enginner check...","< 번역 누락 : 0x4C079310 >"
0x4C079311,"//SC-KELLION\n/Wai Lao Class Shuttle\n/Zebra Industries\n/12700-Zed-Beta","< 번역 누락 : 0x4C079311 >"
0x4C079312,"//Shockpoint","< 번역 누락 : 0x4C079312 >"
0x4C079313,"//Initialiize Shockpoint","< 번역 누락 : 0x4C079313 >"
0x4C25C04F,"OFF","꺼짐"
0x4C2DC220,"TURN\nON?","< 번역 누락 : 0x4C2DC220 >"
0x4C49CE99,"[Delete_Save]DELETE","< 번역 누락 : 0x4C49CE99 >"
0x4C617D98,"Chapter 9: Dead on Arrival","< 번역 누락 : 0x4C617D98 >"
0x4C965068,"Funding has been insufficient. Moving the research to Aegis VII is only aggravating the problem. I understand the pressure to relocate the project outside the reach of the oversight committees, but this has only inflated our resource requirements.\n\nWe are on the verge of cracking the replication code we extracted from the Black Marker. It would be a shame to come this far and have to scrap the project.\n\n...\n\n","< 번역 누락 : 0x4C965068 >"
0x4C965069,"The continued financial infusion over the years has been appreciated and I'm pleased to share the results with you today. While some of our material fabrications are approximations of substances foreign to us, we have completed the internal workings of the device. One obvious difference between our replica and the original is the reddish hue. I assure you this is purely a cosmetic difference not indicative of a flaw.\n\nThe device, when activated, began to emit a highly complicated rhythmic pattern across a wide band of frequencies - from actual sound waves through the electromagnetic spectrum to alpha, delta and theta brain waves. It seems mostly inert and harmless aside from some slight interference with communication equipment.\n\n","< 번역 누락 : 0x4C965069 >"
0x4C96506A,"We are proceeding with the final construction.\n\n...\n\nWe've run into a disturbing but fascinating find. In re-creating the DNA instructions gleaned from the Black Marker, we've managed to create a recombinant microbial life form. It seemed dormant at first, even when placed in a bath of rich nutrients. Were it not for Dr. Clifton's poor hygiene, we might have deemed the attempt a failure. Fortunately for us, he had not fully decontaminated himself before working with the sample and managed to contaminate it with some dead skin cells. Suddenly, the microbes jumped into action! Recombination happened almost instantly and the sample began self-replicating and mutating before our eyes.\n\n...\n\n","< 번역 누락 : 0x4C96506A >"
0x4C96506B,"More confounding results from our research: Today, as we moved what we're now calling the Red Marker, we had to pass by the cellular lab area. The scientists working at the time complained about interruptions in the necrotic flesh experiments. As it turns out, the field generated by the Marker creates a ""dead space"" around itself that forces the recombination effect into dormancy.\n\n...\n\nI apologize for the setback relayed in the last report. The macro-scale infection has been contained with a minimal loss of life. The newly recombinated doctors are now quarantined for further study.\n\n...\n\n","< 번역 누락 : 0x4C96506B >"
0x4C96506C,"Many of the scientists have been complaining of headaches and we are all having difficulty sleeping for more than an hour at a time. We suspect a problem in the ventilation system. The maintenance team reported finding a build-up of some kind blocking the airways.\n\n...\n\n","< 번역 누락 : 0x4C96506C >"
0x4C96506D,"The organic mass continues to expand and take over the complex. The recombinated nightmares now move freely through the corridors. My remaining crew is hastily constructing a transmitter for the Marker in an attempt to broaden the signal it is emanating. Dr. Foster said the idea came to him in a vision. Our hope is to use the signal to keep the unchecked infection from spreading to the landing area. There is little time remaining! You must send help as quickly as possible! Our lives are in your hands.","< 번역 누락 : 0x4C96506D >"
0x4C9FCB35,"Left","왼 쪽"
0x4C9FCB3B,"Right","오 른 쪽"
0x4CC99717,"Hard","어 려 움"
0x4CEB8195,"Repair the Shuttle","우주선을 수리하라"
0x4D00C100,"AUDIOLOG\nADDED","음 성 기 록 추 가"
0x4D4B9CE3,"(Oxygen)","< 번역 누락 : 0x4D4B9CE3 >"
0x4D5FA352,"LIFE SUPPORT","생명 유지 장치"
0x4D70AC26,"Press START button to continue.","계속하려면 시작 버튼을 누르시오."
0x4D9080B5,"ACTIVATE BRIDGE","다 리 올 리 기"
0x4D9080B6,"BRIDGE ACTIVATED","다 리 작 동 중"
0x4D9080B7,"BRIDGE UP","다 리 올 리 기"
0x4D9080B8,"BRIDGE MALFUNCTION","다 리 고 장"
0x4DB8EC93,"Chapter 4: Obliteration Imminent","< 번역 누락 : 0x4DB8EC93 >"
0x4DC6064B,"Oxygen Recharge","-산 소 충 전 기-"
0x4DD56909,"I'll have to drag the Marker through the colony.  The door to the Supply Depot is offline.  I need to find a Power Cell to get it working again.","문을 열기 위해선 파워셀이 필요하다."
0x4E136136,"[Blank_XBoxAim]","< 번역 누락 : 0x4E136136 >"
0x4E4CD1B1,"CREDITS","현 금 카 드"
0x4E5584D6,"Michael Condrey","< 번역 누락 : 0x4E5584D6 >"
0x4E60DF70,"RUBY SEMICONDUCTOR","루 비 반 도 체"
0x4E66881F,"Frank Gibeau","< 번역 누락 : 0x4E66881F >"
0x4E80D7E8,"Cenrtifuge is currently offline. Please activate clutches.","< 번역 누락 : 0x4E80D7E8 >"
0x4E80D7E9,"Clutches Engaged. Activate Console.","장치가 연결되었습니다.조작기를 작동하십시오."
0x4E97E644,"Medium Med Pack Schematic","중형 회복제 설계도"
0x4EB1D875,"Steve Schmidt","< 번역 누락 : 0x4EB1D875 >"
0x4EB6853E,"Complete Chapter 12 on any difficulty setting","< 번역 누락 : 0x4EB6853E >"
0x4EC9F75F,"Hydrazine industrial torch.","공업용 화염 방사기"
0x4ECBD18E,"EXECUTIVE AREA UNLOCKED","간 부 구 역 해 제"
0x4EFEE769,"Claw Arm Malfunction! Manual Replacement Required.","기계팔을 수동으로 조작하십시오."
0x4EFEE76A,"Claws Attached. Activate Center Console.","기계팔 조작이 가능합니다."
0x4F0C1B4E,"ACTIVATED THE TRAM","전 동 차 작 동"
0x4F17800C,"Large Air Can Schematic","대형 산소통 설계도"
0x4F4AD6AB,"00","< 번역 누락 : 0x4F4AD6AB >"
0x4F4BD6EA,"10","< 번역 누락 : 0x4F4BD6EA >"
0x4F4CD729,"20","< 번역 누락 : 0x4F4CD729 >"
0x4F4DD768,"30","< 번역 누락 : 0x4F4DD768 >"
0x4F4ED7A7,"40","< 번역 누락 : 0x4F4ED7A7 >"
0x4F4FD7E6,"50","< 번역 누락 : 0x4F4FD7E6 >"
0x4F50D825,"60","< 번역 누락 : 0x4F50D825 >"
0x4F51D864,"70","< 번역 누락 : 0x4F51D864 >"
0x4F52D8A3,"80","< 번역 누락 : 0x4F52D8A3 >"
0x4F531872,"Cargo Bay","화 물 실"
0x4F531873,"Tram Station","정 거 장"
0x4F531874,"Storage Room A","보 관 실 A"
0x4F531875,"Hangar Bay","격 납 고"
0x4F53D8E2,"90","< 번역 누락 : 0x4F53D8E2 >"
0x4F5EFF7C,"Punch","휘 두 르 기"
0x4F751231,"Save your progress?","… 진행을 저장합니다."
0x4F7CF6EA,"DANGER DANGER DANGER","위 험 위 험 위 험"
0x4F7CF6EB,"Dangerous anomalies detected.  Clear boulders before restoring gravity.","위험물질 감지. 중력복구 전에 제거하십시오."
0x4F7CF6EC,"ANOMALIES","위 험 요 소"
0x4F8B02E1,"CIRCUIT OCCUPIED!","완 료 된 회 로 !"
0x4F8B02E2,"This circuit has already been overridden.","이미 완료된 회로 입니다."
0x4FA18788,"This is Sergeant Neumann, P-Sec! We've lost all the shuttles! One of them just took off, then came straight back down and crashed into the bay! Took a couple hundred people and all the remaining shuttles with it! If anyone can hear this, do not land!  Do not land!","여기는 병장 뉴먼!모든 운송선을 잃었다!방금 이륙했던 우주선 한기도 얼마못가 추락했다.200명이 탑승했었고 남아있는 운송선도 모두 당했다.누군가 듣고있다면 착륙하지마라.착륙하지마!"
0x4FB03C21,"I think that's precisely the point, doctor. God's work.","그게 바로 확실한 점이지,박사.신의 뜻이야."
0x4FB03C23,"You can assume all you want to. I do not. The Marker is glorious and divine, you - you know that.","책임이라니,당치도 않아.마커야 말로 신성한 존재이거늘.박사도 그걸 알고있지 않은가."
0x4FB03C25,"Anyway, we'll have it on board tomorrow. You can analyze it all you want to. What are you so worried about?","내일 마커를 선적하고 나면 원하던 모든 걸 연구할 수 있게 되는데.걱정이 지나친거 아닌가?"
0x4FB03C27,"Doctor... Terrence... there will always be risk when the stakes are high. And here, they're enormous. It could change everything.","박사…테런스… 커다란 변화에 위험이란 항상 있는 법이야.이번엔 너무나도 거대해.모든 게 달라질 거야."
0x50014090,"This is mutiny! You'll all be tried for mutiny! Kyne, make them listen to reason!","이건 반란이야!모두 한통속이지!카인,이놈들을 어떻게좀 해봐!"
0x50014092,"The Marker must be delivered to the church! Terrance, please...","마커를 교회로 옮겨야만돼!카인,부탁이야…"
0x50014095,"(Screaming and flailing) AAaaaaaaaahhhhh!","< 번역 누락 : 0x50014095 >"
0x500140BE,"Traitor! Heretic!","배신자!사이비놈!"
0x500140C1,"Aaarrrggghhh!","으아-악!"
0x500A635A,"Producer","< 번역 누락 : 0x500A635A >"
0x504467B7,"Mix Agents","-물 질 혼 합-"
0x50554262,"Senior Core Engineering","< 번역 누락 : 0x50554262 >"
0x506423A2,"French Product Manager","< 번역 누락 : 0x506423A2 >"
0x506423A7,"French Public Relations","< 번역 누락 : 0x506423A7 >"
0x506537C3,"Additional Engineering","< 번역 누락 : 0x506537C3 >"
0x5080504E,"Captain's log, personal. I want to set the record straight. By the time this log is heard, my actions will have been vindicated. I'm a Unitologist. By now, it's probably no secret that we shouldn't be in this star system. Just another illegal mining job for the company... That is until the colony found the Marker. That was when the Church took an interest, and chose me to lead this pilgrimage. They also ensured many of the mission crew were devout. My primary instruction was to get the Marker up from the colony and on board the ship. Dr. Kyne, the CSO, is an expert on the original Marker and was tasked with deciphering this new one. He says he's making good progress. My decision to quarantine the colony is sound. They've got some kind of epidemic down there, and I can't allow it to infect the ship. Not with such a precious cargo. Not when we are so close! Planetcrack takes place tomorrow. We'll continue to decipher the Marker, and when we return home, we'll pass all our findings, and the Marker, to the Church. The government isn't going to cover this one up. Altman be praised.","선장 기록,사적인 것이다. 기록을 바로 잡고자 한다. 이 기록이 알려졌을 때에는 나의 행동이 옳았음이 증명될 것이다. 난 유니톨로지인. 지금까지 우리가 이 행성계에 있었다는 것은 비밀이 아니었다. 그저 회사를 위한 하나의 불법 채굴이었을 뿐… 콜로니가 마커를 발견하기 전까지는. 거기에 교회가 관심을 가졌고 이번 순례를 이끌도록 나를 선택했다. 또한 임무를 수행하는 선원들은 대부분 독실한 신자들이었다. 주요 지령은 콜로니에서 마커를 가져와 우주선에 싣는 것이었다. 최고책임자 카인 박사는 원본 마커의 전문가였고 이번 새로운 마커의 해독을 맡았다. 박사는 작업이 순조롭다고 말했다. 콜로니를 격리한다는 나의 결정은 타당하다. 저 아래에 있는 자들은 어떤 종류의 전염병을 갖고 있었고 우주선이 감염되는 걸 용납할 수 없다. 귀중한 화물도. 가까이 갈 때가 아니란 말이다! 행성채굴이 내일 시작된다. 우리는 마커 해독을 계속할 것이며 지구로 돌아가면 모든 결과물과 마커를 교회에 넘길 것이다. 정부는 이걸 은폐하지 못 할 것이다. 알트만을 찬양하라."
0x5093F984,"\n","< 번역 누락 : 0x5093F984 >"
0x50AA1BAD,"Isabel Guijarro","< 번역 누락 : 0x50AA1BAD >"
0x50AA1BAF,"Maria Beatriz Silva","< 번역 누락 : 0x50AA1BAF >"
0x50AF106E,"High","높 음"
0x51040E32,"Andrew Green","< 번역 누락 : 0x51040E32 >"
0x51651569,"RADIATION HAZARD","방 사 능 오 염"
0x516D4807,"SINGULARITY CORE FOUND","코 어 발 견"
0x5176DE13,"BALANCE","< 번역 누락 : 0x5176DE13 >"
0x5195BB18,"Data board is missing.","데이터 보드 없음"
0x5195BB19,"Tram damaged! Please repair and try again.","전동차 파손! 복구 하십시오"
0x5195BB1A,"Call tram to access main decks.","운 행 준 비"
0x5195BB1B,"Tram en route","운 행 중"
0x51A9162E,"Military-grade assault rifle with a high rate of fire.","높은 화력을 자랑하는 군용 등급의 소총."
0x51FE9C93,"PULSE RIFLE","펄스 라이플"
0x520BD18B,"VICTORY AGAINST THE LEVIATHAN","레 비 아 단 제 거"
0x52243760,"ELEVATOR PROBLEM","엘 리 베 이 터 문 제"
0x527C55BF,"Collect 150 Logs","기 록 150 개 수 집"
0x529C659A,"CONTACT BEAM","컨 택 트 빔"
0x52AA5B0F,"KENDRA IS ALIVE","켄 드 라 의 생 존"
0x52C1FA52,"Technical Director","< 번역 누락 : 0x52C1FA52 >"
0x52C2C0E4,"HURRY UP!","서 둘 러 !"
0x52D08453,"Use Stasis on 50 enemies","적 50명에게 감속장비 사용"
0x52E6E0A1,"Eviscerator","< 번역 누락 : 0x52E6E0A1 >"
0x53075819,"LARGE AIR CAN","대형 산소통"
0x53306D10,"Aim Mode (toggle)","조 준 [고 정]"
0x53614A68,"LOCKED DOOR","폐 문"
0x5378863F,"Go to the Crew Deck","승무원 갑판으로 가라"
0x53830C94,"Joseph Salud","< 번역 누락 : 0x53830C94 >"
0x538E78FF,"AUTOPSY REPORT","부 검 보 고 서"
0x53F6FC1A,"[Switch_Weapon]","< 번역 누락 : 0x53F6FC1A >"
0x5436239E,"[Pickup_Activate]","< 번역 누락 : 0x5436239E >"
0x5493A50D,"Bring this schematic to the store to unlock the Medium Med Pack.","상점에 가져가면 잠금이 해제됩니다."
0x54F87004,"Complete Chapter 7 on any difficulty setting","< 번역 누락 : 0x54F87004 >"
0x55133ED5,"Bring this schematic to the store to unlock the Large Air Can.","상점에 가져가면 잠금이 해제됩니다."
0x552F2085,"PLASMA CUTTER","플라즈마 커터"
0x5598048A,"Glow","조 명 효 과"
0x559E852E,"Alyssa Rose\nKai Jatin\nAlyssa\nLeoni\nIan Ansel\nJackson Thomas\nLucas\nZara James\nCaitlyn\nKai Joshua\nKody\nKyle\nJiannah Faith\nJack William\nAgatha Marjorie ","< 번역 누락 : 0x559E852E >"
0x55C27721,"FIND THE SINGULARITY CORE","코 어 를 찾 아 라"
0x55FDF678,"RENDEZVOUS","만 남 의 장 소"
0x5606993D,"ERROR","오 류"
0x561046DD,"LARGE MED PACK","대형 회복제"
0x561529E3,"Pavel Rutski","< 번역 누락 : 0x561529E3 >"
0x56364335,"International Campaign Executive","< 번역 누락 : 0x56364335 >"
0x56386C67,"A portable defibrillator should provide enough juice to detonate the thermite.  There's one in Zero-G Therapy, according to Hammond.","전기충격기로도 폭약을 터트리기에 충분할 것이다.무중력 치료실에 있다."
0x566100A5,"CROSS REPORT 3","크 로 스 의 기 록 3"
0x56615247,"Italiano","< 번역 누락 : 0x56615247 >"
0x5693560C,"SMALL AIR CAN","소형 산소통"
0x56A83E37,"Control Room","통 제 실"
0x56A83E38,"Days since last accident: 0","< 번역 누락 : 0x56A83E38 >"
0x56A93E76,"Tram Station","정 거 장"
0x56A93E77,"Thank you for visiting the Engineering Deck","< 번역 누락 : 0x56A93E77 >"
0x56AA3EB5,"Tram Station","정 거 장"
0x56AA3EB6,"Shift Workers please check in with Foreman on duty","< 번역 누락 : 0x56AA3EB6 >"
0x56AB3EF4,"Elevator to Centrifuge","< 번역 누락 : 0x56AB3EF4 >"
0x56AB3EF5,"Authorized Personnel Only","< 번역 누락 : 0x56AB3EF5 >"
0x56AC3F33,"Elevator to Centrifuge","< 번역 누락 : 0x56AC3F33 >"
0x56AC3F34,"Authorized Personnel Only","< 번역 누락 : 0x56AC3F34 >"
0x56AD3F72,"Refueling Control Stations","< 번역 누락 : 0x56AD3F72 >"
0x56AD3F73,"DANGER:  Authorized Personnel Only","< 번역 누락 : 0x56AD3F73 >"
0x56AE3FB1,"Control Room","통 제 실"
0x56AE3FB2,"Shift Workers please check in with Foreman on duty","< 번역 누락 : 0x56AE3FB2 >"
0x56AF3FF0,"Machine Shop","기 계 실"
0x56AF3FF1,"Reminder:  Please sync your RIG regularly","< 번역 누락 : 0x56AF3FF1 >"
0x56B0402F,"Control Room","통 제 실"
0x56B04030,"Secure all tool guards","< 번역 누락 : 0x56B04030 >"
0x56E6C3E0,"Weapon Slots Full","공 간 부 족"
0x56FF8A29,"ENGINE REFUELED","연 료 보 충"
0x57122B0B,"Edwin Molina","< 번역 누락 : 0x57122B0B >"
0x57122B0C,"Jeremy Natividad","< 번역 누락 : 0x57122B0C >"
0x57122B0D,"Bonnie Rosenstein","< 번역 누락 : 0x57122B0D >"
0x57254D79,"Refueling Control Stations","< 번역 누락 : 0x57254D79 >"
0x57254D7A,"DANGER:  Authorized Personnel Only","< 번역 누락 : 0x57254D7A >"
0x57264DB8,"Machine Shop","기 계 실"
0x57264DB9,"Reminder:  Please sync your RIG regularly","< 번역 누락 : 0x57264DB9 >"
0x57274DF7,"South Refueling Control Station","< 번역 누락 : 0x57274DF7 >"
0x57274DF8,"Accessible via Gondola","< 번역 누락 : 0x57274DF8 >"
0x57284E36,"North Refueling Control Station","< 번역 누락 : 0x57284E36 >"
0x57284E37,"Authorized Personnel Only","< 번역 누락 : 0x57284E37 >"
0x57294E75,"North Refueling Control Station","< 번역 누락 : 0x57294E75 >"
0x57294E76,"Accessible via Gondola","< 번역 누락 : 0x57294E76 >"
0x572A4EB4,"Control Room","통 제 실"
0x572A4EB5,"Secure all tool guards","< 번역 누락 : 0x572A4EB5 >"
0x572B4EF3,"To Control Room","< 번역 누락 : 0x572B4EF3 >"
0x572B4EF4,"You are leaving the clean zone","< 번역 누락 : 0x572B4EF4 >"
0x572C4F32,"To Centrifuge","< 번역 누락 : 0x572C4F32 >"
0x572C4F33,"Prepare for Decontamination","< 번역 누락 : 0x572C4F33 >"
0x572CB8C0,"LIST OF DEAD","사 망 자 명 단"
0x572D4F71,"To Control Room","< 번역 누락 : 0x572D4F71 >"
0x572D4F72,"You are leaving the clean zone","< 번역 누락 : 0x572D4F72 >"
0x572E4FB0,"To Centrifuge","< 번역 누락 : 0x572E4FB0 >"
0x572E4FB1,"Prepare for Decontamination","< 번역 누락 : 0x572E4FB1 >"
0x5734F0C3,"Character Technical Director","< 번역 누락 : 0x5734F0C3 >"
0x5771DEDA,"DECK C: MINING","< 번역 누락 : 0x5771DEDA >"
0x57A03BEB,"NODES DEPLETED!","노드 소진!"
0x57A03BEC,"Node reserves are empty. Unable to comply.","노드가 부족합니다."
0x57A35CFA,"To Control Room","< 번역 누락 : 0x57A35CFA >"
0x57A35CFB,"You are leaving the clean zone","< 번역 누락 : 0x57A35CFB >"
0x57A45D39,"Decontamination Room","< 번역 누락 : 0x57A45D39 >"
0x57A45D3A,"All personnel must undergo decontamination","< 번역 누락 : 0x57A45D3A >"
0x57A55D78,"To Control Room","< 번역 누락 : 0x57A55D78 >"
0x57A55D79,"Thank you for your cooperation","< 번역 누락 : 0x57A55D79 >"
0x57A65DB7,"Decontamination Room","< 번역 누락 : 0x57A65DB7 >"
0x57A65DB8,"Thank you for your cooperation","< 번역 누락 : 0x57A65DB8 >"
0x57A75DF6,"To Centrifuge","< 번역 누락 : 0x57A75DF6 >"
0x57A75DF7,"Thank you for your cooperation","< 번역 누락 : 0x57A75DF7 >"
0x57A85E35,"To Decontamination","< 번역 누락 : 0x57A85E35 >"
0x57A85E36,"Thank you for your cooperation","< 번역 누락 : 0x57A85E36 >"
0x57A95E74,"Emergency Supplies Storage","< 번역 누락 : 0x57A95E74 >"
0x57A95E75,"WARNING: Obstruction detected","< 번역 누락 : 0x57A95E75 >"
0x57AA5EB3,"Centrifuge Access","< 번역 누락 : 0x57AA5EB3 >"
0x57AA5EB4,"Danger: Variable Gravity","< 번역 누락 : 0x57AA5EB4 >"
0x57AA80B9,"Destroy the Poison Pods","오염의 원인들을 제거하라"
0x57AB5EF2,"Exit to Control Room","< 번역 누락 : 0x57AB5EF2 >"
0x57AB5EF3,"Thank you for your cooperation","< 번역 누락 : 0x57AB5EF3 >"
0x57AC5F31,"Centrifuge Access","< 번역 누락 : 0x57AC5F31 >"
0x57AC5F32,"Danger: Variable Gravity","< 번역 누락 : 0x57AC5F32 >"
0x57CB4244,"REPAIR INVOICE","정 비 내 역"
0x57E5CB06,"Autofire","< 번역 누락 : 0x57E5CB06 >"
0x5808EB8B,"Move Forward","앞 으 로"
0x58216C7B,"Exit to Control Room","< 번역 누락 : 0x58216C7B >"
0x58216C7C,"Secure gravity boots before exiting","< 번역 누락 : 0x58216C7C >"
0x58226CBA,"Elevator to Lower Level","< 번역 누락 : 0x58226CBA >"
0x58226CBB,"Danger: Variable Gravity","< 번역 누락 : 0x58226CBB >"
0x58236CF9,"To Engine Room","< 번역 누락 : 0x58236CF9 >"
0x58236CFA,"DANGER:  Authorized Personnel Only","< 번역 누락 : 0x58236CFA >"
0x58246D38,"Exit to Engine Room","< 번역 누락 : 0x58246D38 >"
0x58246D39,"WARNING: CRITICAL DOOR MALFUNCTION","< 번역 누락 : 0x58246D39 >"
0x58256D77,"Elevator to Lower Level","< 번역 누락 : 0x58256D77 >"
0x58256D78,"Watch for Automatic Equipment","< 번역 누락 : 0x58256D78 >"
0x58266DB6,"Elevator to Lower Level","< 번역 누락 : 0x58266DB6 >"
0x58266DB7,"Watch for Automatic Equipment","< 번역 누락 : 0x58266DB7 >"
0x58276DF5,"Engine Control Access","< 번역 누락 : 0x58276DF5 >"
0x58276DF6,"WARNING: EXTREME HEAT.  All personnel should wear proper protection","< 번역 누락 : 0x58276DF6 >"
0x58286E34,"Engine Room Exit","< 번역 누락 : 0x58286E34 >"
0x58286E35,"Secure gear before exiting","< 번역 누락 : 0x58286E35 >"
0x58296E73,"Return to Control Room","< 번역 누락 : 0x58296E73 >"
0x58296E74,"Reminder:  Please sync your RIG regularly","< 번역 누락 : 0x58296E74 >"
0x582A6EB2,"Return to Control Room","< 번역 누락 : 0x582A6EB2 >"
0x582A6EB3,"Reminder:  Please sync your RIG regularly","< 번역 누락 : 0x582A6EB3 >"
0x58624229,"Cursor Down","아 래"
0x5869026C,"USG Ishimura, this is the emergency maintenance team of the USG Kellion responding to your distress call. Come in, Ishimura.","이시무라호,여기는 켈리온호 응급지원팀이다.그쪽의 구조요청을 받고 왔다.응답하라,이시무라."
0x586A0278,"What is that?","이게 뭐지?"
0x586A02AB,"Argh, the field's too strong!","윽! 자기장이 너무 강합니다!"
0x586B02B7,"I'm not getting any readings from the port booster and we've lost comms and autopilot. It'll take some time to fix.","추진기와 통신,자동항법장치도 반응이 없습니다.신속히 조치하겠습니다."
0x586C032A,"Huh. That doesn't look good.  She's taken a lot of damage.","헐,안좋은데.너무 많이 박살났어."
0x5877DCAE,"Credits","제 작 진"
0x589E3B6B,"MINING DECK LOG\nKREUZ, G. (QMED)\nThe situation here just got a lot worse. The gravity failure came as we were collating asteroids, and one broke free of the grav beam. It collided with a wall, killing two crew, and split into chunks. They're free floating in the processing room, and we can't restore gravity to get the Master Key until they're cleared. We could really use some engineering help up here.","< 번역 누락 : 0x589E3B6B >"
0x58B217D1,"EA Support Organizations","< 번역 누락 : 0x58B217D1 >"
0x590316E2,"Large air canister that replenishes the air meter.","산소미터 보충용 대형 산소통"
0x59146752,"Glen Schofield","< 번역 누락 : 0x59146752 >"
0x59146753,"Chris Stone","< 번역 누락 : 0x59146753 >"
0x59146754,"Ben Wanat","< 번역 누락 : 0x59146754 >"
0x5923BC1E,"Edgar Sun","< 번역 누락 : 0x5923BC1E >"
0x5967C1A2,"Cursor Up","위"
0x599AE73F,"Go to the Bridge","브릿지로 가라"
0x59AA919D,"USE STASIS\nTO SLOW OBJECTS","감속장비로 목표물을 느려지게 하라"
0x59CB3A79,"EARS Game Lab","< 번역 누락 : 0x59CB3A79 >"
0x59E3FCCF,"SG-","< 번역 누락 : 0x59E3FCCF >"
0x59FF4066,"EAVESDROPPER","도 청 장 치"
0x5A2EB442,"[RDDown]Apply","< 번역 누락 : 0x5A2EB442 >"
0x5A3A3932,"Derek Chan","< 번역 누락 : 0x5A3A3932 >"
0x5A3ABFBD,"FIX CLIMATE CONTROL","< 번역 누락 : 0x5A3ABFBD >"
0x5A53D1E3,"Additional Sound Design","< 번역 누락 : 0x5A53D1E3 >"
0x5A80B575,"[Mouse_Accept]Continue","< 번역 누락 : 0x5A80B575 >"
0x5A93E3C6,"100","< 번역 누락 : 0x5A93E3C6 >"
0x5A9E01B4,"[Activate]","< 번역 누락 : 0x5A9E01B4 >"
0x5AA0B8CF,"Chapter 11: Alternate Solutions","< 번역 누락 : 0x5AA0B8CF >"
0x5ABBB139,"Find the DNA Sample","DNA 샘플을 찾아라"
0x5AEBBE36,"Force an enemy into a Gravity Panel 5 times","< 번역 누락 : 0x5AEBBE36 >"
0x5AF02745,"Barracks","막 사"
0x5B1C1135,"[Movement]","< 번역 누락 : 0x5B1C1135 >"
0x5B1E768B,"Resume","돌 아 가 기"
0x5B37E37C,"Controller %d Unplugged.\nPlease reconnect controller.","< 번역 누락 : 0x5B37E37C >"
0x5B818629,"Associate Product Manager","< 번역 누락 : 0x5B818629 >"
0x5B933F58,"Lead Technical Art Director","< 번역 누락 : 0x5B933F58 >"
0x5B9A20B6,"[Aim_Mode]","< 번역 누락 : 0x5B9A20B6 >"
0x5BCC7DD3,"Michael Davies","< 번역 누락 : 0x5BCC7DD3 >"
0x5BCC7DD4,"Tom Felker","< 번역 누락 : 0x5BCC7DD4 >"
0x5BCC7DD5,"Sophia Han","< 번역 누락 : 0x5BCC7DD5 >"
0x5BCC7DD6,"Walter Wei-Lun Huang","< 번역 누락 : 0x5BCC7DD6 >"
0x5BCC7DD7,"Leo H. Lee","< 번역 누락 : 0x5BCC7DD7 >"
0x5BCC7DD8,"George Lu","< 번역 누락 : 0x5BCC7DD8 >"
0x5BCC7DD9,"Phil Maynard","< 번역 누락 : 0x5BCC7DD9 >"
0x5BCC7DDA,"Michael Noonan","< 번역 누락 : 0x5BCC7DDA >"
0x5BCC7DDB,"Matt Pettifer","< 번역 누락 : 0x5BCC7DDB >"
0x5BF7A2A4,"The ADS is now fully operational.  It should protect us from any asteroid collisions.  Looks like we've bought ourselves some time.","ADS가 작동되고 있다.좀더 시간을 번 셈이다."
0x5C0C05A6,"Medical gel pack that restores full health.","체력을 완치하는 회복제."
0x5C183037,"[Map]","< 번역 누락 : 0x5C183037 >"
0x5C466DC7,"Back","뒤 로"
0x5C466DD4,"Back","뒤 로"
0x5C4CB95A,"Russian Product Manager","< 번역 누락 : 0x5C4CB95A >"
0x5C4CB95F,"Russian Public Relations","< 번역 누락 : 0x5C4CB95F >"
0x5C4F6FFE,"Back","뒤 로"
0x5C4F700B,"Back","뒤 로"
0x5C597158,"[Navigate]Navigate        [UI_Select]Select        [Exit_Rig]Exit","< 번역 누락 : 0x5C597158 >"
0x5C761BFF,"Level Design Lead","< 번역 누락 : 0x5C761BFF >"
0x5C7C50EA,"David Yee","< 번역 누락 : 0x5C7C50EA >"
0x5C8F14D5,"Small air canister that replenishes the air meter.","산소미터 보충용 작은 산소통"
0x5C963FB8,"[Breadcrumbs]","< 번역 누락 : 0x5C963FB8 >"
0x5C976924,"Complete the game on any difficulty setting","< 번역 누락 : 0x5C976924 >"
0x5CC2F5DB,"Concept Artists","< 번역 누락 : 0x5CC2F5DB >"
0x5CE94722,"INITIATE FEEDING SYSTEM","…영양분 공급 시작"
0x5D144F39,"[Activate]","< 번역 누락 : 0x5D144F39 >"
0x5D19A005,"William Lane","< 번역 누락 : 0x5D19A005 >"
0x5D3A8A7C,"Fueling Complete","--주 유 완 료--"
0x5D3A8A7D,"Power routed to thrusters.","< 번역 누락 : 0x5D3A8A7D >"
0x5D709A07,"DAMAGE","파괴력"
0x5D76B79C,"Corrupted Save","< 번역 누락 : 0x5D76B79C >"
0x5DCB6913,"SFX Volume","효 과 음"
0x5DCCE1B9,"Destroy the Asteroids","소행성을 파괴하라"
0x5E0B3796,"POWER NODE\nACQUIRED","파 워 노 드 획 득"
0x5E3D21E2,"BRUTE COMBAT","브루트와 전투"
0x5E9D15EC,"/pause","/ 일 시 정 지"
0x5EB93D21,"LEVEL 4 SUIT","레벨 4 보호복"
0x5EBE46AA,"The Ishimura looks like it's in bad shape, and our shuttle is going to need extensive repairs.  Where the hell is the flight crew?","모든 상황이 좋지 않다.승무원들은 어디에 있을까? ."
0x5ECC9B79,"Level 3 Suit Schematic","레벨 3 보호복 설계도"
0x5EEEF7F2,"R Ctrl","< 번역 누락 : 0x5EEEF7F2 >"
0x5EF92D79,"AIR TIMER TRAINING","에 어 타 이 머"
0x5F32FD13,"MERCER'S LAST SERMON","머 서 의 마 지 막 설 교"
0x5F3DD1C9,"Glen A. Schofield","< 번역 누락 : 0x5F3DD1C9 >"
0x5F3DD1CA,"Michael Condrey","< 번역 누락 : 0x5F3DD1CA >"
0x5F3DD1CB,"Bret Robbins","< 번역 누락 : 0x5F3DD1CB >"
0x5F3DD1CC,"Ian Milham","< 번역 누락 : 0x5F3DD1CC >"
0x5F3DD1CD,"Ben Wanat","< 번역 누락 : 0x5F3DD1CD >"
0x5F3DD1CE,"Paul Mathus","< 번역 누락 : 0x5F3DD1CE >"
0x5F3DD1CF,"Steve Timson","< 번역 누락 : 0x5F3DD1CF >"
0x5F3DD1D0,"Don Veca","< 번역 누락 : 0x5F3DD1D0 >"
0x5F3DD1D1,"Doug Brooks","< 번역 누락 : 0x5F3DD1D1 >"
0x5F97F49B,"Sell","판매"
0x5FC98719,"Special Thanks","< 번역 누락 : 0x5FC98719 >"
0x5FDFA83D,"Anti Aliasing","안티 에일리어싱"
0x5FE13D93,"Steve Timson","< 번역 누락 : 0x5FE13D93 >"
0x601317AC,"Refueling Chamber","연 료 주 입 장 치"
0x601317AD,"Engine Room","엔 진 실"
0x601317AE,"Engineering Storage","기 술 보 관 실"
0x601317AF,"Fuel Storage","연 료 저 장 실"
0x601317B0,"Control Room","통 제 실"
0x601317B1,"Tram Station","정 거 장"
0x601317B2,"Machine Shop","기 계 실"
0x601317B3,"Centrifuge","원 심 분 리 기"
0x601317B4,"Decontamination","오 염 제 거 실"
0x602851F0,"GRAVITY TETHER STATUS","중 력 올 가 미 상 태"
0x602851F1,"Malfunction!!! danger!!!","< 번역 누락 : 0x602851F1 >"
0x602B91F7,"Technical Artist","< 번역 누락 : 0x602B91F7 >"
0x604F1907,"CENTRIFUGE ONLINE","< 번역 누락 : 0x604F1907 >"
0x6063D957,"APAC Product Manager","< 번역 누락 : 0x6063D957 >"
0x60C09F1B,"R Shift","< 번역 누락 : 0x60C09F1B >"
0x60C91B82,"CAPSULE COMPLETE","< 번역 누락 : 0x60C91B82 >"
0x60CA71FD,"David Blizard","< 번역 누락 : 0x60CA71FD >"
0x60DE1239,"Go to the Bridge","브릿지로 가라"
0x6105236A,"Kill at least 30 enemies with a melee attack","< 번역 누락 : 0x6105236A >"
0x614B18B0,"OPEN?","열 기"
0x61A565F7,"START","시 작"
0x61B6D8E1,"Finally, the ship seems stable.  I've bought us some time, hopefully enough to find this SOS Beacon.  But even if we send out a distress signal, is anyone close enough to this system to hear it...?","채굴구역에서 SOS장치를 찾아야한다."
0x61ECBC9A,"Foot Stomp","발 구 르 기"
0x620EA290,"Large Med Pack Schematic","대형 회복제 설계도"
0x622F125E,"RECOMBINATION STUDY","재 조 합 연 구"
0x623DC5BF,"David Pugh","< 번역 누락 : 0x623DC5BF >"
0x623DC5C0,"Joe Spicher","< 번역 누락 : 0x623DC5C0 >"
0x6251A1C9,"FLAME FUEL\nSchematic Acquired\nDownload at the Store","기름통 설계도 획득"
0x62945F22,"Shadow Quality","그 림 자 수 준"
0x62A16A81,"Complete Chapter 4 on any difficulty setting","< 번역 누락 : 0x62A16A81 >"
0x62CAD8F7,"Environment Artists","< 번역 누락 : 0x62CAD8F7 >"
0x62D7ACF7,"Call\nGondola","< 번역 누락 : 0x62D7ACF7 >"
0x62D879A6,"INPUT CARGO NUMBER","< 번역 누락 : 0x62D879A6 >"
0x62D879A7,"11506","< 번역 누락 : 0x62D879A7 >"
0x62D879A8,"ACCESSING CARGO","< 번역 누락 : 0x62D879A8 >"
0x62D879A9,"CARGO DELIVERED","< 번역 누락 : 0x62D879A9 >"
0x632B1061,"Impossible","불 가 능"
0x63BB13E3,"BACK","뒤 로"
0x63C2B337,"COMMUNICATON CONTROL","< 번역 누락 : 0x63C2B337 >"
0x63EF42B9,"Kill the Captain","선장을 제거하라"
0x63FD6D24,"Can't Sell","< 번역 누락 : 0x63FD6D24 >"
0x640AEA0E,"WIDTH","너 비"
0x643B562D,"Pause Menu","일 시 정 지"
0x643F1E8D,"To: Zach Hammond\nFrom: XXXXXXXXXXX\nRe: Background request\n\nPer your request, here's what we could find on your hastily- assembled crew.\n\nISAAC CLARKE\n\nIsaac was born to Poul and Octavia Clark on Earth in the eastern seaboard region of the American Republic. Poul Clarke was an award-winning ship architect employed by the Galactic Union Marine Corp. His record shows extended time off-world away from his family.\n\n","< 번역 누락 : 0x643F1E8D >"
0x64571DF6,"DS Concept Art","< 번역 누락 : 0x64571DF6 >"
0x647D7CE7,"I find it hard to believe that the Ishimura ran out of fuel. They haven't been on mission long enough for that. Either the fuel lines are disengaged or something very bad has happened.\n","연료가 바닥난게 아닐 것이다.뭔가 다른 문제가…"
0x6484A3B8,"BEAM WIDTH CIRCUIT (WID)","< 번역 누락 : 0x6484A3B8 >"
0x6484A3B9,"This will upgrade your WIDTH by %g pts.","< 번역 누락 : 0x6484A3B9 >"
0x64B4DE5D,"[LDUp]","< 번역 누락 : 0x64B4DE5D >"
0x64B4FBEA,"Increases Inventory slots and Armor.","가방의 용량과 방어력이 증가한다."
0x64C85A42,"Bring this schematic to the store to unlock the Level 3 Suit.","상점에 가져가면 잠금이 해제됩니다."
0x64E0A167,"Breadcrumbs","길 안 내"
0x64F6352B,"Use Kinesis to move or throw objects.  ","유도장비는 목표물을 이동시키거나 던질 수 있다."
0x64F832CD,"MEET ON THE FLIGHT DECK","비 행 갑 판 에 서"
0x64FCB6C1,"This will upgrade your AIR by %g sec.","< 번역 누락 : 0x64FCB6C1 >"
0x650A696C,"Credits_AddArt_EASH_ProdCrd","< 번역 누락 : 0x650A696C >"
0x650A696D,"Credits_AddArt_EASH_Art","< 번역 누락 : 0x650A696D >"
0x650A696E,"Credits_AddArt_EASH_AsoArt","< 번역 누락 : 0x650A696E >"
0x650A696F,"Credits_AddArt_EASH_AstArt","< 번역 누락 : 0x650A696F >"
0x650A6970,"Credits_AddArt_EASH_Tech","< 번역 누락 : 0x650A6970 >"
0x650A6971,"Credits_Blank_Line","< 번역 누락 : 0x650A6971 >"
0x650A6972,"Credits_AddArt_MW","< 번역 누락 : 0x650A6972 >"
0x650A6973,"Credits_AddArt_MW_Lead_Char","< 번역 누락 : 0x650A6973 >"
0x650A6974,"Credits_AddArt_MW_Lead_Env","< 번역 누락 : 0x650A6974 >"
0x650A6975,"Credits_AddArt_MW_Lead_Obj","< 번역 누락 : 0x650A6975 >"
0x650B69AB,"Credits_AddArt_MW_Char","< 번역 누락 : 0x650B69AB >"
0x650B69AC,"Credits_AddArt_MW_Env","< 번역 누락 : 0x650B69AC >"
0x650B69AD,"Credits_AddArt_MW_Obj","< 번역 누락 : 0x650B69AD >"
0x650B69AE,"Credits_AddArt_MW_Trans","< 번역 누락 : 0x650B69AE >"
0x650B69AF,"Credits_AddArt_MW_Thx","< 번역 누락 : 0x650B69AF >"
0x650B69B0,"Credits_Blank_Line","< 번역 누락 : 0x650B69B0 >"
0x650B69B1,"Credits_Exec","< 번역 누락 : 0x650B69B1 >"
0x650B69B2,"Credits_Exec_CEO","< 번역 누락 : 0x650B69B2 >"
0x650B69B3,"Credits_Exec_EAG_Pres","< 번역 누락 : 0x650B69B3 >"
0x650B69B4,"Credits_Exec_EAG_SVP","< 번역 누락 : 0x650B69B4 >"
0x650C69EA,"Credits_Blank_Line","< 번역 누락 : 0x650C69EA >"
0x650C69EB,"Credits_Mkt","< 번역 누락 : 0x650C69EB >"
0x650C69EC,"Credits_Mkt_Sr_GVP","< 번역 누락 : 0x650C69EC >"
0x650C69ED,"Credits_Mkt_VP_EARS","< 번역 누락 : 0x650C69ED >"
0x650C69EE,"Credits_Mkt_Glo_PM","< 번역 누락 : 0x650C69EE >"
0x650C69EF,"Credits_Mkt_Ass_PM","< 번역 누락 : 0x650C69EF >"
0x650C69F0,"Credits_Mkt_Intl_PM","< 번역 누락 : 0x650C69F0 >"
0x650C69F1,"Credits_Mkt_Intl_MM","< 번역 누락 : 0x650C69F1 >"
0x650C69F2,"Credits_Mkt_Intl_APAC_PM","< 번역 누락 : 0x650C69F2 >"
0x650C69F3,"Credits_Mkt_Sr_Pub","< 번역 누락 : 0x650C69F3 >"
0x650D6A29,"Credits_Mkt_Sr_PRMgr","< 번역 누락 : 0x650D6A29 >"
0x650D6A2A,"Credits_Mkt_Pub","< 번역 누락 : 0x650D6A2A >"
0x650D6A2B,"Credits_Mkt_Onl_MM","< 번역 누락 : 0x650D6A2B >"
0x650D6A2C,"Credits_Mkt_Comm","< 번역 누락 : 0x650D6A2C >"
0x650D6A2D,"Credits_Mkt_Sr_Adv","< 번역 누락 : 0x650D6A2D >"
0x650D6A2E,"Credits_Mkt_Intern","< 번역 누락 : 0x650D6A2E >"
0x650D6A2F,"Credits_Mkt_Bel_PM","< 번역 누락 : 0x650D6A2F >"
0x650D6A30,"Credits_Mkt_Fr_PM","< 번역 누락 : 0x650D6A30 >"
0x650D6A31,"Credits_Mkt_Fr_PR","< 번역 누락 : 0x650D6A31 >"
0x650D6A32,"Credits_Mkt_Ger_PM","< 번역 누락 : 0x650D6A32 >"
0x650E40B6,"John Riccitiello","< 번역 누락 : 0x650E40B6 >"
0x650E6A68,"Credits_Mkt_Ger_PR","< 번역 누락 : 0x650E6A68 >"
0x650E6A69,"Credits_Mkt_Itl_PM","< 번역 누락 : 0x650E6A69 >"
0x650E6A6A,"Credits_Mkt_Itl_PR","< 번역 누락 : 0x650E6A6A >"
0x650E6A6B,"Credits_Mkt_Spa_PM","< 번역 누락 : 0x650E6A6B >"
0x650E6A6C,"Credits_Mkt_Rus_PM","< 번역 누락 : 0x650E6A6C >"
0x650E6A6D,"Credits_Mkt_Rus_PR","< 번역 누락 : 0x650E6A6D >"
0x650E6A6E,"Credits_Mkt_UK_PM","< 번역 누락 : 0x650E6A6E >"
0x650E6A6F,"Credits_Mkt_UK_PR","< 번역 누락 : 0x650E6A6F >"
0x650E6A70,"Credits_Mkt_Sr_Camp","< 번역 누락 : 0x650E6A70 >"
0x650E6A71,"Credits_Mkt_Intl_Camp","< 번역 누락 : 0x650E6A71 >"
0x650F6AA7,"Credits_Mkt_Mem","< 번역 누락 : 0x650F6AA7 >"
0x650F6AA8,"Credits_Blank_Line","< 번역 누락 : 0x650F6AA8 >"
0x650F6AA9,"Credits_Loc","< 번역 누락 : 0x650F6AA9 >"
0x650F6AAA,"Credits_Loc_Intl_PM","< 번역 누락 : 0x650F6AAA >"
0x650F6AAB,"Credits_Loc_Audio_Eng","< 번역 누락 : 0x650F6AAB >"
0x650F6AAC,"Credits_Loc_Integ_Eng","< 번역 누락 : 0x650F6AAC >"
0x650F6AAD,"Credits_Loc_Test_Sr_PM","< 번역 누락 : 0x650F6AAD >"
0x650F6AAE,"Credits_Loc_Test_Jr_PM","< 번역 누락 : 0x650F6AAE >"
0x650F6AAF,"Credits_Loc_Test_Sr_Test","< 번역 누락 : 0x650F6AAF >"
0x650F6AB0,"Credits_Loc_Test","< 번역 누락 : 0x650F6AB0 >"
0x65106AE6,"Credits_Loc_Coord_CS","< 번역 누락 : 0x65106AE6 >"
0x65106AE7,"Credits_Loc_Trans_CS","< 번역 누락 : 0x65106AE7 >"
0x65106AE8,"Credits_Loc_Coord_FR","< 번역 누락 : 0x65106AE8 >"
0x65106AE9,"Credits_Loc_Trans_FR","< 번역 누락 : 0x65106AE9 >"
0x65106AEA,"Credits_Loc_Coord_DE","< 번역 누락 : 0x65106AEA >"
0x65106AEB,"Credits_Loc_Trans_DE","< 번역 누락 : 0x65106AEB >"
0x65106AEC,"Credits_Loc_Coord_HU","< 번역 누락 : 0x65106AEC >"
0x65106AED,"Credits_Loc_Trans_HU","< 번역 누락 : 0x65106AED >"
0x65106AEE,"Credits_Loc_Coord_IT","< 번역 누락 : 0x65106AEE >"
0x65106AEF,"Credits_Loc_Trans_IT","< 번역 누락 : 0x65106AEF >"
0x65116B25,"Credits_Loc_Coord_PL","< 번역 누락 : 0x65116B25 >"
0x65116B26,"Credits_Loc_Trans_PL","< 번역 누락 : 0x65116B26 >"
0x65116B27,"Credits_Loc_Coord_RU","< 번역 누락 : 0x65116B27 >"
0x65116B28,"Credits_Loc_Trans_RU","< 번역 누락 : 0x65116B28 >"
0x65116B29,"Credits_Loc_Coord_ES","< 번역 누락 : 0x65116B29 >"
0x65116B2A,"Credits_Loc_Trans_ES","< 번역 누락 : 0x65116B2A >"
0x65116B2B,"Credits_Blank_Line","< 번역 누락 : 0x65116B2B >"
0x65116B2C,"Credits_QA","< 번역 누락 : 0x65116B2C >"
0x65116B2D,"Credits_QA_Sr_Dir","< 번역 누락 : 0x65116B2D >"
0x65116B2E,"Credits_QA_Sr_Mgr","< 번역 누락 : 0x65116B2E >"
0x65126B64,"Credits_QA_Mgr","< 번역 누락 : 0x65126B64 >"
0x65126B65,"Credits_QA_FranLead","< 번역 누락 : 0x65126B65 >"
0x65126B66,"Credits_QA_Embed","< 번역 누락 : 0x65126B66 >"
0x65126B67,"Credits_QA_Dev_Lead","< 번역 누락 : 0x65126B67 >"
0x65126B68,"Credits_QA_Tools","< 번역 누락 : 0x65126B68 >"
0x65126B69,"Credits_QA_Dev_AstLead","< 번역 누락 : 0x65126B69 >"
0x65126B6A,"Credits_QA_Dev_Test","< 번역 누락 : 0x65126B6A >"
0x65126B6B,"Credits_QA_Core","< 번역 누락 : 0x65126B6B >"
0x65126B6C,"Credits_QA_Sr_Test_Lead","< 번역 누락 : 0x65126B6C >"
0x65126B6D,"Credits_QA_Ast_Lead","< 번역 누락 : 0x65126B6D >"
0x65136BA3,"Credits_QA_Tester","< 번역 누락 : 0x65136BA3 >"
0x65136BA4,"Credits_Blank_Line","< 번역 누락 : 0x65136BA4 >"
0x65136BA5,"Credits_QA_VMC","< 번역 누락 : 0x65136BA5 >"
0x65136BA6,"Credits_QA_VMC_Sr_Lead","< 번역 누락 : 0x65136BA6 >"
0x65136BA7,"Credits_QA_VMC_Lead","< 번역 누락 : 0x65136BA7 >"
0x65136BA8,"Credits_QA_VMC_Ast_Lead","< 번역 누락 : 0x65136BA8 >"
0x65136BA9,"Credits_QA_VMC_Tester","< 번역 누락 : 0x65136BA9 >"
0x65136BAA,"Credits_Blank_Line","< 번역 누락 : 0x65136BAA >"
0x65136BAB,"Credits_QA_Supp","< 번역 누락 : 0x65136BAB >"
0x65136BAC,"Credits_QA_Supp_Shared_Mgr","< 번역 누락 : 0x65136BAC >"
0x65387C8D,"GO TO MEDICAL","의 료 시 설"
0x653DB569,"Deeka Macdonald","< 번역 누락 : 0x653DB569 >"
0x657444AC,"Your Air Meter will appear when you are in a vacuum.","진공지역에 있을 때 에어 타이머가 표시된다."
0x657B1663,"Alberto Iniesta","< 번역 누락 : 0x657B1663 >"
0x657B1664,"Antonio Yago","< 번역 누락 : 0x657B1664 >"
0x658878ED,"Credits_QA_Supp_Comp_Lead","< 번역 누락 : 0x658878ED >"
0x658878EE,"Credits_QA_Supp_Comp_Test","< 번역 누락 : 0x658878EE >"
0x658878EF,"Credits_QA_Supp_DB_Admin","< 번역 누락 : 0x658878EF >"
0x658878F0,"Credits_QA_Supp_Hardware","< 번역 누락 : 0x658878F0 >"
0x658878F1,"Credits_QA_Supp_Admin","< 번역 누락 : 0x658878F1 >"
0x658878F2,"Credits_Blank_Line","< 번역 누락 : 0x658878F2 >"
0x658878F3,"Credits_EA_Support","< 번역 누락 : 0x658878F3 >"
0x658878F4,"Credits_Blank_Line","< 번역 누락 : 0x658878F4 >"
0x658878F5,"Credits_Special_Thx","< 번역 누락 : 0x658878F5 >"
0x658878F6,"Credits_Blank_Line","< 번역 누락 : 0x658878F6 >"
0x6589792C,"Credits_FullTour","< 번역 누락 : 0x6589792C >"
0x6589792D,"Credits_Blank_Line","< 번역 누락 : 0x6589792D >"
0x6589792E,"Credits_Legal_Havok","< 번역 누락 : 0x6589792E >"
0x6589792F,"Credits_Legal_MPEG","< 번역 누락 : 0x6589792F >"
0x65897930,"Credits_Legal_On2","< 번역 누락 : 0x65897930 >"
0x65F1CA64,"QA Technical Artist","< 번역 누락 : 0x65F1CA64 >"
0x65F2542D,"Your ammo counter will flash red if you can't jump to a surface.","점프를 할 수 없는 곳은 탄약창에 붉게 표시된다."
0x65FA9092,"CAPACITY","용 량"
0x65FEC3DA,"Executive Producer","< 번역 누락 : 0x65FEC3DA >"
0x661B259B,"Z-Baller","< 번역 누락 : 0x661B259B >"
0x667063AE,"Use Kinesis on heavy objects that display this symbol.","표식이 있는 무거운 물체에 유도장비를 사용한다."
0x6671CF44,"Senior Development Director","< 번역 누락 : 0x6671CF44 >"
0x667E658A,"Senior Gameplay Designer","< 번역 누락 : 0x667E658A >"
0x6680A61D,"ROUND","< 번역 누락 : 0x6680A61D >"
0x66817BD7,"\n","< 번역 누락 : 0x66817BD7 >"
0x668AF876,"Localization Testers","< 번역 누락 : 0x668AF876 >"
0x66EE732F,"All weapons have an alternate firing mode.","모든 무기에는 다른 사격방식이 있다."
0x67007339,"Call the Tram","전동차를 호출하라"
0x67395405,"\nLouie, C\nLouie, M\nMcSweeney, B\nMeneses, F\nMerenda, R\nMolina, E\nNatividad, J\nNoonan, M\nPalrang, J\nPatel, J\nPatterson, I\nPavey, E\nPeterson, M\nPitts, R\nPiwenitzky, H\nPugh, D\nRuelas, A\nSarossy, V\nSchlegel, P\nSchofield, G\nScott, D\nSeo, A\nShande, T\nSilver, S\nSwearingen, S\nSwenson, D\nTalens, J\nThibodeaux, N\nThoeun, C\nTuohy, J\nValadez, G\nVaught, C\nVocal, C\nVoelker, S\nWells, J\nWilliams, N\nWrede, R\nZelaya, A\nZittle, K","< 번역 누락 : 0x67395405 >"
0x676C82B0,"Pick up Schematics to add items to the Store.","설계도를 획득하면 상점에 아이템이 추가된다."
0x676DDD37,"CENTRIFUGE","원 심 분 리 기"
0x6799A946,"THE VALOR","밸 러 호"
0x679F24AC,"Information","< 번역 누락 : 0x679F24AC >"
0x67A65158,"Military Suit Unlocked","전 투 복 잠 금 해 제"
0x67A65159,"Backstory Logs Unlocked","배 경 스 토 리 잠 금 해 제"
0x67A6515A,"50000 Credits Awarded","현 금 50000 획 득"
0x67A6515B,"10 Power Nodes Awarded","파 워 노 드 10 개 획 득"
0x67A6515C,"Impossible Mode Unlocked","불 가 능 난 이 도 해 제"
0x67D3BCCC,"Ben Swanson","< 번역 누락 : 0x67D3BCCC >"
0x67EA9231,"Plug Power Cells into Receptacles to power up doors or machinery.","파워 셀을 소켓에 연결하여 문이나 기계 장치에 전원을 공급한다."
0x680A6159,"Bring this schematic to the store to unlock the Large Med Pack.","상점에 가져가면 잠금이 해제됩니다."
0x682183B6,"All right everyone, we're here.  Synching our orbit now.","드디어 도착했구만.당장 궤도를 맞추도록."
0x682183B8,"Deep space mining is a lucrative business, Ms. Daniels. Aegis 7 is a gold mine, according to prospector's reports.  Cobalt, Silicon, Osmium... Now where is she? There she is. We have visual contact.","우주채굴이야 재미보는 장사지,켄드라.보고된 바로는 이지스-7이 금광이라더군.코발트,실리콘,오스뮴… 어디… 저기 함선이 보인다."
0x682183E2,"The USG Ishimura. Biggest Planetcracker in her class. And it looks like they already popped the cork.","USG-이시무라.행성채굴선 중 동급최대지.이미 지나버린 이야기같지만."
0x682183E4,"Corporal, take us in closer and hail them.  And stay clear of that debris field. We're here to fix their ship, not the other way around.","하사,접근해서 신호를 보내.저기 잔해지역은 조심해.우리가 오히려 정비 받게되는 일이 없도록."
0x682256B3,"Senior Campaign Manager","< 번역 누락 : 0x682256B3 >"
0x682283EF,"Yes, we know. Boost the signal.  More.","우리도 압니다요.신호를 좀더 올려."
0x682283F3,"Alright, you heard the lady. Take us in. Let's see what needs fixing.","숙녀분 말씀 들었지?돌입한다.가서 살펴봐야지."
0x682283F5,"What the hell...?","뭐지…?"
0x682283F7,"What is it?","뭐야?"
0x68228420,"Hit the blast shields! Their guidance tether is damaged! Switch to manual, NOW!","방어막 최대로!유도장치가 부서졌다!당장 수동으로 바꿔!"
0x68228423,"NO! We can make it inside! Corporal, I gave you an order!","아니!진입할 수 있어!하사!명령을 못들었나!"
0x68228425,"Is everyone okay?","모두 무사해?"
0x6823842F,"I just saved our asses, Ms. Daniels! If we had aborted at that speed and distance, we would have smashed right into the side of the Ishimura! Now settle down, and let's get to work. Corporal, report!","이정도면 성공한 거야,켄드라.그정도 속도와 거리에서 중지시켰다면 분명 아작났을 거야.그러니 그만 진정하고 작업을 시작하자.하사,보고하라."
0x68238431,"All right, let's get some extra hands from flight deck to help out.","알았다.비행갑판에서 도움 좀 받아야겠어."
0x68238434,"All right. We've still got a job to do. We're moving out.","알았다.우린 아직 할 일이 있다.이동한다."
0x68238460,"Guess the power's down everywhere. Isaac, get over here and hack the door pad.","모든 구역이 정전인 것 같다.아이작,여기 문을 열어줘."
0x68248474,"There should be a security detail in here.","여긴 보안특무대가 있었을 텐데."
0x68248476,"That security console is still live. Isaac, log in and see what you can find. Kendra, get that elevator back online.","보안장치는 아직 살아있는데.아이작,접속해서 뭐든 찾아봐.켄드라는 엘리베이터를 복구하도록 해."
0x6824849F,"Then re-route the damn power! Look, if we all cooperate, we can figure this out a lot sooner. Let's get that computer display up, Isaac.","어떻게든 해봐야지…어이,서로 협력해야 문제를 신속하게 해결하겠지.컴퓨터 화면을 봐줘,아이작."
0x682484A1,"Isaac, check that security console.","< 번역 누락 : 0x682484A1 >"
0x6850989F,"ELEVATOR FIXED","엘 리 베 이 터 복 구"
0x68675621,"MELEE","근 접 공 격"
0x6868A1B2,"Red weapon icons mean your weapon has no ammo in its clip.","붉은 색 무기 아이콘은 탄약이 없다는 뜻이다."
0x686C86A4,"The tram system's offline. Getting around is going to be difficult.","전동차도 먹통이라니,돌아다니기 힘들겠어."
0x686C86A7,"Automatic quarantine must have tripped when the filtration system restarted. Everybody relax...","정화장치 재가동으로 자동격리장치가 작동한거야.진정들해…"
0x686C86AB,"I'm not sure...","글쎄…"
0x686C86AC,"What the hell?","뭐야?"
0x686C86D5,"Jesus! Open fire! Open fire!","제기랄!사격개시!쏴라!"
0x686C86D6,"Kendra!  Power!","켄드라!전기를!"
0x686C86D7,"Kendra...!","켄드라…!"
0x686C86DA,"Isaac, get the hell out of there!","아이작,거기서 나가!"
0x686D86E9,"Isaac, we ran into more of them on the way over here. Are you okay?","아이작. 헐,우린 오는동안 몇놈을 더 만났는데,넌 괜찮아?"
0x686D86EB,"Keep your voice down! Whatever they are, they're not friendly! And half the doors on the ship are locked because of the quarantine.","조용히 말해.저놈들이 뭐건 난 사양이니깐.격리되는 바람에 문 절반은 잠겨있단 말이야."
0x686D86EC,"Now we have to get to the bridge, but first, we got to repair the tram system. ","지금 브릿지로 가야되지만 먼저 전동차를 정비해야 갈수 있어."
0x686D8717,"If you listen to me, I WILL get you out of here alive. Now what's wrong with the tram?","내 말만 잘들어주면 살아서 나가게 해주지.지금 전동차의 문제가 뭐야?"
0x686D8719,"No, we can't... but you can. Isaac, if I can get to the Bridge, I should be able to access the personnel files. You fix the tram and I'll help you find Nicole.","그래.우린 안되지만 아이작 너는 가능해.브릿지에 인사기록이 있어.전동차를 복구해.니콜을 찾게 도와주겠어."
0x686E8728,"Alright, we're onboard and heading to the Bridge.  Good work.","됐어.우린 전동차로 브릿지에 간다.수고했어."
0x686E872A,"Whatever was in the flight lounge must have left.  That's lucky for us.  Isaac, get back to the Kellion and prep it for launch.  We'll find out what we can from the bridge and meet you there.","대합실에 있었던게 뭐였건 간에 없어졌으니 운이 따르는 거지.아이작,켈리온에 돌아가서 출발준비 해줘.우린 브릿지를 확인해보고 합류할테니까."
0x686E8753,"Your lack of confidence in me is duly noted, Ms. Daniels, but I have a mission to complete and that's exactly what I am going to do.  With or without you.  Do we understand each other?","나를 불신하다는건 알아,켄드라.하지만 난 혼자서라도 완수해야만 하는 임무가 있으니 서로 이해해주는게 어때?"
0x686E8755,"Isaac, we made it to the Bridge.  It's a nightmare up here.  No survivors.  We're going to try and get to the Command computer.  Wish us luck.","아이작.우린 지금 브릿지야.이건 악몽이야.생존자가 전혀 없어.일단 중앙컴퓨터에 접속해 볼테니까 기도나 해."
0x686E8757,"What the hell is happening down there?! What happened to the shuttle?","무슨 일이야?!켈리온은 어떻게 됐어?"
0x686F8761,"Kendra...","켄드라…"
0x686F8763,"Just let me think! Can you access the Command computer?","생각 좀 하자.…중앙컴퓨터에 접속할수 있겠어?"
0x686F8765,"Well? Where's the Captain?  ","그래? 선장은 어디 있지?"
0x686F8767,"What? How?","뭐시라? 어째서?"
0x686F8769,"Dammit! Isaac. I'm sending the tram back to your location. Get to the Medical Deck and find that RIG as fast as you can.","젠장!아이작.전동차를 돌려보낼게.의료실로 가서 서둘러 선장의 RIG를 찾아."
0x686F8792,"Holy shit! Come on, get out of here!","이런 망할!빨리 여기서 나가자!"
0x68A093A5,"Isaac? Are you there? We were attacked! Kendra's gone! One minute she was there, then... I can't believe I lost her. We can still do this. Get me the Captain's RIG codes and we'll find Nicole.","아이작,들려?공격당하는 바람에 켄드라를 놓쳤어.분명 같이 있었는데,젠장.어떻게된 일이지…아직 포기하면 안돼.선장의 암호를 가져와.니콜도 찾게 될거야."
0x68A193AF,"God, communication is useless in all this static...","잡음 때문에 통신상태가 엉망이야"
0x68A193E3,"Alright, that thermite you picked up should be able to melt through the barricade.  Use the shock pad to ignite it. Hope I can hold this position.  I can hear something big moving out there.","좋아.입수한 고열폭약으로 방어벽을 녹여버릴수 있을거야.점화는 충격기로 하면돼.난 그냥 여기 있고 싶어.밖에서 뭔가 엄청난게 움직이는 소리가 들리거든."
0x68A293F5,"Great, you got a shock pad. Combine that with the thermite at the barricade to destroy it. Shit, I can hear more coming.  Moving through the vents.  Stay safe, Isaac.","좋았어,충격기를 찾았군.그걸 폭약과 조합해 방어벽을 날려버리는 거야.젠장!더 가깝게 들린다.환기구를 통해 움직이고 있어.몸조심해,아이작."
0x68A293F6,"Okay, you're through.  Should be clear from there to the morgue. Remember, the codes are on the captain's body.","좋아,통과했군.영안실까지는 괜찮을 거야.명심해,코드는 선장의 시체에 있단걸."
0x68A29421,"That was Nicole, right? I can't tell from here when that log was made... I'm sure she's around here somewhere. ","방금 니콜이었나?언제 기록한 건지는 모르지만…분명 니콜은 여기 어딘가 있을거야."
0x68AEE7A9,"Desmond Fu","< 번역 누락 : 0x68AEE7A9 >"
0x68AEE7AA,"Squall Liu","< 번역 누락 : 0x68AEE7AA >"
0x68AEE7AB,"Carl Zhou","< 번역 누락 : 0x68AEE7AB >"
0x68CBB96E,"Find the Maintenance Bay Key","관리구역의 열쇠를 찾아라"
0x68D6BC4E,"ENGINE FIRED","엔 진 점 화"
0x68EA9625,"Codes received, and they look good. Thank god.  I'll start accessing the Captain's records right now. Head to the tram station, and I'll contact you there. I'm going to find out what the hell happened to this ship...","코드를 받았다.괜찮아 보이는군.천만다행이야.당장 선장의 기록에 접속을 시작하겠다.정거장으로 가.나도 거기서 합류하겠다.무슨 끔찍한 일이 있었는지 알아봐야 겠어…"
0x68EA9626,"Isaac! Somehow one of them found a way down to the Captain's Nest! I managed to contain it in a damaged escape pod.","아이작!한놈이 선장실 통로를 용케 알아냈더군.일단 놈을 망가진 탈출포드에 가둬놨어."
0x68EA9627,"Lifting the executive lockdown now... I found the deck logs...","지금 상급보안을 열고있다… 갑판기록을 찾았어…"
0x68EA9628,"Whatever is happening around here, it came from the planet when they cracked it open.  It spread to the colony, and reached the ship. Isaac, this isn't an infection. It's some form of alien life! Shit! We've got bigger problems. The ship's engines are offline and our orbit is decaying! Get over to the Engineering deck asap, while I stay here and figure out what the problem is.","여기 발생한 일이 뭐였건 이놈들은 행성에 발을들인 순간부터 침입했었어.콜로니에 퍼지고선 함선까지 왔던거야.아이작,이건 감염체가 아니야.어떤 외계생명체라구!빌어쳐먹을!일이 점점 커지는군.엔진에 문제가 생겨서 함선이 궤도를 벗어나고 있다!서둘러 엔진실로 가.난 여기서 정확한 문제를 알아볼테니까."
0x68EC96A7,"Isaac, we've got two problems, and we're working on borrowed time here! First, there's no fuel in the engines.  Second, the gravity centrifuge is offline... which means there's a couple of trillion tons of rock pulling us down.  I need you to get that centrifuge operational, refuel the main engine and fire it up so I can stabilize the ship's orbit. ","아이작!두가지 문제가 생겼다.게다가 시간이 없어!우선 엔진에 망할 연료가 없다.또 중력 원심분리기가 작동하지 않는다… 엄청난 무게의 바위덩어리들이 우릴 끌어내린단 소리야.원심분리기를 작동시키고 엔진에 연료를 공급해서 점화시켜야 한다.그래야 궤도를 안정시킬 수 있어."
0x68EC96D9,"Whatever you did, it's working Isaac! I have a fuel reading. It's only a quarter full, but that's enough to restore orbit once you bring the engines online... What the hell? False alarm.  Thought I saw something.","어쨌든 해냈군,작동하고 있어,아이작.눈금을 봐선 절반도 안되지만 엔진을 가동하고 궤도를 회복하기엔 충분한 양… 뭐지?경보가 잘못 울렸나.뭔가 본것 같았는데."
0x68ED96E9,"You're doing great, Isaac! Centrifuge and gyros are both a hundred percent and stabilized. Now get out of there and focus on the engine. I don't know how much time we have left.","정말 잘했어,아이작!원심분리기와 회전축 모두 100% 안정되었어.이젠 거기서 나와 엔진을 주시해.남은 시간이 얼마나 있을지 모르겠어."
0x68ED96EB,"Kendra!  Where are you?","켄드라?!어디 있는거야?"
0x68EE9721,"It's working! We're online and functional! Finally some good news. Get a tram to the bridge, Isaac. I'm going to take us back into a geostationary orbit.","작동한다!기능에도 문제는 없어!이제야 좋은 소식이군.전동차를 타고 브릿지로 가,아이작.난 함선을 다시 정지궤도로 돌릴테니까."
0x68EE9723,"Goddammit.  I'll start working on it from here.  Isaac, meet me at the Bridge.  You can do more good here than I can.","빌어쳐먹을!여기서 작동시켜 보겠다.아이작,브릿지에서 만나자.여기선 나보단 네가 적임이지."
0x68EF2223,"ASTEROID IMPACT","소 행 성 충 돌"
0x68F197DE,"Isaac, come in. Kendra's right, the ADS is completely shot. I'll need your help to fix this. Kendra, if you can hear me, see if you can get into the ship reports. It sounds like you have better access from there.","아이작.응답해.켄드라가 말한대로야.ADS는 완전히 정지됐어.복구하려면 도움이 필요하다.켄드라,듣고있다면 함선보고서를 찾아봐.거기선 접속이 쉬울거야."
0x68F197E0,"I don't know anything about that.  It's referenced in the captain's records.  They brought it up  from the planet...","난 아무것도 모른다.선장의 기록에도 나와있었잖아.그자들이 행성에서 마커를 끌어올렸다고…"
0x68F197E2,"In cargo.  They think it's of alien origin.  But I don't know what the hell it is.","화물실이야.그자들은 외계인의 물건이라 생각하지.난 그딴게 뭔지 모르지만."
0x68F197E4,"Back off.  I am not the bad guy here.  We're all shaky right now.  You're going to have to trust that I don't know anything about it.","집어치워.난 나쁜놈이 아니야.지금은 우리 모두 불안해하고 있다.난 정말 아무것도 모른단 말이야."
0x68F197E5,"We've entered the debris field! Get to the captain's nest. I'll explain everything later. Hammond out.","잔해지역에 들어왔다!선장실로 와.나중에라도 전부 설명해줄게.해먼드 종료."
0x68F19812,"Isaac!  Damn, you scared me.  This place is making me jumpy. Fucking asteroids coming through the roof... Look, I know Kendra doesn't trust me, but I don't know anything about a Marker or anything else.  This was supposed to be a repair mission, plain and simple. This mess is the Asteroid Defense System. I can fix these boards, but the main power routing is shot. You're going to have to re-route them manually through at least three junction boxes to activate the primary cannon.  Oh, but first you need to activate the Atrium elevators from Bridge Security. You can use them to get to the junction boxes. ","아이작!이런,여긴 사람을 쫄게 만들어.빌어먹을 소행성들이 위로 지나다니고…맞아,켄드라가 나를 믿지않지만 정말 마커에 관해 아무것도 모른다.단순한 정비임무였어.이 개떡같은 게 소행성방어장치[ADS]야.보드수리는 가능하지만 주전원선이 죽었어.캐논이 움직이도록 최소 3개의 배선함 경로를 변경시켜줘. 아,우선은 브릿지-보안실에서 관제실 엘리베이터를 연결해야돼.그걸 타야 배선함에 갈수 있으니까."
0x68F19813,"Shit!  Stand back!","아차! 물러서!"
0x68F19814,"Thought that one was dead when I sealed the pod.  These things don't die easily.","죽은줄 알았는데.이놈들은 쉽게 죽지도 않는군."
0x68F29820,"Okay, primary astrogation power has been re-routed. Look, I don't know about you, but...I think I'm seeing things...my head's pounding still...  I don't know.  Just stay sharp, okay?","좋아,항해장치 동력이 연결됐어.너에 대해선 잘모르지만…헛것이 보인단 말야…젠장할 머리가 아직도 지끈거려…모르겠어.방심하면 안돼,알겠어?"
0x68F39860,"Control Systems junction box re-routed. I'm getting a reading! Almost there.","조종장치 배선함이 연결됐어.지금 읽고있는 중이야.거의 다 됐어."
0x68F39862,"Ship Systems junction box re-routed. I'm making some progress with the tracking grid...one of the cannons is giving me a hard time...keep moving.","시스템 배선함이 연결되었다.조금은 진전이 되고있어…캐논 하나가 애를 먹이긴 하지만…지금처럼만 해줘."
0x68F39863,"All right, we've got enough power. But the ADS cannon's auto targeting is down. I think it's a faulty data cable. I need you to aim the cannon manually until I can replace it. Take the elevator to the top of the ship, and head for the cannon pit.\n","좋아.전력은 충분하다.하지만 아직 자동조준이 안돼.케이블 문제 같은데.교체가 끝날때까지 수동으로 조준해.엘리베이터를 타고 꼭대기에 있는 캐논실로 가."
0x68F39864,"That's it, Isaac, you're in the pit. The cannon's a massdriver, so it should punch through anything flying at us.  Keep an eye on the hull's integrity.  Too many of those things get by and we're dead. I think I've almost got the system repaired. Just buy me a little more time!","그거야,아이작.캐논실이군.캐논으로 여기 날아오는건 모조리 격추시킬수 있을거야.보존수준을 주시해.너무 많이 당하면 우린 끝장이야.시스템 복구가 거의 마무리 단계야.좀더 시간이 필요해!"
0x68F39865,"Nice shooting, Isaac! Auto targeting is now online and clearing a path to safe orbit! As soon as we're clear, I'll engage the autopilot again. Head to the tram station and I'll meet you there when I'm done.","사격실력이 좋군,아이작!자동조준이 복구되고 안전궤도권으로 회복되고 있다.안전이 확보되는데로 자동항해장치를 시작하겠다.정거장으로 가.끝나면 거기서 합류하겠다."
0x68F3988E,"Will this never end?! Isaac, get to Medical and mix together whatever Kendra's come up with. I'm heading to Hydroponics. If I can slow it down, that might keep us breathing long enough to fight it.","잠깐 쉬지도 못하나?!아이작,의료구역에서 켄드라 지시대로 필요한걸 모아.난 수경재배실로 가겠다.오염을 지연시킬수 있다면 그놈을 공격할 때까지는 숨이라도 붙어있겠지."
0x691EA327,"Is anyone there? Repeat! Come in Isaac... Kendra, is anyone there?","응답하라.반복한다,응답해.아이작…켄드라.거기 아무도 없나?"
0x691FA331,"I've reached Hydroponics. It's bad down here, really bad! ...can barely breathe! That organic matter is growing everywhere! My eyes are stinging... must be seeing things...","지금 수경재배실이야.제기랄,최악이야…숨막혀 죽겠어.염병할 놈들이 여기저기 퍼지고 있어.눈이 아파…헛것이 보이다니…"
0x691FA333,"Whatever you're going to do, do it fast... Can hardly breathe in here...","뭘하든지 서둘러줘… 여긴 숨쉬기 힘들어…"
0x6920A377,"Isaac... Good to see you  in one piece... Don't take... your helmet off... the air's rotten... I got a look... at it... it's huge... you won't believe it... shut itself in Food Storage...The crew that was on this deck... I think they're what's poisoning the air. They've been transformed... I saw one of them, bloated, swollen. They're poison factories...we need to take them out  while we can still breathe...","아이작…반갑구만.헬멧을…벗지마.공기가 오염됐어…말도 안되게 엄청난 놈을 봤어.식량저장고를 막고있어…여기 선원이었던…그놈들이 공기를 오염시키고 있는거야.변했어…한놈을 봤는데…퉁퉁 부풀어 올랐어.그놈들이 독의 제조공장이야…아직 숨이라도 쉴수있을때 전부 없애버려야돼…"
0x696AA65A,"Isaac! Isaac are you there? Thank god you're all right! I've been trying to reach you! Someone's been blocking my RIG signal remotely! That crash must have interrupted the signal block.","아이작,거기 있나? 무사해서 정말 다행이야!합류하려고 했지만 어떤 새끼가 내 신호를 계속 차단시켰어!충돌 때문에 이제야 연결된거야."
0x696BA665,"Surviving.  Barely.  I found some med supplies and patched myself up.  Listen. I'm calling abort on the mission. Fuck the CEC and fuck the chain of command. We have to get the hell out of here! I think I've located a shuttle on the crew deck. The flight log says it needs a new singularity core, but we can probably salvage one from the Valor. I can see the tail-end of it sticking out from the side of the Ishimura. I'm headed down there now to  find a way inside! I'll meet you there! Hammond out.","살라고 발악중이시다.알아서 치료도 했고. 잘들어.임무는 집어치운다.망할 CEC고 명령이고 지랄하시네!여길 떠야돼!승무원 갑판에 우주선이 있었어.비행기록에는 우주선에 특별한 코어가 필요하다고 했지만 밸러호에 하나쯤은 있을거야.이시무라 옆에 밸러호 꼬리 부분이 보인다.당장 가서 들어갈수 있는지 알아보겠어.저기서 만나자! 해먼드 종료."
0x696EA723,"Isaac? Good, you made it inside! Listen! I just found the munitions log for the Valor! I don't think their presence here is a coincidence! They're not on reconnaissance and they're not on patrol! This ship is prepped for war! They're on a seek and destroy mission! Do you hear me?!","아이작? 안에 들어왔군,잘들어! 방금 밸러호 군수품 기록을 찾았어!군함이 여기에 온건 우연이 아니야!순찰하던 것도 아니었어!이 우주선은 전투준비가 돼있어!수색-섬멸 임무중이었어!내말 들려?!"
0x696EA727," Isaac!  Over here!  I've been trying to reach you but my comm was out!  You got the singularity core...That's our ticket out of here. Get that core to the shuttle! Don't wait for me. Oh, fuck me. Aaarrgh!","아이작,여기야!합류하려 애썼지만 내 통신기는 맛이 갔어!코어를 찾았군… 그게 탈출 차표야.난 신경쓰지 말고 우주선으로 가!이런,개같은.아아아아-!"
0x6973FF7C,"Hydroponics log, Dr. Elizabeth Cross reporting. I'm pleased to say that we're working close to maximum capacity at the present time.  All flora is healthy and thriving and food yield has created a surplus. I was going to pass the surplus on to the colony, but the Captain has given a no-fly order. I want to note my opposition to that order. Everyone knows they're in trouble down there, and  I don't see what denying them our surplus will achieve.","재배구역 기록,엘리자베스 크로스 박사 보고.현재 거의 최고수준으로 생산중이라 다행이다.모든 식물의 성장상태도 좋고 식량도 초과생산되었다.남는 것을 콜로니로 전하려 했지만 선장님이 비행금지령을 내렸다.그 명령에 반대하고 싶지만… 모두가 저 아래에 문제가 있다는 걸 알고있다.그래서 알수 있다.남은 식량이 그곳에 전해질리 없다는걸."
0x6973FFA7,"Hello? Hello! Security! Thank god. This is Dr. Cross, in Hydroponics. I'm trying to locate Second Engineer Jacob Temple! I can't get through to Engineering! Of course I know there's a ship-wide medical alert! That's why I'm trying to locate him! No, we're safe for now. But the tram is down, and we can't reach the escape pods. Hello? Hello?! ","여보세요?여보세요!보안!오 감사합니다.재배구역의 크로스 박사입니다.보조 기술자 제이콥 템플을 찾고 있어요!정비구역을 지나갈 수가 없어요.모든 구역에 전염병 경보가 있다는건 알아요!그래서 그사람을 찾는 거예요!아뇨,지금은 괜찮아요.하지만 전동차가 고장나서 우린 탈출포드에 갈수가…여보세요? 여보세요?!"
0x6973FFA9,"Hydroponics log, Dr. Cross reporting. Something huge just slammed into the hull, near Food Storage. It wasn't a rogue asteroid, I know what that sounds like. But it was big, and heavy. I'll report again when I know more.","재배구역 기록,크로스 박사 보고. 뭔가 거대한 것이 식량저장고 근처에 부딪쳤다.떠돌아 다니는 소행성은 아닌것 같은데 커다랗고 묵직해 보였다.더 알게되면 다시 보고하겠다."
0x698C30E2,"Hello? Can anybody hear me? My name is Eileen Fisk, I just woke up in here and everybody was gone... I don't know what's happening... Why did they all leave? I'm going to try and find someone... If you can hear this, please come for me... I can hear scratching in the walls...","여보세요?내말 들리는 사람 없어요?저는 아일린 피스크.방금 일어났는데 모두 사라졌어요…무슨 일이지…모두 왜 떠난 거죠?누군가 있나 찾아봐야 겠어요…만약 누군가 이걸 듣는다면 제발 와주세요…벽안에서 긁어대는 소리가 들려요…"
0x698C30E3,"H-Hello? Who's there? Are you a doctor? Why has everyone... Wait, I know you. You're Harris! The prisoner from the colony! You killed that nurse... Help! Somebody help me! Please!","저-저기?거기 누구에요?의사? 잠깐,누군지 알겠어.해리스.콜로니에서 온 죄수.간호사를 죽이다니…도와줘요!누가 좀 도와주세요,제발!"
0x698DABA7,"DISMEMBERMENT","절 단"
0x699AB1FD,"Isaac, I'm tracking your position but it doesn't look like I can reach you.  This damn ship was\nnearly sheared in half.  I made it to the bridge...it's a mess here.  These poor bastards didn't stand a chance. I'm going to override all door locks so you can get to the engine room.  I'll try and catch up with you there.","아이작,계속 따라가고 있었지만 합류하긴 힘들겠어.우주선은 거의 두동강이 났어.브릿지에 왔지만…엉망진창이야.불쌍한 놈들이 반격할 틈도 없었군.문을 전부 개방하고 있으니까 엔진실에 갈수 있을거야.어떻게든 나도 엔진실로 가겠다."
0x699AB225,"The infection process is doing something strange to these soldiers.  They all had built-in Stasis units in their\nbody armor.  The infection is merging the Stasis unit into their flesh or something...making them move fast...real fast. Be careful.\n","여기 감염된 군인들은 뭔가 이상하다.방탄복에 감속장비가 내장되어 있었어.감염때문에 그게 피부와 융합되어 버린건지 아니면…이놈들 움직임이 빨라졌어…정말 빨라,조심해."
0x699AB226,"I've almost got this thing fixed!  Just a little bit longer!\n","거의다 됐다!조금만 더 버텨!"
0x699AB227,"Just one more minute and it should be fully operational!","1분만!그럼 완벽하게 복구된다."
0x699AB228,"(screams, grunts of pain as Hammond is attacked by and attacking and finally killed by,  the BRUTE)","< 번역 누락 : 0x699AB228 >"
0x699BB233,"Your weapons can't punch through that thing's armor! Shoot it in the back, Isaac!","그 무기로는 놈의 껍질을 뚫을수 없어!등 뒤를 노려,아이작!"
0x69BC01AD,"Hydroponics log. This is Dr. Cross. It... It's hard for me to believe what I'm seeing here. This is crazy, absolutely crazy. I'm going to the Mining deck. I hear that's where survivors are gathering. Jacob... I'll wait for you there.","재배구역 기록.크로스 박사다. 이건…직접 보고있지만 믿을수가 없다.이런 미친,분명 미친거야.채굴구역으로 가겠다.생존자들이 거기로 모이고 있다고 들었다.제이콥…거기서 기다릴게."
0x69BC01B4,"Jacob, hurry up! We need to find a beacon!","제이콥,서둘러 신호기를 찾아야돼요!"
0x6A101D7D,"Tram Station","정 거 장"
0x6A101D7E,"Tram Hallway","전 동 차 복 도"
0x6A101D7F,"RIG Room","R I G 보 관 실"
0x6A101D80,"Mining Elevator","채 굴 용 엘 리 베 이 터"
0x6A101D81,"Processing Antechamber","처 리 작 업 대 기 실"
0x6A101D82,"Processing Hallway","처 리 작 업 복 도"
0x6A101D83,"Mining Hallway","채 굴 구 역 복 도"
0x6A101D84,"Mining Hallway","채 굴 구 역 복 도"
0x6A101D85,"Extraction Room","추 출 실"
0x6A1AC1FB,"Isaac, be careful. Shooting them in the body didn't seem to work.  Go for the limbs, dismember them. That should do the job. ","아이작,조심해.몸통공격은 효과가 없는것 같다.사지를 노려서 잘라.그게 더 나을거야."
0x6A1AC226,"Better get moving.","서둘러줘."
0x6A1AC227,"This readout doesn't look good.","이 정보는 잘 안보여."
0x6A1BC239,"Looks like the crew barricaded the door to the emergency wing.  You'll have to blow through it to get to the morgue. Get some thermite from Medical Storage, and a shock pad from Zero-G Therapy. Should be down the corridor.","선원들이 비상탈출구에 방어벽을 쳤어.영안실에 가려면 폭탄으로 날려버려야돼.의료보관실에서 폭약을 구하고 충격기는 무중력-치료실에 있다.복도를 내려가야 될거야."
0x6A1CC278,"As you know, the Ishimura is able to set its gravity locally.  Your grav boots will kick in when you enter a zero-g area.","알다시피 이시무라는 특정구역의 중력을 조절할 수가 있다.무중력 지역에 들어가면 중력장화가 능력을 발휘하겠지."
0x6A1CC279,"Isaac, you're going to have to cross the ship exterior to reach the ADS cannon.  Problem is, we're still getting bombarded by asteroids.  Look for cover or you'll get torn to pieces.","아이작.ADS 캐논실은 우주선 밖을 가로질러 가야돼.아직 소행성의 폭격을 받고 있는게 문제야.엄폐할 곳을 확보하지 못하면 박살나고 말아."
0x6A3A824F,"QA Compliance Testers","< 번역 누락 : 0x6A3A824F >"
0x6A3CB324,"Mercer just flushed all the air out of the Medical Deck!  I've got to get back to the Security Station to seal the breach!","공기가 빠져나간다.의료구역으로 가야한다!"
0x6A3DD5DA,"Dismember 500 Limbs","< 번역 누락 : 0x6A3DD5DA >"
0x6A56D51C,"Craig Simon","< 번역 누락 : 0x6A56D51C >"
0x6A67C596,"The air seems to be flowing again. That's a start.","공기공급은 다시 시작된것 같은데."
0x6A67C59B,"By the way, Isaac. Be careful. I saw something out there, I don't know what. I only got a glimpse, but it was big. Really big.","그런데…아이작.조심해.밖에 뭔가 보였어.얼핏 보긴 했지만…정말 엄청나게 컸어."
0x6A8A0A3F,"Flight Lounge","대 합 실"
0x6A8A0A40,"Hall to Lift Room","승 강 기 방 면"
0x6A8A0A41,"Workshop","작 업 실"
0x6A8A0A42,"Tram Control Hallway","전동차 조종실 복도"
0x6A8A0A43,"Tram Control","전동차 조종실"
0x6A8A0A44,"Hallway To Tram","전 동 차 방 면"
0x6A8A0A45,"Tram Tunnel","전 동 차 터 널"
0x6A8A0A46,"Access Hallway","연 결 복 도"
0x6A99D1B6,"Shooting them in the body didn't seem to work. Go for the limbs, immobilize them.\n","< 번역 누락 : 0x6A99D1B6 >"
0x6AA7C064,"Merchant","< 번역 누락 : 0x6AA7C064 >"
0x6ABB216E,"Make us whole again.","우리 다시 하나로…"
0x6B075DF0,"[MapZoomOut]Zoom Out","< 번역 누락 : 0x6B075DF0 >"
0x6B50621B,"Make us whole again.","우리 다시 하나로…"
0x6B552A29,"Hans Piwenitzky","< 번역 누락 : 0x6B552A29 >"
0x6B552A2A,"Ronald Quevedo","< 번역 누락 : 0x6B552A2A >"
0x6B552A2B,"Kyle Robertson","< 번역 누락 : 0x6B552A2B >"
0x6B552A2C,"Phyllis Ting","< 번역 누락 : 0x6B552A2C >"
0x6B552A2D,"Casto Vocal","< 번역 누락 : 0x6B552A2D >"
0x6B552A2E,"Benjamen Wu","< 번역 누락 : 0x6B552A2E >"
0x6B552A2F,"Allier Zelaya","< 번역 누락 : 0x6B552A2F >"
0x6B5763A3,"Make us whole again.","우리 다시 하나로…"
0x6B69B0D3,"Graphic Quality","그 래 픽 수 준"
0x6B755C52,"No Storage Device Selected. Continue without Saving?","< 번역 누락 : 0x6B755C52 >"
0x6B909FD7,"Own every Weapon in the game","< 번역 누락 : 0x6B909FD7 >"
0x6BCAE66D,"SCIENCE LOG\nFROM: DR. KYNE, T. (CHIEF SCIENCE OFFICER)\nATTN: CAPTAIN MATHIUS, B.\nBenjamin -\nFurther to our previous conversation, I ask that you delay bringing the Marker up from the planet for a day or two.\nYou know I'm as keen as anyone to study it in detail, and I understand your sense of urgency given the events on the colony, but that's why I ask--what's happening down there is just too unique, too unprecedented, to cut it short without proper time to study the causes and effects. \nIn light of a discussion I had with Dr. Mercer, I'd like to meet with Drs. Sciarello and Welland planetside to get their observations.\n- Terrence","< 번역 누락 : 0x6BCAE66D >"
0x6BD6728B,"GO TO COMMUNICATIONS","통 신 실 로"
0x6BDA57CA,"Home","< 번역 누락 : 0x6BDA57CA >"
0x6BEED860,"HAMMOND'S DEATH","헤 먼 드 의 죽 음"
0x6C2A57B7,"LANDING THE SHUTTLE","운 송 선 착 륙"
0x6C8D61E4,"TEMPLE'S SEARCH","템 플 의 조 사"
0x6C937617,"ENGINES READY\nPLEASE CONFIRM IGNITION","점 화 준 비 완 료"
0x6CA2DFA4,"RESET","초 기 화"
0x6CA6701F,"Tram Station","정 거 장"
0x6CA67020,"Tram Station","정 거 장"
0x6CA67021,"Air Filtration","공 기 청 정 기"
0x6CA67022,"Lift 1","승강기 1"
0x6CA67023,"Sapling Room","묘 목 실"
0x6CA67024,"Atmosphere Control","공 기 조 절 실"
0x6CA67025,"Hallway to Food Storage","식량저장고 방향 복도"
0x6CA67026,"Hallway to East Tower","동쪽타워 방향 복도"
0x6CA67027,"Hallway to West Tower","서쪽타워 방향 복도"
0x6CFBF244,"Blur","흐 릿 함"
0x6D2BEB68,"TEMPLE REPORT 3","템 플 의 보 고 3"
0x6DE543EE,"DANGER DANGER DANGER DANGER","< 번역 누락 : 0x6DE543EE >"
0x6DF7A383,"STASHED GOODS","< 번역 누락 : 0x6DF7A383 >"
0x6E06507C,"[LSTop]","< 번역 누락 : 0x6E06507C >"
0x6E06507D,"[RSTop]","< 번역 누락 : 0x6E06507D >"
0x6E2F9958,"Ben Wanat","< 번역 누락 : 0x6E2F9958 >"
0x6E3EFCAD,"Action","< 번역 누락 : 0x6E3EFCAD >"
0x6E4083D7,"sec","< 번역 누락 : 0x6E4083D7 >"
0x6E4913FA,"Tram Control","전동차 조종실"
0x6E86ED02,"Move Right","오 른 쪽 으 로"
0x6EA14BCD,"There is insufficient space on the hard disc drive to save data.  Please delete some existing data to save your progress.","< 번역 누락 : 0x6EA14BCD >"
0x6EA8377D,"STATUS","상 태"
0x6ECA9CAA,"MINING LOG\nDALLAS, A. (SUPERVISOR, 2nd ENGINEER)\n\nPlanetcrack went smoothly from this end, although there do seem to have been problems planetside, and we've temporarily lost contact with the colony.\n\nFirst rockball was extracted from the tectonic load approximately one hour after planetcrack, and has been processed, refined and smelted. \n\nResults have exceeded even optimistic initial estimates. Normal recovery is around 35% mineral, 5% fossil, 60% waste, but material from the first ball was 65% mineral (and 0% fossil, in line with expectations). \nThat's 6.5 tons of ore from a 10-ton ball. Assuming it's not an anomaly, we've hit a motherlode.","< 번역 누락 : 0x6ECA9CAA >"
0x6EE8D144,"Nicole is completely driven to return the Marker to the Colony.  If we can continue with Kyne's plan, and use it to trap the Hive Mind, we just might be able to survive this.  Together.","니콜과 함께 카인의 계획을 이어갈 수 있다면…"
0x6F47E98D,"Artists","< 번역 누락 : 0x6F47E98D >"
0x6F4F92D9,"Laurent Jardin","< 번역 누락 : 0x6F4F92D9 >"
0x6F69262E,"CAPTAIN'S LOG\nINITIAL INFECTION VECTORS\nIt's been less than an hour, but they've spread fast. Flight deck was the first to go, after the shuttle crashed. Now almost entirely overrun. We've lost at least half the Medical deck, and about a quarter of Engineering. No information yet from Cargo or Planet Ops, which suggests bad news.\nThis is not what I expected.","< 번역 누락 : 0x6F69262E >"
0x6F84918A,"KP +","< 번역 누락 : 0x6F84918A >"
0x6FA71071,"Right Arrow","방향키 오른쪽"
0x6FFBE961,"I need to secure the SOS Beacon to the asteroid.  Once the asteroid is launched, the beacon will clear the Ishimura's navigation array, and it will be able to broadcast a clear signal.","소행성을 발사하기전에 신호기를 먼저 설치해야 한다."
0x702827CB,"MINE","지 뢰"
0x702BA1A5,"ILLEGAL MINING","불 법 채 굴"
0x70399977,"Ch","< 번역 누락 : 0x70399977 >"
0x704A64FE,"Complete Chapter 1 on any difficulty setting","< 번역 누락 : 0x704A64FE >"
0x7058D03C,"ORDERS","명 령 서"
0x706720FC,"THE HUNTER RETURNS","헌 터 의 복 귀"
0x709E3214,"Bring the Loader to the Shuttle","운반기를 우주선으로 가져가라"
0x70CA2B29,"SOMEONE ELSE","불 청 객"
0x7169CAE1,"Practically overnight, our hope for humanity was renewed. Millions flocked to his conferences to hear him profess to know the way to a new beginning. We stared in awe at the evidence of the alien artifact that would change everything. And we did whatever he told us to.\n\nWe rallied against the government. We joined together in congregations to share his word. And we prepared ourselves for the future he said was coming.\n\nWhere were you when Michael Altman was assassinated by our government? It's the question of our generation, I suppose. It's certainly the day when everything changed for me... and the world.\n\n...\n\n","< 번역 누락 : 0x7169CAE1 >"
0x7169CAE2,"The martyring of the scientist-turned-savior Michael Altman begat fanatical zealots and I was one of them. We birthed and maintained the tenements of a new religion, known now as the Church of Unitology. I was only a follower but I was suddenly part of the biggest social movement in history. The riots that followed and the crippling of our government made us realize we finally had the power to change things.\n\n...\n\nNo one knows what is contained in the Black Marker. Some claim it contains a genetic string that grants immortality through gene therapy. Others say it contains the DNA of an alien life form. Even Altman confessed to not knowing exactly what it is for.\n\n","< 번역 누락 : 0x7169CAE2 >"
0x7169CAE3,"The Marker has been used to form the basic doctrines of the church. As claimed in the popular book, ""Death is Only the Beginning,"" humans will learn that by death of their worldly spirit, they will be reborn in unity as a stronger, unending community. ""Unity is forever.""\n\n...\n\nDeath is an important event in the journey of a Unitologist and seen as a necessary step to being reborn. The body is considered holy and it may not be cremated or be allowed to decay in the ground. The bodies are given to the church for safekeeping. ","< 번역 누락 : 0x7169CAE3 >"
0x7169CAE4,"Where they are taken is unknown, but I have seen massive Unitology compounds on all of the major settlements I have visited. Curious, I asked around. No one would tell me what was housed inside, but I uncovered evidence of massive shipments of preservative chemicals being sent to the compounds on a regular basis.\n\nIt was around this time that my superior, Paragon Fontenay, brought me in for my first ""soul cleansing"".\n\n...\n\nDespite the headaches and the nausea that continued to plague me, I managed to sneak into the shipyard. I had almost regained full function of my legs and was able to make it into what appeared to be the nerve center of the operation.\n\n","< 번역 누락 : 0x7169CAE4 >"
0x7169CAE5,"What I discovered were ships, massive ships and lots of them. Stasis storage tubes lined each of the hundreds of exposed cargo bays. I couldn't see any of the bodies, but I knew what the tubes were for. What I couldn't figure out was why the church needed to transport so many suspended bodies in what looked like deep-space vessels.\n\nBefore I could investigate further, I was recaptured and the real ""soul cleansings"" began.\n","< 번역 누락 : 0x7169CAE5 >"
0x71A63053,"12","< 번역 누락 : 0x71A63053 >"
0x71B6F54F,"Monitor Air Quality Control","--공 기 품 질 관 리--"
0x71C691A6,"Ben Johnson","< 번역 누락 : 0x71C691A6 >"
0x71C691A7,"Robert Pitts","< 번역 누락 : 0x71C691A7 >"
0x71C691A8,"Romulo Rodriguez","< 번역 누락 : 0x71C691A8 >"
0x71C691A9,"Scott Swearingen","< 번역 누락 : 0x71C691A9 >"
0x71C691AA,"Rosie Wrede","< 번역 누락 : 0x71C691AA >"
0x71DAC0EF,"EA Melbourne","< 번역 누락 : 0x71DAC0EF >"
0x71F8AF58,"In Progress...","--진 행 중--"
0x72063A01,"NAV CARD","운 항 카 드"
0x7279DCB7,"ASTEROID RELEASE","소 행 성 구 속 해 제"
0x727A2006,"Eric Hartness","< 번역 누락 : 0x727A2006 >"
0x729F4E90,"Special thanks to the Crewmembers serving","< 번역 누락 : 0x729F4E90 >"
0x72C28D67,"Hammond is waiting for me in the Captain's Nest.  It's clear that Kendra doesn't trust him.  As for me, for the moment I've got no choice.","켄드라가 해먼드를 불신하는건 분명하다.나 또한…"
0x73139EAD,"Christopher Pennya","< 번역 누락 : 0x73139EAD >"
0x73197AF5,"Conant Fong","< 번역 누락 : 0x73197AF5 >"
0x731F4869,"QA Testers","< 번역 누락 : 0x731F4869 >"
0x73223DF3,"Inventory Hotkey","가 방"
0x7338B953,"John Cross","< 번역 누락 : 0x7338B953 >"
0x738A4116,"///controls","/// 키 설 정"
0x73AF6294,"Meet Kyne at the Hangar Bay","격납고에서 카인을 만나라"
0x73FA6A6C,"Maxed Out","< 번역 누락 : 0x73FA6A6C >"
0x74089F26,"Ian Ameling","< 번역 누락 : 0x74089F26 >"
0x74089F27,"Joey Spiotto","< 번역 누락 : 0x74089F27 >"
0x7428A5DE,"Rerouting...","재 설 정 중…"
0x7428A5DF,"Power rerouted to ADS system.","A D S 전 원 공 급 중"
0x74698321,"REVERSED GRAVITY","중 력 재 설 정"
0x74834AE8,"KP Enter","< 번역 누락 : 0x74834AE8 >"
0x74DEE509,"Ernesto Guaman","< 번역 누락 : 0x74DEE509 >"
0x74DEE50A,"Tavershima Shande","< 번역 누락 : 0x74DEE50A >"
0x74E57FF9,"Associate Environment Artists","< 번역 누락 : 0x74E57FF9 >"
0x74FF7D3C,"Tram Station","정 거 장"
0x74FF7D3D,"Commons","공 동 구 역"
0x74FF7D3E,"Mess Hall","식 당"
0x74FF7D3F,"Residential Hallway","기 숙 사 복 도"
0x74FF7D40,"Residential Lobby","기 숙 사 휴 게 실"
0x74FF7D41,"Sleep Block A","취 침 실 A"
0x74FF7D42,"Block Hallway A-B","구 역 복 도 A - B"
0x74FF7D43,"Sleep Block B","취 침 실 B"
0x74FF7D44,"Security Hallway","보 안 실 복 도"
0x7506047F,"Strange Transmissions","이 상 한 송 신 들"
0x75110021,"Belgian Product Manager","< 번역 누락 : 0x75110021 >"
0x75258EB8,"ZERO-G","< 번역 누락 : 0x75258EB8 >"
0x75335EB7,"[ZeroG_Jump]","< 번역 누락 : 0x75335EB7 >"
0x753B1A3D,"Decontamination cycle activated.","< 번역 누락 : 0x753B1A3D >"
0x753B1A3E,"Gravity is now online.","< 번역 누락 : 0x753B1A3E >"
0x753F1B3C,"Warning:  Hull breach detected.","< 번역 누락 : 0x753F1B3C >"
0x7544270D,"EA Games President","< 번역 누락 : 0x7544270D >"
0x755CFA6E,"SAFE","보 관 함"
0x756C267A,"Warning. Life support system failure on Medical deck. Please evacuate immediately.","경고:의료구역 생명유지장치 이상발생.신속히 대피하십시오."
0x75B82982,"Error:  blast door blockage detected.  Please contact a repair technician.","< 번역 누락 : 0x75B82982 >"
0x75BE2AF9,"Life support systems are offline in this area. Please alert a repair officer.","< 번역 누락 : 0x75BE2AF9 >"
0x75BE6DF5,"Senior Character Artist","< 번역 누락 : 0x75BE6DF5 >"
0x75E73512,"Escape pod away, crew shuttle USG-09. Repeat, shuttle has ejected escape pod.","승무원 우주선 USG-09호의 탈출포드 이탈.반복합니다.우주선의 탈출포드가 이탈했습니다."
0x75E9358E,"Attention.  Shuttle service has been temporarily cancelled.  Please see your supervisor for arrival and departure information.","< 번역 누락 : 0x75E9358E >"
0x75E9358F,"Attention.  On order from Captain Mathius, cargo shipments from the colony have been suspended until further notice.","< 번역 누락 : 0x75E9358F >"
0x75E93590,"Warning.  This is a restricted area.  Please contact your supervisor for authorization.  Thank you","< 번역 누락 : 0x75E93590 >"
0x762F7DB9,"[Secondary]","< 번역 누락 : 0x762F7DB9 >"
0x763B1B80,"Critical engine component.","엔진용 비상 부품"
0x763B3A67,"Tram Control computer now online.","전동차 조종 컴퓨터를 연결합니다."
0x763B3A68,"Replacing damaged tram car.  Please stand by.","전동차 교체작업 중입니다.기다려 주십시오."
0x763B3A69,"Ship-wide tram system re-initialized. All trams now operational. Tram arriving at Flight Deck Station.","전구역 전동차 시스템 재시작.모든 전동차 운행이 가능합니다.비행갑판역에 전동차가 들어오고 있습니다."
0x763B3A6A,"Alert.  Collision detected in the main hangar bay.  Emergency crews have been notified. ","위험.격납고에 충돌이 감지되었습니다.구조대원들에게 연락되었습니다."
0x763B3A6B,"For medical emergencies, please proceed to the Emergency wing.","< 번역 누락 : 0x763B3A6B >"
0x763B3A6C,"Visiting hours are now closed.  Unauthorized personnel should return to the tram station.  Thank you.","< 번역 누락 : 0x763B3A6C >"
0x763C3A75,"Please report any unnecessary resource disposal to your supervisor. Thank you.","< 번역 누락 : 0x763C3A75 >"
0x763C3A76,"Approaching Zero-g Therapy.  Gravity boots required.  Untrained personnel may experience dizziness. ","< 번역 누락 : 0x763C3A76 >"
0x763C3A77,"Beginning full diagnostic scan.","< 번역 누락 : 0x763C3A77 >"
0x763C3A78,"Alert. Vacuum detected. Room depressurizing. ","< 번역 누락 : 0x763C3A78 >"
0x763C3A79,"Reminder.  Only Class C and above personnel are allowed on the bridge.  Have your security pass with you at all times.","< 번역 누락 : 0x763C3A79 >"
0x763C3A7A," Warning.  ADS system offline.  Ship hull integrity at 84%.","< 번역 누락 : 0x763C3A7A >"
0x763C3A7B,"Warning.  Multiple impacts detected across the starboard hull.","경고. 우현을 통과하는 다수의 충돌 감지."
0x763C3A7C,"Atrium elevators are now online.","엘리베이터가 복구되었습니다."
0x763C3A7D,"Power transferred to the ADS.","ADS에 전원이 연결되었습니다."
0x763C3A7E,"Power transferred to the ADS.","ADS에 전원이 연결되었습니다."
0x763C3AA6,"Asteroid Defense System now online. ","소행성 방어시스템이 복구되었습니다."
0x763C3AA7,"Manual override initiated.","수동 조종 시작"
0x763C3AA8,"Warning.  Hull integrity below 50%. ","< 번역 누락 : 0x763C3AA8 >"
0x763C3AA9,"Warning.  Hull integrity critical! ","경고. 선체보존수준 한계점!"
0x763C3AAA,"Automated tracking system enabled.","자동추적장치를 시작합니다."
0x763C3AAB,"All medical personnel please report to the Emergency Room.","< 번역 누락 : 0x763C3AAB >"
0x763D3AB4,"Warning.  Tampering with door locks is a CEC violation.","< 번역 누락 : 0x763D3AB4 >"
0x763D3AB5,"Reminder. Only dispose of biohazard in specially designated recycling units.","< 번역 누락 : 0x763D3AB5 >"
0x763D3AB6,"Processing request.  Please stand by. Antigen compound completed.  Please remove the capsule.","작업 진행중.기다려 주십시오.항원혼합물 완성.캡슐을 제거하십시오."
0x763D3AB7,"Adding sample 9797 to chemical compound.  Final mixing required.","샘플 9797을 화합물에 첨가중입니다.최종혼합이 필요합니다."
0x763D3AB8,"Processing request.  Please stand by. Final mixing complete.  Please remove the capsule.","작업 진행중.기다려 주십시오. 최종 혼합완료.캡슐을 제거하십시오."
0x763D3AB9,"Freezing cycle activated. ","급속냉동을 시작합니다."
0x763D3ABA,"Freezing cycle successful.  Transporting patient.","급속냉동이 완료되었습니다.환자를 이송합니다."
0x763D3ABB,"Warning.  Toxics detected in Atmosphere Processing.  A repair technician has been notified.","경고. 대기처리 진행중 독성물질 감지.관리자에게 통보되었습니다."
0x763D3ABC,"Watering cycle initiated.","급수 순환 시작."
0x763D3ABD,"Vegetative anomalies detected in the East Grow Chamber.","식물의 이상변화가 동쪽 성장실에서 감지되었습니다."
0x763D3AE5,"Warning.  10 kiloton mass detected in Food Storage.","경고. 식량저장고에 1만톤의 덩어리가 감지되었습니다."
0x763D3AE6,"Replacing nutrient vat.","영양분 용기 교체중."
0x763D3AE7,"Feeding line reconnected.","< 번역 누락 : 0x763D3AE7 >"
0x763D3AE8,"Warning.  Air filtration system still active.  Entering the filtration tubes is extremely hazardous.","경고. 공기정화장치가 아직 작동중입니다.필터관 출입은 매우 위험한 행동입니다."
0x763D3AE9,"Flushing all air vents.  Restoring nitrogen and oxygen levels.  Food Storage lockdown lifted.","모든 환기구 개방.질소와 산소가 정상으로 회복중입니다.식량저장고로 출입이 가능합니다."
0x763D3AEA,"Unknown antigen injected into the filtration system.","정화장치에 미확인 물질이 주입되었습니다."
0x7665448C,"Please recycle any unused materials regularly. Thank you.","사용되지 않은 재료들은 주기적으로 재활용 하십시오. 감사합니다."
0x7665448D,"Safety gear must be worn at all times in Class A environments.","A급 상황에서는 항상 안전장비를 착용해야 합니다."
0x7665448E,"Dinner will be served in the Mess Hall in ten minutes.","저녁식사는 식당에서 10분후에 제공됩니다."
0x7665448F,"Reminder.  Gravity must be restored before accessing the control room.  Thank you.","알립니다. 통제실에 진입하기 전에 반드시 중력이 회복되어야 합니다. 감사합니다."
0x76654490,"Warning.  Free-floating anomalies detected.  Area must be cleared before gravity can be restored.","경고. 다수의 이물질 감지.중력이 회복되려면 구역이 깨끗해야 합니다."
0x76654491,"Anomaly destroyed.","이물질 제거 완료."
0x76654492,"All free-floating anomalies destroyed.  Gravity can now be restored.","모든 이물질 제거. 이제 중력을 복구할 수 있습니다."
0x76654493,"Gravity restored.  Access permitted to control room.","중력이 회복되었습니다.통제실 접근이 허가되었습니다."
0x76654494,"Warning.  Payload 8772 is no longer tethered.  Untrained personnel should leave the area immediately.","경고. 소행성 8772의 구속이 풀렸습니다.훈련받지 않은 직원은 즉시 현장에서 나가십시오."
0x76654495,"Payload 8772 launched.","소행성 8772 발사."
0x766644CB,"Reminder.  Recreation hours are between 0900 and 1300 hours.  Ask your supervisor to reserve time.","< 번역 누락 : 0x766644CB >"
0x766644CC,"Breakfast starting in the Mess Hall in ten minutes.","< 번역 누락 : 0x766644CC >"
0x766644CD,"Reminder.  Only Class C and above personnel are allowed in the executive quarters.","< 번역 누락 : 0x766644CD >"
0x766644CE,"Holo-film starting in the Commons in ten minutes.","< 번역 누락 : 0x766644CE >"
0x766644D0,"Test firing shuttle engines.","엔진 점화 시험중입니다."
0x766644D1,"Shuttle locks disengaged.","운송선 잠금 해제"
0x766644D2,"Cargo deliveries to and from the colony have been temporarily suspended.  Please see your supervisor if you have questions.","콜로니에서 화물 배달을 일시적으로 중지하였습니다. 관리자에게 문의하시기 바랍니다."
0x766644D3,"Delivering cargo shipment 782.  Kinesis module required for further cargo transport.","화물 수송품 782 이동 중. 추가 이동을 위해서는 유도 장비가 필요합니다."
0x766644D4,"Delivering cargo shipment 782 to the Hangar Bay.","화물 수송품 782. 격납고로 이동 중."
0x766644FC,"Loading cargo shipment 782.","화물 수송품 782를 싣는 중입니다."
0x766644FD,"Communications array offline.  A service technician has been notified.","통신배열 작동중지. 관련 기술자에게 연락되었습니다."
0x766644FE,"Communications array re-aligned.  Messages can now be received.","통신배열 재정렬. 메세지 수신이 가능합니다."
0x766644FF,"Manual override initiated.","수동 조종 시작"
0x7668454A,"Warning.  Quarantine lockdown initialized.  Unknown bioforms detected in the area. Security has been notified.","경고. 현재 구역을 격리합니다.미확인 생명체가 감지되었습니다.보안요원에게 연락되었습니다."
0x7668454F,"Diagnostics scanner now online.","< 번역 누락 : 0x7668454F >"
0x76684550,"Opening Communications Array blast doors.","통신배열 방화문 개방중"
0x7668457F,"Life support and climate system malfunction. Hazardous condition. Please contact repair specialist.","생명유지장치와 온도조절장치가 고장났습니다.위험한 상황입니다.전문가에게 연락하십시오."
0x766B61E7,"The chest of the corpse has started to expand, like it's taking a deep breath. Something appears to be happening under the surface of the skin. The body is convulsing - a yellowish briny liquid bursts from the mouth accompanied by choking noises. There's a crunching noise as the throat bulges and the jaw collapses. The head is splitting apart... reforming now into what appear to be a proboscis and feelers. The chest splits along the center now as the flesh stretches and expands outwards; the organs, bone and muscle bend inwards. The internal organs contort and reorganize themselves into an odd structure central to which is a massive bladder. The bladder is filling with a liquid, some of which can be seen spilling from the proboscis. I can only assume the two are connected.\n\n","< 번역 누락 : 0x766B61E7 >"
0x766B61E8,"The legs are quivering as the flesh peels away and meshes with the flesh from the chest region. There is a sudden snap halfway through the process as one leg bends backwards. More quivering now and the other leg has snapped at the knee. The changes appear to be slowing now... it starts to sit up, the body is convulsing, the legs flopping. It is trying to take its first step, uneasy at first... but now it is adapting quickly. A half-dozen steps and it seems to be perfectly at home with the new, contorted form.\n\n","< 번역 누락 : 0x766B61E8 >"
0x766B61E9,"The spattering on the glass is making observation difficult. It appears that Dr. Hogan's legs are elongating, somehow flaying themselves and now twisting with a mixture of his own internal organs into a single appendage, like some sort of tail. His face is contorted, his jaw clenching and unclenching... several jaw-like appendages are emerging from his every widening mouth. His mouth no longer appears able to accommodate the change... his head is splitting, seams bursting...\n\n","< 번역 누락 : 0x766B61E9 >"
0x766B61EA,"And almost instantly, he is perched on his hands, shifting his weight from one palm to the other. He's pacing, circling the room and... he appears to be watching me! He sees me! No, he's fixated on the ceiling now... Oh god no, he's leaping at the vent! With his powerful tail-like appendage, he's striking at the reinforced covering, trying to get it open! I must warn the others! Recording end!\n\n","< 번역 누락 : 0x766B61EA >"
0x76B548C0,"Hostile lifeforms detected. Hull damage critical. Evacuate immediately.","침입자 발견.선체에 심각한 피해 발생.즉시 대피하십시오."
0x76B548F0,"Evacuate immediately.","즉시 대피하십시오"
0x76B648FB,"Use Power Nodes to upgrade your weapons and RIG.","파워노드를 사용하여 무기와 RIG를 업그레이드 한다."
0x76B648FC,"Stasis will slow down fast objects and enemies.","감속장비는 빠른 물체나 적의 속도를 느리게 한다."
0x76B648FD,"Destroy fuses to override ship systems","< 번역 누락 : 0x76B648FD >"
0x76B648FF,"Look for blue holograms to activate.","파란색 홀로그램을 찾아 작동시킨다"
0x76B64900,"Use Run to move quickly.","달리기로 빠른 이동이 가능하다."
0x76B64901,"Shoot the limbs off of enemies for extra damage.","사지절단으로 더 큰 피해를 줄 수 있다."
0x76B64902,"Use the Map Screen to check objectives and important locations.","지도를 통해 목표와 중요한 위치를 알 수 있다."
0x76B64903,"Use the Locator System to find your next objective.","추적장치로 다음 목표를 알 수 있다."
0x76B6492B,"Buy new weapons and items at the Store, and place extra items in the Safe.","상점에서 새 무기와 아이템을 구매하고 보관할 수 있다."
0x76B6492C,"Conserve ammo by dismembering enemy limbs and doing extra damage.","사지를 잘라내어 추가 피해를 주고 탄약을 아낄 수 있다."
0x76B6492D,"Use melee to knock back an enemy for a quicker escape.","근접 공격은 적을 물러나게 만든다."
0x76B6492E,"Cut off limbs to kill quickly.","< 번역 누락 : 0x76B6492E >"
0x76B6492F,"Dismember enemies to slow them.","< 번역 누락 : 0x76B6492F >"
0x76B64930,"Use Kinesis to move or throw objects.","유도장비는 목표물을 이동시키거나 던질 수 있다."
0x76B74939,"Your Air Meter will appear when you are in a vacuum.","진공지역에 있을 때 에어 타이머가 표시된다."
0x76B7493A,"Your ammo counter will flash red if you can't jump to a surface.","점프를 할 수 없는 곳은 탄약창에 붉게 표시된다."
0x76B7493B,"Use Kinesis on heavy objects that display this symbol.","표식이 있는 무거운 물체에 유도장비를 사용한다."
0x76B7493C,"Pick up Schematics to add items to the Store.","설계도를 획득하면 상점에 아이템이 추가된다."
0x76B7493D,"Use Kinesis to plug Power Cells into Receptacles to power up doors or machinery.","유도장비를 사용해 파워 셀을 연결하여 문이나 기계 장치에 전원을 공급한다."
0x76B7493E,"All weapons have an alternate firing mode.","모든 무기에는 다른 사격방식이 있다."
0x76B7493F,"Red weapon icons mean your weapon has no ammo in its clip.","붉은 색 무기 아이콘은 탄약이 없다는 뜻이다."
0x76B7496B,"Welcome Isaac Clarke.","< 번역 누락 : 0x76B7496B >"
0x76B7496C,"Item purchased.","< 번역 누락 : 0x76B7496C >"
0x76B7496D,"Item sold.","< 번역 누락 : 0x76B7496D >"
0x76B7496E,"Item transferred","< 번역 누락 : 0x76B7496E >"
0x76B949BD,"Please step forward to upgrade your uniform.","< 번역 누락 : 0x76B949BD >"
0x76B949BE,"Uniform upgraded.","< 번역 누락 : 0x76B949BE >"
0x76B949BF,"Inventory full.","< 번역 누락 : 0x76B949BF >"
0x76B949C0,"Bench activated.","< 번역 누락 : 0x76B949C0 >"
0x76B949E8,"Error.","< 번역 누락 : 0x76B949E8 >"
0x76B949E9,"Schematic downloaded. Please visit a company store to purchase your new item.","< 번역 누락 : 0x76B949E9 >"
0x76B949EA,"Warning.  Ship orbit decaying.  Main engines offline.","< 번역 누락 : 0x76B949EA >"
0x76B949EB,"Warning. Fuel reserves depleted. Main engines offline.","< 번역 누락 : 0x76B949EB >"
0x76B949EC,"Reminder.  All RIGS must be synched to Standard CEC frequency.  Thank you.","< 번역 누락 : 0x76B949EC >"
0x76B949ED,"Alert.  Explosion detected in Fuel Storage.  Emergency crews have been notified.","< 번역 누락 : 0x76B949ED >"
0x76BA49F6,"Reminder.  Survival gear must be worn at all times in designated red zones.","< 번역 누락 : 0x76BA49F6 >"
0x76BA49F7,"Refueling sequence activated.","연료주입이 시작되었습니다."
0x76BA49F8,"Refueling sequence activated.  Sufficient fuel to fire primary engine.","연료주입이 시작되었습니다.엔진가동에 충분한 양입니다."
0x76BA49F9,"Decontamination sequence activated.  Please stand by.","오염제거를 시작합니다.기다려 주십시오."
0x76BA49FA,"Decontamination sequence complete.  Thank you for your patience.","오염제거가 완료되었습니다.기다려 주셔서 감사합니다."
0x76BA49FB,"Centrifuge power offline.  Please attach generator modules manually, then return to this station.","원심분리기 동력이 해제되었습니다.전달장치를 연결한 후에 여기로 돌아오십시오."
0x76BA49FC,"Generator module attached.","동력전달장치 연결완료."
0x76BA49FD,"Generator module attached. Centrifuge power restored.","동력전달장치 연결완료.원심분리기 동력이 복구되었습니다."
0x76BA49FE,"Centrifuge activated.  Re-establishing balance with planetary cargo.  Gravity restored.  Entering vacuum.","원심분리기 가동.행성 화물과 균형을 재설정합니다.중력이 회복되었습니다.진공상태로 진입합니다."
0x76BA49FF,"Ignition sequence initiated.  Please stand by.","점화장치 준비.기다려 주십시오."
0x76BA4A27,"Engines ready.  Please confirm ignition.","엔진 준비 완료.점화장치를 확인하십시오."
0x76BA4A28,"Engines firing.","엔진 점화"
0x76C09314,"Override the Locks to Block B","B 구역의 잠금 장치를 풀어라"
0x76E45452,"Reward Locker Unlocked. Congratulations","상품 보관함이 열렸습니다.축하합니다."
0x76E45453,"All levels complete.","모든 레벨 완료."
0x76E45454,"Starting game. Level 1","< 번역 누락 : 0x76E45454 >"
0x76E45455,"Goal!","골 인!"
0x76E4547D,"Game over!","게 임 오 버!"
0x76E4547E,"Good game, Isaac Clarke.","잘 했어요. 아이작 클락."
0x76E4547F,"Level 2","< 번역 누락 : 0x76E4547F >"
0x76E45480,"Level 3","< 번역 누락 : 0x76E45480 >"
0x76E45481,"Level 4","< 번역 누락 : 0x76E45481 >"
0x76E45482,"Level 5","< 번역 누락 : 0x76E45482 >"
0x76E5548B,"Level 6","< 번역 누락 : 0x76E5548B >"
0x76E5548C,"Level 7","< 번역 누락 : 0x76E5548C >"
0x76E5548D,"Level 8","< 번역 누락 : 0x76E5548D >"
0x76E5548E,"Level 9","< 번역 누락 : 0x76E5548E >"
0x76E5548F,"Level 10","< 번역 누락 : 0x76E5548F >"
0x76E55490,"Level 11","< 번역 누락 : 0x76E55490 >"
0x76E55491,"Level 12","< 번역 누락 : 0x76E55491 >"
0x76E55492,"Level 13","< 번역 누락 : 0x76E55492 >"
0x76E55493,"Level 14","< 번역 누락 : 0x76E55493 >"
0x76E55494,"Level 15","< 번역 누락 : 0x76E55494 >"
0x76E554BC,"Level 16","< 번역 누락 : 0x76E554BC >"
0x76E554BD,"Level 17","< 번역 누락 : 0x76E554BD >"
0x76E554BE,"Level 18","< 번역 누락 : 0x76E554BE >"
0x76E554BF,"Level 19","< 번역 누락 : 0x76E554BF >"
0x76E554C0,"Level 20","< 번역 누락 : 0x76E554C0 >"
0x76E75510,"Collect and use health packs to replenish your health bar.","회복제를 사용하여 생명력을 보충한다."
0x76E7553A,"Tram replacement complete.","전동차 교체 완료"
0x774664C4,"Zero-G Jump","무 중 력 점 프"
0x774BD4A2,"Before I can operate the tram, I need to take the data board back to Tram Control and install it.","데이터보드를 전동차 조종실에 설치해야 한다."
0x776A6334,"[Run]","< 번역 누락 : 0x776A6334 >"
0x776EAB87,"Kyne is on his way to the Hangar Bay.  He needs me to meet him on the Flight Deck and load the Marker onto the Shuttle.  With the Marker onboad, we can then fly down to the planet.  ","비행 갑판에서 마커를 우주선에 실어야 한다."
0x778C058D,"Cast","< 번역 누락 : 0x778C058D >"
0x77C43A18,"The storage device was removed during use. Save failed.","< 번역 누락 : 0x77C43A18 >"
0x77E2B7B0,"LOADED","< 번역 누락 : 0x77E2B7B0 >"
0x77E2B7BE,"LOADER CONTROL","@ 운 반 기 조 종 기"
0x780039B7,"Veronika Sarossy","< 번역 누락 : 0x780039B7 >"
0x7837F1F9,"Locked","잠 김"
0x785B739D,"THE RED MARKER","붉 은 색 마 커"
0x7881C3A4,"Once the poison pods are all destroyed, I can return to Atmosphere Control and recycle the air.  That will unlock Food Storage, where the Leviathan is holed up.","공기를 순환시켜 식량저장고의 문을 열어야한다."
0x7886D10D,"Collect 75 Logs","< 번역 누락 : 0x7886D10D >"
0x78B0F99A,"Fly the Shuttle to the Colony","우주선을 타고 콜로니로 가라"
0x78C5C45E,"ONLINE","접 속"
0x78D45380,"Highly combustible chemical.","높은 가연성의 화학물질."
0x78E079D7,"SCANNER OFFLINE","< 번역 누락 : 0x78E079D7 >"
0x78E491B7,"[Missions]","< 번역 누락 : 0x78E491B7 >"
0x7908E049,"Dave Steele","< 번역 누락 : 0x7908E049 >"
0x79269BCB,"Jason Leong","< 번역 누락 : 0x79269BCB >"
0x792A0EA2,"Tiberium","< 번역 누락 : 0x792A0EA2 >"
0x793410FB,"Reload","재 장 전"
0x794D8B02,"Dave Gainey","< 번역 누락 : 0x794D8B02 >"
0x794D8B03,"Dave Hanson","< 번역 누락 : 0x794D8B03 >"
0x794D8B04,"Colin O'Connor","< 번역 누락 : 0x794D8B04 >"
0x7974F69B,"MOVEMENT TRAINING","이동 하기"
0x7974F69C,"ACTION BUTTON TRAINING","행 동 요 령"
0x7974F69D,"MOVEMENT TRAINING","이동 하기"
0x7974F69E,"WEAPONS TRAINING","무 기 사 용"
0x7974F69F,"MAP TRAINING","지 도 보 기"
0x7974F6A0,"OBJECTIVES TRAINING","목 표 보 기"
0x7974F6A1,"STORE TRAINING","상 점 이 용"
0x7974F6A2,"DISMEMBERMENT TRAINING","절 단 하 기"
0x7974F6A3,"KEY ITEMS TRAINING","주 요 항 목"
0x79A2A37A,"Lift 2","승강기 2"
0x79A2A37B,"Lift 2","승강기 2"
0x79A2A37F,"Comms Hall","통 신 실 현 관"
0x79A2A380,"ADS Cannon 48","A D S 캐 논 4 8"
0x79A2A381,"Comms Lift","통 신 실 승 강 기"
0x79A2A382,"Comms Hall","통 신 실 현 관"
0x79A3A3B8,"Comms Control","통 신 조 종 실"
0x79A3A3B9,"Comms Array Airlock","통 신 배 열 밀 폐 실"
0x79A3A3BA,"Comms Array Chamber","통 신 배 열 장 치"
0x79D3DCF5,"DNA SYSTEM OFFLINE","< 번역 누락 : 0x79D3DCF5 >"
0x79F253F1,"RESTOCK SAFETY CIRCUIT (REL)","< 번역 누락 : 0x79F253F1 >"
0x79F253F2,"This will upgrade your RELOAD by %g sec.","< 번역 누락 : 0x79F253F2 >"
0x79F3061C,"KINESIS MODULE TRAINING","유 도 장 비"
0x79F3061D,"AIR TIMER TRAINING","에 어 타 이 머"
0x79F3061E,"ZERO-G TRAINING","무 중 력"
0x79F3061F,"KINESIS SYMBOL TRAINING","유 도 장 비 표 식"
0x79F30620,"SECONDARY FIRE TRAINING","보 조 공 격"
0x79F30621,"SCHEMATICS TRAINING","설 계 도 사 용"
0x79F30622,"POWER CELL TRAINING","< 번역 누락 : 0x79F30622 >"
0x79F30623,"WEAPON SELECT TRAINING","무 기 선 택"
0x7A302FFD,"Objective Screen","목 표 보 기"
0x7A475681,"Lead Engineer","< 번역 누락 : 0x7A475681 >"
0x7A6B7FCC,"(Excerpt from the CEC shareholder information packet on planetary mining)\n\nPLANET CRACKING\n\nPlanetary mining is, quite literally, the dismantling of planets and moons on a macro-scale. Entire worlds are fractured to reveal the rich seams of valuable minerals contained inside. Despite environmentalist concerns, the operation is perfectly safe and is the only way to extract the necessary resources on the large scale required to supply Earth and the colonies.\n\n","< 번역 누락 : 0x7A6B7FCC >"
0x7A87A82B,"Pause","Pause"
0x7A8FBC98,"Pusher","< 번역 누락 : 0x7A8FBC98 >"
0x7AB3B953,"press","< 번역 누락 : 0x7AB3B953 >"
0x7AC65000,"ENERGY","에너지"
0x7AF4F9B7,"Version","< 번역 누락 : 0x7AF4F9B7 >"
0x7B416F2D,"Confirm\nRefueling","< 번역 누락 : 0x7B416F2D >"
0x7B932E60,"Animation Director","< 번역 누락 : 0x7B932E60 >"
0x7BAF0208,"Development Manager - Characters & Animation","< 번역 누락 : 0x7BAF0208 >"
0x7BB80454,"Development Manager - Lighting & VFX","< 번역 누락 : 0x7BB80454 >"
0x7BD4B4EA,"STASIS PACK","감속장비 팩"
0x7BDD5A42,"King Lin","< 번역 누락 : 0x7BDD5A42 >"
0x7BDD5A43,"Richard Mu","< 번역 누락 : 0x7BDD5A43 >"
0x7BDD5A44,"Jane Shen","< 번역 누락 : 0x7BDD5A44 >"
0x7BDD5A45,"Sony Suo","< 번역 누락 : 0x7BDD5A45 >"
0x7BDD5A46,"Dominic Tang","< 번역 누락 : 0x7BDD5A46 >"
0x7BDD5A47,"Bobo Wu","< 번역 누락 : 0x7BDD5A47 >"
0x7BDD5A48,"Boris Wu","< 번역 누락 : 0x7BDD5A48 >"
0x7BDD5A49,"Alvin Xu","< 번역 누락 : 0x7BDD5A49 >"
0x7BDD5A4A,"Sunny Yang","< 번역 누락 : 0x7BDD5A4A >"
0x7BDD5A4B,"Roy Yuan","< 번역 누락 : 0x7BDD5A4B >"
0x7BDE5A81,"Illume Zhao","< 번역 누락 : 0x7BDE5A81 >"
0x7BDE5A82,"Illume Zhao","< 번역 누락 : 0x7BDE5A82 >"
0x7BE76E51,"RELOAD","재장전"
0x7C0EBB7B,"Alex Belfield","< 번역 누락 : 0x7C0EBB7B >"
0x7C0EBB7C,"Jason Belk","< 번역 누락 : 0x7C0EBB7C >"
0x7C0EBB7D,"Ulysses Cawaling","< 번역 누락 : 0x7C0EBB7D >"
0x7C0EBB7E,"Wilhelm Chung","< 번역 누락 : 0x7C0EBB7E >"
0x7C0EBB7F,"Cooper Drinkward","< 번역 누락 : 0x7C0EBB7F >"
0x7C0EBB80,"David Flannery","< 번역 누락 : 0x7C0EBB80 >"
0x7C0EBB81,"Joseph Guevarra","< 번역 누락 : 0x7C0EBB81 >"
0x7C0EBB82,"Richard Hahn","< 번역 누락 : 0x7C0EBB82 >"
0x7C0EBB83,"Craig Helm","< 번역 누락 : 0x7C0EBB83 >"
0x7C566BCC,"Caps","< 번역 누락 : 0x7C566BCC >"
0x7C6D1436,"Keeper of the Faith","< 번역 누락 : 0x7C6D1436 >"
0x7CDA583A,"Motion Blur","동 적 잔 상"
0x7CDEC08C,"%1 requires downloadable content that is missing and cannot be used","< 번역 누락 : 0x7CDEC08C >"
0x7CEF621E,"Art","< 번역 누락 : 0x7CEF621E >"
0x7D0956F6,"Mirror's Edge","< 번역 누락 : 0x7D0956F6 >"
0x7D194F63,"Select","선 택"
0x7D2922BC,"Store Updated:","< 번역 누락 : 0x7D2922BC >"
0x7D2F6D48,"Convert","< 번역 누락 : 0x7D2F6D48 >"
0x7D4D97BE,"Find the Singularity Core","특이성 코어를 찾아라"
0x7D51CC9C,"QA Testers","< 번역 누락 : 0x7D51CC9C >"
0x7D8DB960,"[Elev_Back]Back","< 번역 누락 : 0x7D8DB960 >"
0x7D9953B0,"TURN\nOFF?","끄기"
0x7E40F9E1,"The signal still isn't strong enough, and Kendra needs the blast doors opened above the Comms Array.  Something big is sitting right on top of them, no doubt some kind of necromorph.  If I can get to one of the ADS turrets, I hopefully can blast it off into space.","방화문에 붙어있는 커다란 문제를 날려버려야 한다."
0x7E5A2B97,"Assistant Artists","< 번역 누락 : 0x7E5A2B97 >"
0x7E5BDE40,"This will upgrade your RANGE by %g pts","< 번역 누락 : 0x7E5BDE40 >"
0x7E8D1B6B,"Dheeraj Shetty","< 번역 누락 : 0x7E8D1B6B >"
0x7E96AC66,"%1 already exists. Saving again with this name will overwrite the previously saved game. Are you sure you wish to proceed?","< 번역 누락 : 0x7E96AC66 >"
0x7EA6AA00,"Weapon Slot Up","무 기 칸 위"
0x7ED69BE2,"EA Certification Group","< 번역 누락 : 0x7ED69BE2 >"
0x7EE39F19,"Engineering","< 번역 누락 : 0x7EE39F19 >"
0x7EF71243,"Lift 1","승강기 1"
0x7F1B8362,"ELEVATORS ACTIVE","< 번역 누락 : 0x7F1B8362 >"
0x7F31BB19,"Arthur Degirmentas","< 번역 누락 : 0x7F31BB19 >"
0x7F4A95D4,"Matthew Brown","< 번역 누락 : 0x7F4A95D4 >"
0x7F70E512,"AIR","산 소"
0x7F737E34,"////RIG mode controls","//// R I G 키 설 정"
0x7F7BC5E0,"Not enough credits","잔액이 부족합니다"
0x7FB5EC4C,"Cate Latchford","< 번역 누락 : 0x7FB5EC4C >"
0x7FB890C8,"75","< 번역 누락 : 0x7FB890C8 >"
0x7FD96097,"Chapter 8: Search and Rescue","< 번역 누락 : 0x7FD96097 >"
0x7FE54366,"Communication array offline.","통 신 배 열 작 동 중 지"
0x7FE54367,"Shows progress as you move around dishes","< 번역 누락 : 0x7FE54367 >"
0x7FE54368,"Communications array re-aligned. Activate console","통신배열 재정렬. 장치 준비"
0x80401A5F,"Notice: Treatment for the bends is not authorized more than twice a week.","< 번역 누락 : 0x80401A5F >"
0x80401A60,"Attention: Remember to sync your R. I. G. regularly.  Outdated R. I. G. manifests can result in lost paychecks and suffocation.","< 번역 누락 : 0x80401A60 >"
0x80401A61,"Please be advised: It is illegal to possess cloned body parts, outside of Medical Deck, especially your own.   Pay can be docked, retroactively.","< 번역 누락 : 0x80401A61 >"
0x80401A62,"Attention:  While in zero-gravity, do not leap into other crew members.   Do not vomit.   Do not shout.","< 번역 누락 : 0x80401A62 >"
0x80401A63,"Attention: All officers and notaries, please report to the bridge immediately.  Repeat: All officers, and notaries please report to the bridge immediately.","< 번역 누락 : 0x80401A63 >"
0x80401A64,"Attention: The bridge is restricted at this time.  Medical personnel must report to the E.R. immediately.  Engineers too Centrifuge.","< 번역 누락 : 0x80401A64 >"
0x80401A65,"Notice:  ADS system is offline. Please brace for impact.    Insurance covers contusions, lacerations of the face and hands, broken femurs and concussions.","< 번역 누락 : 0x80401A65 >"
0x80401A66,"Reminder: Please keep your cloning samples current with Medical.","< 번역 누락 : 0x80401A66 >"
0x80401A67,"Attention: Missing persons reports are offline.   Please do not query the system at this time.","< 번역 누락 : 0x80401A67 >"
0x80411A9D,"Calling Doctor Howard Doctor Fine  Doctor Howard. Calling Doctor Howard Doctor Fine  Doctor Howard.","< 번역 누락 : 0x80411A9D >"
0x80411A9E,"Attention: Quarantines are in effect.    Hazardous waste personnel are required in Hydroponics immediately.","< 번역 누락 : 0x80411A9E >"
0x80411A9F,"Notice: Compostable waste, organic synthetics, and urine are not acceptable deposits anywhere in Hydroponics.   Please recycle them.","< 번역 누락 : 0x80411A9F >"
0x80411AA0,"Notice: Due to elevated risk, Stasis modules are not allowed in Hydroponics.","< 번역 누락 : 0x80411AA0 >"
0x80411AA1,"Notice: Blood toxicology reports are required to start Mining shifts.  Please do not be late because you have failed to test first.","< 번역 누락 : 0x80411AA1 >"
0x80411AA2,"Notice: Skin rash, due to Osmium contamination, are common.   Do not alarm yourself or others.   Ointment is available in medical.   Supplies are currently limited.","< 번역 누락 : 0x80411AA2 >"
0x80411AA3,"Warning:  Do not shake or refrigerate Plasma Cutters.","< 번역 누락 : 0x80411AA3 >"
0x80411AA4,"Notice:  If you fail to properly equalize airlocks, you are financially responsible for crew members who suffer the bends.","< 번역 누락 : 0x80411AA4 >"
0x80411AA5,"Warning:   Hull Compromised.   Manual Survival mode 7.   Manual Survival mode 7.","< 번역 누락 : 0x80411AA5 >"
0x80411AA6,"Attention:  Cyanide systems offline.  Cyanide systems offline.","< 번역 누락 : 0x80411AA6 >"
0x80421ADC,"Notice:  Meals are at protein-only rationing.  Water contamination is abortive.   Cycle urine until further instructions.","< 번역 누락 : 0x80421ADC >"
0x80421ADD,"This is a reminder:  Plasma burns to the face and hands are not covered by insurance.","< 번역 누락 : 0x80421ADD >"
0x80421ADE,"Please Note: Flight Deck pressurization fluctuations have been detected.   Flight deck personnel should report to deck operations immediately.","< 번역 누락 : 0x80421ADE >"
0x80421ADF,"Please be advised: Internal arterial expansions are fatal.   Please mind the airlocks.","< 번역 누락 : 0x80421ADF >"
0x80421AE0,"Notice:  Spine replacements are covered for cost of goods only.   Land with caution, when gravity is offline.","< 번역 누락 : 0x80421AE0 >"
0x80421AE1,"Please be advised: Evacuation protocols have expired.   It is illegal to be in public areas.","< 번역 누락 : 0x80421AE1 >"
0x80421AE2,"Attention:  Level 5 atmosphere rating.   Do not move quickly.    Do not breathe deeply.   Do not exert.","< 번역 누락 : 0x80421AE2 >"
0x80421AE3,"Please Note:  Gravity occlusion offline.   Dangerous forces possible.  Move with caution.","< 번역 누락 : 0x80421AE3 >"
0x80421AE4,"Attention: Uhnauthorized personnel are subject to search and seizure without warning.  Insurance does not cover damage to your person during the event.","< 번역 누락 : 0x80421AE4 >"
0x80421AE5,"Attention: New arrivals must be decontaminated or be held financially responsible for outbreaks of hepatitis, encephalic meningitis, and dengue fever.","< 번역 누락 : 0x80421AE5 >"
0x80431B1B,"Reminder: Severed limbs are hazardous waste.  Do not dispose of them in the trash system.  Take them to medical, immediately.","< 번역 누락 : 0x80431B1B >"
0x80431B1C,"Attention: Shuttle service has been temporally canceled. Please see you supervisor for arrival and departure information.","< 번역 누락 : 0x80431B1C >"
0x80431B1D,"Attention: On order from Captain Mathius. Cargo shipments from the colony have been suspended until further notice.","< 번역 누락 : 0x80431B1D >"
0x80431B1E,"Warning: This is a restricted area. Please contact your supervisor for authorization. Thank You.","< 번역 누락 : 0x80431B1E >"
0x805EC83E,"Go to the Cargo Deck","화물갑판으로 가라"
0x8083818C,"ATMOSPHERIC PURITY LEVEL","--대 기 순 도 수 준--"
0x80979786,"This device does not have enough space to save into an empty slot. Overwrite an existing slot or select a new device.","< 번역 누락 : 0x80979786 >"
0x80B61A53,"Circumflex","< 번역 누락 : 0x80B61A53 >"
0x810645A2,"Communications log, First Comms Operator Bailey reporting. The ship is under attack, but requests to issue a distress call have been repeatedly denied by Captain Mathius. He won't say it, but everyone on the bridge knows why--this is an illegal operation in a prohibited system. We've all known for months, and we kept our mouths shut. Not any more.","통신실 기록.수석 교환원 베일리 보고. 우주선이 공격당했다.하지만 구조신호를 보내자는 요청에 벤자민 선장은 계속 거부하고 있다.선장도 말하지는 않지만 브릿지 요원들 모두 이유를 알고있다.우린 금지구역에서 불법작업을 하고있는 것이다.모두가 수개월 동안 입밖에 내지도 않았다.하지만 더이상은 아니다."
0x810645A3,"Mayday, mayday, mayday! This is USG Ishimura, this is--what the hell?","메이데이,메이데이! 여기는 이시무라,여기는-- 어떻게 된거야?"
0x810645A4,"I don't believe this! The whole comms system is offline!","말도 안돼! 통신 시스템 전부가 고장나다니!"
0x810745AD,"Now he's gone too far... Bailey out.","선장이 이정도 까지… 베일리 종료."
0x81120404,"Senior Public Relations Manager","< 번역 누락 : 0x81120404 >"
0x8130CF92,"Chapter 3: Course Correction","< 번역 누락 : 0x8130CF92 >"
0x81BD03A9,"////advanced render settings","//// 고 급 설 정"
0x81D073B3,"Restores Stasis Energy.","감속장비의 에너지 충전"
0x81F747AC,"MEDICAL LOG\nDR. DOMUSS, G. (MEDICAL EXAMINER)\nREPORT OF DEATH ON SHIP\nSUBJECT: CAPTAIN MATHIUS, B.\nIt is my sad duty to officially pronounce Captain Benjamin Mathius dead.\nReports of the exact circumstances surrounding his death are conflicted, and beyond the scope of my role. I can only report on the body.\nThe subject was in generally good health for his age, though a cursory blood test indicates his leukocyte count was very low, with eosinophils in particular almost non-existent. His preflight physical exam showed no such problems, indicating rapid onset; however, it is unlikely this had any effect on his death.","< 번역 누락 : 0x81F747AC >"
0x8202D3CA,"FIRST CONTACT","최 초 접 촉"
0x820364E2,"Make us whole again.","우리 다시 하나로…"
0x820A6668,"Make us whole again.","우리 다시 하나로…"
0x820A6669,"Make us whole again.","우리 다시 하나로…"
0x82357106,"Corporal, put that fire out.","< 번역 누락 : 0x82357106 >"
0x82357131,"Open fire!","< 번역 누락 : 0x82357131 >"
0x82461F19,"OPERATION ERROR!\n\nPOWER CLUTCHES MUST BE ENGAGED TO START CENTRIFUGE.","작동오류!전달장치 해제"
0x82461F1A,"ACTIVATE?\n\nACTIVATING CENTRIFUGE WILL INITIATE GRAVITY WELL.","작동:중력장 전개 준비"
0x82461F1B,"STATUS\n\n\nGRAVITY WELL ACTIVATED. AIR SEAL OPENED. ATMOSPHERE VENTED.","상태:차단막 개방.대기 유출"
0x8255EE4D,"Entering vacuum.","진공상태로 진입합니다."
0x8256B8F6,"LOAD THE MARKER","마 커 운 반"
0x82570BDB,"Localization","< 번역 누락 : 0x82570BDB >"
0x827EDBD3,"CONTINUE","계 속"
0x82A15D4E,"GO TO CHEMISTRY","화 학 실 로 이 동"
0x82AEFEFC,"True Believer","< 번역 누락 : 0x82AEFEFC >"
0x82B9C323,"PODS DESTROYED","근 원 제 거"
0x82D11A71,"Marketing","< 번역 누락 : 0x82D11A71 >"
0x82D28296,"CONTACT ENERGY\nSchematic Acquired\nDownload at the Store","컨택트 에너지 설계도 획득"
0x8304A4E3,"Cinematic Animation Lead","< 번역 누락 : 0x8304A4E3 >"
0x83584CA7,"TEMPLE REPORT 4","템 플 의 보 고 4"
0x83592C61,"214","< 번역 누락 : 0x83592C61 >"
0x836FF8BE,"Launch the Asteroid","소행성을 발사하라"
0x83A0F8A7,"Kill 30 enemies with the Line Gun","< 번역 누락 : 0x83A0F8A7 >"
0x83AC1BD3,"Character Artists","< 번역 누락 : 0x83AC1BD3 >"
0x8490C2B8,"Find the Chemicals","화학약품을 찾아라"
0x849D7601,"Jino Talens","< 번역 누락 : 0x849D7601 >"
0x84B5B05E,"Doug Brooks","< 번역 누락 : 0x84B5B05E >"
0x84B5B05F,"Kacper Centkowski","< 번역 누락 : 0x84B5B05F >"
0x84B5B060,"Michael Condrey","< 번역 누락 : 0x84B5B060 >"
0x84B5B061,"Dave Feise","< 번역 누락 : 0x84B5B061 >"
0x84B5B062,"Adam Gousetis","< 번역 누락 : 0x84B5B062 >"
0x84B5B063,"George Lu","< 번역 누락 : 0x84B5B063 >"
0x84B5B064,"Paul Mathus","< 번역 누락 : 0x84B5B064 >"
0x84B5B065,"Ian Milham","< 번역 누락 : 0x84B5B065 >"
0x84B5B066,"Bret Robbins","< 번역 누락 : 0x84B5B066 >"
0x8501E017,"Mouse Sensitivity","마 우 스 감 도"
0x853DF650,"ELEVATOR CONTROL","엘리베이터 조종"
0x85601AB1,"KINESIS MODULE","유 도 장 비"
0x8595876D,"MINING LOG\nDALLAS, A. (SUPERVISOR, 2nd ENGINEER)\nThe death toll is mounting. Known dead so far:\nArnold-Fernandez, D\nAshik, M\nBagwell, W\nBao, A\nBaristiran, O\nBriggs, R\nCarrillo, R\nCentkowski, K\nChan, D\nCharlow, A\nChikes, C\nColomar, B\nCondrey, M\nDeguzman, J\nDing, V\nDrinkward, C\nEckert, J\nEspeleta, T\nFattouh, S\nFeise, D\nFelker, T\nFike, T\nFong, C\nFuentes, C\nGamel, S\nGaugy, M\nGeraci, J\nGregory, L\nGuaman, E\nHartness, E\nHasan, J\nHolt, T\nIgnacio, D\nJamerson, K\nJohnson, M\nKeum, J\nKong, C\nKrakowski, M\nKuo, D\nLackey, A\nLeal, D\nLee, L\nLeong, J\nLingen, D","< 번역 누락 : 0x8595876D >"
0x85A53D51,"Release payload 8772?","소 행 성 구 속 해 제"
0x85B392D6,"Ctrl","< 번역 누락 : 0x85B392D6 >"
0x85B3BC07,"The Marker is onboard.  Now we can all finally get off this ship.","마커를 실었다.이제 여길 벗어날 수 있다"
0x85DE2A32,"AIR TIMER","에 어 타 이 머"
0x8606BD37,"Shift","< 번역 누락 : 0x8606BD37 >"
0x863410F1,"USG ISHIMURA\nAEROSPACE ENGINEERING DEPT\nSHUTTLE REPAIRS INVOICE\nMISSION DAY TWO: \n- Faulty fore gyro, vessel USG-ISH-S03. Replaced, now functional.\nMISSION DAY THREE: \n- Faulty 4D scope, vessel USG-ISH-S01. Still in repair.\nMISSION DAY FOUR: \n- Damaged landing repulsors, vessel USG-ISH-S05. Complete replacement, now functional.\n- Damaged fore and left-fore viewports, vessel USG-ISH-S04. Replaced, now functional.\nMISSION DAY FIVE:\n- Damaged booster collar, vessel USG-ISH-S05. Repaired, now functional.\nENGINEER'S NOTE\nWRIGHT, J.F. (2nd ENGINEER, MAINTENANCE BAY)","< 번역 누락 : 0x863410F1 >"
0x865802E4,"MAIN ARRAY PROBLEM","주 배 열 문 제"
0x865C39B3,"ZERO-G MOVEMENT","무 중 력 이 동"
0x8660DF0B,"Easy","쉬 움"
0x8693823B,"CAPTAIN'S REPORT","선 장 의 보 고"
0x86A15C5B,"Tethers must be deactivated","올가미 작동을 중지하십시오"
0x86B46398,"Reynaldo Andaya","< 번역 누락 : 0x86B46398 >"
0x86B46399,"Mohammed Ashik","< 번역 누락 : 0x86B46399 >"
0x86B4639A,"Alberto Contreras","< 번역 누락 : 0x86B4639A >"
0x86B4639B,"Hugh Do","< 번역 누락 : 0x86B4639B >"
0x86B4639C,"Joel Eckert","< 번역 누락 : 0x86B4639C >"
0x86B4639D,"Leland Gregory","< 번역 누락 : 0x86B4639D >"
0x86B4639E,"Drew Hamilton","< 번역 누락 : 0x86B4639E >"
0x86B4639F,"Jehanzeb Hasan","< 번역 누락 : 0x86B4639F >"
0x86B463A0,"Matt Johnson","< 번역 누락 : 0x86B463A0 >"
0x86C6D424,"That beacon could be our only way off this goddamn ship.  It's stored somewhere on the Maintenance Sub Deck.  It sends out a strong sub-space broadcast that should alert any ship in the sector.","신호기는 관리구역 보조갑판 어딘가에 보관되어있다."
0x86DA4934,"KINESIS SYMBOL","< 번역 누락 : 0x86DA4934 >"
0x86F68C68,"DOOR OPENED","문 개 방"
0x8723BAFF,"CORRUPTION","오 염"
0x873E70A2,"%d x %d, %dHz","< 번역 누락 : 0x873E70A2 >"
0x875858B5,"SECONDARY FIRE","보 조 공 격"
0x87625F49,"EA Shanghai","< 번역 누락 : 0x87625F49 >"
0x879515EC,"MERCER'S JOURNAL","머 서 의 기 록"
0x87A1F338,"Re-Route ADS Power","ADS 전력 공급"
0x87A60F04,"Stereo","스 테 레 오"
0x87AEB8C2,"OBJECTIVES","목 표"
0x87D66836,"SCHEMATICS","설 계 도"
0x87EE31D4,"NAV CARD 1","운 항 카 드 1"
0x87F5B422,"Rami Khayyat","< 번역 누락 : 0x87F5B422 >"
0x87F5B423,"James DeGuzman","< 번역 누락 : 0x87F5B423 >"
0x87F9262B,"Junior Localization Testing Project Manager","< 번역 누락 : 0x87F9262B >"
0x87FD52F2,"MB 3","< 번역 누락 : 0x87FD52F2 >"
0x87FD52F3,"MB 4","< 번역 누락 : 0x87FD52F3 >"
0x8814370A,"Loading %1. Please don't turn off your PC.","< 번역 누락 : 0x8814370A >"
0x882AD222,"Danger!\nHull Breach\nEvaculate Immediately","< 번역 누락 : 0x882AD222 >"
0x885477B7,"POWER CELLS","< 번역 누락 : 0x885477B7 >"
0x889FE30C,"Kill 30 enemies with the Pulse Rifle","< 번역 누락 : 0x889FE30C >"
0x88A33B1F,"Andrea Plastas","< 번역 누락 : 0x88A33B1F >"
0x88D1DA27,"Use melee to knock back an enemy for a quicker escape.","근접 공격은 적을 물러나게 만든다."
0x88D28738,"WEAPON SELECT","무 기 선 택"
0x88D4E083,"Caps","< 번역 누락 : 0x88D4E083 >"
0x88D4E090,"Caps","< 번역 누락 : 0x88D4E090 >"
0x88DDE2BA,"Caps","< 번역 누락 : 0x88DDE2BA >"
0x88DDE2C7,"Caps","< 번역 누락 : 0x88DDE2C7 >"
0x88E63387,"\n","< 번역 누락 : 0x88E63387 >"
0x894268F8,"Demetrius Leal","< 번역 누락 : 0x894268F8 >"
0x899B87C4,"Credits_Blank_Line","< 번역 누락 : 0x899B87C4 >"
0x899B87C5,"Credits_Design","< 번역 누락 : 0x899B87C5 >"
0x899B87C6,"Credits_Design_DD","< 번역 누락 : 0x899B87C6 >"
0x899B87C7,"Credits_Design_Lead_LD","< 번역 누락 : 0x899B87C7 >"
0x899B87C8,"Credits_Design_Sr_Gameplay","< 번역 누락 : 0x899B87C8 >"
0x899B87C9,"Credits_Design_Sr_LD","< 번역 누락 : 0x899B87C9 >"
0x899B87CA,"Credits_Design_LD","< 번역 누락 : 0x899B87CA >"
0x899B87CB,"Credits_Design_AddDes","< 번역 누락 : 0x899B87CB >"
0x899B87CC,"Credits_Blank_Line","< 번역 누락 : 0x899B87CC >"
0x899B87CD,"Credits_Eng","< 번역 누락 : 0x899B87CD >"
0x899C8803,"Credits_Eng_Lead_Eng","< 번역 누락 : 0x899C8803 >"
0x899C8804,"Credits_Eng_Lead_GameEn","< 번역 누락 : 0x899C8804 >"
0x899C8805,"Credits_Eng_Sr_GameEn","< 번역 누락 : 0x899C8805 >"
0x899C8806,"Credits_Eng_GameEn","< 번역 누락 : 0x899C8806 >"
0x899C8807,"Credits_Eng_Sr_CoreEn","< 번역 누락 : 0x899C8807 >"
0x899C8808,"Credits_Eng_CoreEn","< 번역 누락 : 0x899C8808 >"
0x899C8809,"Credits_Eng_AudioEn","< 번역 누락 : 0x899C8809 >"
0x899C880A,"Credits_Eng_BuildEn","< 번역 누락 : 0x899C880A >"
0x899C880B,"Credits_Eng_Melbourne","< 번역 누락 : 0x899C880B >"
0x899C880C,"Credits_Eng_Sr_PCEn","< 번역 누락 : 0x899C880C >"
0x899D8842,"Credits_Eng_PCEn","< 번역 누락 : 0x899D8842 >"
0x899D8843,"Credits_Eng_AddEng","< 번역 누락 : 0x899D8843 >"
0x899D8844,"Credits_Eng_AddEng_DD","< 번역 누락 : 0x899D8844 >"
0x899D8845,"Credits_Eng_AddEng_TechD","< 번역 누락 : 0x899D8845 >"
0x899D8846,"Credits_Eng_AddEng_Neo","< 번역 누락 : 0x899D8846 >"
0x899D8847,"Credits_Eng_AddEng_Hyp","< 번역 누락 : 0x899D8847 >"
0x899D8848,"Credits_Eng_AddEng_En","< 번역 누락 : 0x899D8848 >"
0x899D8849,"Credits_Blank_Line","< 번역 누락 : 0x899D8849 >"
0x899D884A,"Credits_Prod","< 번역 누락 : 0x899D884A >"
0x899D884B,"Credits_Prod_Sr_Prod","< 번역 누락 : 0x899D884B >"
0x899E8881,"Credits_Prod_Prod","< 번역 누락 : 0x899E8881 >"
0x899E8882,"Credits_Prod_Tal_Prod","< 번역 누락 : 0x899E8882 >"
0x899E8883,"Credits_Prod_Aso_Prod","< 번역 누락 : 0x899E8883 >"
0x899E8884,"Credits_Prod_Ast_Prod","< 번역 누락 : 0x899E8884 >"
0x899E8885,"Credits_Prod_Admin","< 번역 누락 : 0x899E8885 >"
0x899E8886,"Credits_Blank_Line","< 번역 누락 : 0x899E8886 >"
0x899E8887,"Credits_Art","< 번역 누락 : 0x899E8887 >"
0x899E8888,"Credits_Art_DMCA","< 번역 누락 : 0x899E8888 >"
0x899E8889,"Credits_Art_Char_Lead","< 번역 누락 : 0x899E8889 >"
0x899E888A,"Credits_Art_Sr_Char","< 번역 누락 : 0x899E888A >"
0x899F88C0,"Credits_Art_Anim_Dir","< 번역 누락 : 0x899F88C0 >"
0x899F88C1,"Credits_Art_CinAnim_Lead","< 번역 누락 : 0x899F88C1 >"
0x899F88C2,"Credits_Art_Sr_Anim","< 번역 누락 : 0x899F88C2 >"
0x899F88C3,"Credits_Art_Anim","< 번역 누락 : 0x899F88C3 >"
0x899F88C4,"Credits_Art_DME","< 번역 누락 : 0x899F88C4 >"
0x899F88C5,"Credits_Art_AADE","< 번역 누락 : 0x899F88C5 >"
0x899F88C6,"Credits_Art_EnvArt_Lead","< 번역 누락 : 0x899F88C6 >"
0x899F88C7,"Credits_Art_Sr_EnvArt","< 번역 누락 : 0x899F88C7 >"
0x899F88C8,"Credits_Art_EnvArt","< 번역 누락 : 0x899F88C8 >"
0x899F88C9,"Credits_Art_Aso_EnvArt","< 번역 누락 : 0x899F88C9 >"
0x89A088FF,"Credits_Art_Ast_EnvArt","< 번역 누락 : 0x89A088FF >"
0x89A08900,"Credits_Art_Add_EnvArt","< 번역 누락 : 0x89A08900 >"
0x89A08901,"Credits_Art_DDO","< 번역 누락 : 0x89A08901 >"
0x89A08902,"Credits_Art_DMO","< 번역 누락 : 0x89A08902 >"
0x89A08903,"Credits_Art_DMLV","< 번역 누락 : 0x89A08903 >"
0x89A08904,"Credits_Art_Lead_VFX","< 번역 누락 : 0x89A08904 >"
0x89A08905,"Credits_Art_VFX","< 번역 누락 : 0x89A08905 >"
0x89A08906,"Credits_Art_Lgt_Supr","< 번역 누락 : 0x89A08906 >"
0x89A08907,"Credits_Art_Lgtr","< 번역 누락 : 0x89A08907 >"
0x89A08908,"Credits_Art_Lead_Tech","< 번역 누락 : 0x89A08908 >"
0x89A1893E,"Credits_Art_Char_Tech_D","< 번역 누락 : 0x89A1893E >"
0x89A1893F,"Credits_Art_Char_Rigger","< 번역 누락 : 0x89A1893F >"
0x89A18940,"Credits_Art_Sr_Tech","< 번역 누락 : 0x89A18940 >"
0x89A18941,"Credits_Art_Tech","< 번역 누락 : 0x89A18941 >"
0x89A18942,"Credits_Art_Aso_Tech","< 번역 누락 : 0x89A18942 >"
0x89A18943,"Credits_Art_QA_Tech","< 번역 누락 : 0x89A18943 >"
0x89A18944,"Credits_Art_UI_Dsgn","< 번역 누락 : 0x89A18944 >"
0x89A18945,"Credits_Art_UI_Art","< 번역 누락 : 0x89A18945 >"
0x89A18946,"Credits_Art_Cncpt","< 번역 누락 : 0x89A18946 >"
0x89A18947,"Credits_Blank_Line","< 번역 누락 : 0x89A18947 >"
0x89A2897D,"Credits_Audio","< 번역 누락 : 0x89A2897D >"
0x89A2897E,"Credits_Audio_Snd_Dsgn","< 번역 누락 : 0x89A2897E >"
0x89A2897F,"Credits_Audio_Ast_Snd_Dsgn","< 번역 누락 : 0x89A2897F >"
0x89A28980,"Credits_Audio_Music_Comp","< 번역 누락 : 0x89A28980 >"
0x89A28981,"Credits_Audio_Dialog_Supr","< 번역 누락 : 0x89A28981 >"
0x89A28982,"Credits_Audio_Add_Sound","< 번역 누락 : 0x89A28982 >"
0x89A28983,"Credits_Blank_Line","< 번역 누락 : 0x89A28983 >"
0x89A28984,"Credits_Audio_Cast","< 번역 누락 : 0x89A28984 >"
0x89A28985,"Credits_Audio_Featured_Cast","< 번역 누락 : 0x89A28985 >"
0x89A28986,"Credits_Audio_VO","< 번역 누락 : 0x89A28986 >"
0x89A389BC,"Credits_Blank_Line","< 번역 누락 : 0x89A389BC >"
0x89A389BD,"Credits_Video","< 번역 누락 : 0x89A389BD >"
0x89A389BE,"Credits_Video_Dir","< 번역 누락 : 0x89A389BE >"
0x89A389BF,"Credits_Video_EdComp","< 번역 누락 : 0x89A389BF >"
0x89A389C0,"Credits_Blank_Line","< 번역 누락 : 0x89A389C0 >"
0x89A389C1,"Credits_AddArt","< 번역 누락 : 0x89A389C1 >"
0x89A389C2,"Credits_Blank_Line","< 번역 누락 : 0x89A389C2 >"
0x89A389C3,"Credits_AddArt_EASH","< 번역 누락 : 0x89A389C3 >"
0x89A389C4,"Credits_AddArt_EASH_PM","< 번역 누락 : 0x89A389C4 >"
0x89A389C5,"Credits_AddArt_EASH_DD","< 번역 누락 : 0x89A389C5 >"
0x89C1ACCE,"Salil Nair","< 번역 누락 : 0x89C1ACCE >"
0x89CBAB5F,"Don't get cocky, kid","< 번역 누락 : 0x89CBAB5F >"
0x89DB97B5,"Quality Assurance","< 번역 누락 : 0x89DB97B5 >"
0x89E6FB7F,"QA Franchise Lead","< 번역 누락 : 0x89E6FB7F >"
0x89FC8298,"Chris Kassabian","< 번역 누락 : 0x89FC8298 >"
0x89FC8299,"Chi Kong","< 번역 누락 : 0x89FC8299 >"
0x89FC829A,"Michael Krakowski","< 번역 누락 : 0x89FC829A >"
0x89FC829B,"Craig Louie","< 번역 누락 : 0x89FC829B >"
0x89FC829C,"Florian Meneses","< 번역 누락 : 0x89FC829C >"
0x89FC829D,"Robert Merenda","< 번역 누락 : 0x89FC829D >"
0x89FC829E,"Michael Wallace Peterson","< 번역 누락 : 0x89FC829E >"
0x89FC829F,"Anthony Ruelas","< 번역 누락 : 0x89FC829F >"
0x89FC82A0,"David Scott","< 번역 누락 : 0x89FC82A0 >"
0x89FC82A1,"Andrew Tantivongsathaporn","< 번역 누락 : 0x89FC82A1 >"
0x89FD82D7,"Chantha Thoeun","< 번역 누락 : 0x89FD82D7 >"
0x89FD82D8,"John Touhy","< 번역 누락 : 0x89FD82D8 >"
0x89FD82D9,"Nicholas Williams","< 번역 누락 : 0x89FD82D9 >"
0x89FD82DA,"Ryan Wilson","< 번역 누락 : 0x89FD82DA >"
0x8A129FEB,"Lighting Supervisor","< 번역 누락 : 0x8A129FEB >"
0x8A40F244,"Video Post-Production Director and Designer","< 번역 누락 : 0x8A40F244 >"
0x8A7065EF,"Publicist","< 번역 누락 : 0x8A7065EF >"
0x8A95E460,"AVOID THE ASTEROIDS","소 행 성 피 하 기"
0x8AB323B8,"Manually Ignite the Engine","엔진을 점화하라"
0x8ACD3E86,"Tab","< 번역 누락 : 0x8ACD3E86 >"
0x8ACD3E93,"Tab","< 번역 누락 : 0x8ACD3E93 >"
0x8AD640BD,"Tab","< 번역 누락 : 0x8AD640BD >"
0x8AD640CA,"Tab","< 번역 누락 : 0x8AD640CA >"
0x8B185E20,"Bridge, come in! We've been boarded! Repeat, the ship has been boarded! We are under attack! What the hell are they? They, they've already killed most of the Deck staff! We need security backup here immediately! Guns are useless, we can't hold them back for very long...","브릿지,응답하라!사람이 있다!반복한다,탑승객이 있다!우리는 공격받고 있다.대체 다들 어디에 있는거야?승무원 대부분이 이미 살해당했다.당장 보안팀의 지원이 필요하다.총은 소용이 없다.우린 그다지 오래 버티지 못한다…"
0x8B195E2E,"Make us whole again.","우리 다시 하나로…"
0x8B3A1C95,"Senior Technical Artist","< 번역 누락 : 0x8B3A1C95 >"
0x8B6054F4,"Zero-G Therapy","무중력 치료실"
0x8B6054F7,"Security Station","보 안 구 역"
0x8BB0E362,"SHIP GRAVITY","우 주 선 중 력"
0x8BF8E3D4,"Andrew Hung","< 번역 누락 : 0x8BF8E3D4 >"
0x8BF8E3D5,"Adam Iarossi","< 번역 누락 : 0x8BF8E3D5 >"
0x8BF8E3D6,"Nigel Kay","< 번역 누락 : 0x8BF8E3D6 >"
0x8BF8E3D7,"Ove Lindblom","< 번역 누락 : 0x8BF8E3D7 >"
0x8BF8E3D8,"Daniel Newmarch","< 번역 누락 : 0x8BF8E3D8 >"
0x8BF8E3D9,"Glen Stuart","< 번역 누락 : 0x8BF8E3D9 >"
0x8BF8E3DA,"Bruce Sutherland","< 번역 누락 : 0x8BF8E3DA >"
0x8BF8E3DB,"Scott Wickens","< 번역 누락 : 0x8BF8E3DB >"
0x8C17A30A,"Air Alert","< 번역 누락 : 0x8C17A30A >"
0x8C21D6D5,"Eric Pavey","< 번역 누락 : 0x8C21D6D5 >"
0x8C26F607,"[Navigate]Navigate          [Exit_Rig]Exit","< 번역 누락 : 0x8C26F607 >"
0x8C418CE9,"Security Station","보 안 구 역"
0x8C418CEA,"Welcome to the USG Ishimura Medical Deck","< 번역 누락 : 0x8C418CEA >"
0x8C428D28,"Tram Station","정 거 장"
0x8C428D29,"Thank you for visiting the Medical Deck","< 번역 누락 : 0x8C428D29 >"
0x8C438D67,"Security Station","보 안 구 역"
0x8C438D68,"All visitors must sign in at the security kiosk","< 번역 누락 : 0x8C438D68 >"
0x8C448DA6,"Tram Station","정 거 장"
0x8C448DA7,"Please collect any belongings you brought to the Medical Deck","< 번역 누락 : 0x8C448DA7 >"
0x8C458DE5,"Ishimura Clinic","이시무라 진료실"
0x8C458DE6,"All patients please proceed to Clinic Waiting Room","< 번역 누락 : 0x8C458DE6 >"
0x8C468E24,"Research Wing","부속 연구실"
0x8C468E25,"Authorized Science Personnel Only","< 번역 누락 : 0x8C468E25 >"
0x8C478E63,"Imaging Diagnostics Wing","영 상 진 단 장 치"
0x8C478E64,"Please have Lab referral forms ready","< 번역 누락 : 0x8C478E64 >"
0x8C488EA2,"Security Station","보 안 구 역"
0x8C488EA3,"Thank you for visiting the Imaging Diagnostics Lab","< 번역 누락 : 0x8C488EA3 >"
0x8C498EE1,"Imaging Diagnostics Room","영 상 진 단 실"
0x8C498EE2,"Warning: Elevated radiation levels","< 번역 누락 : 0x8C498EE2 >"
0x8C860A61,"One of the Valor's weapon modules ripped open in the crash, scattering highly radioactive munitions through the Ore Storage chamber.  The radiation leak has caused the Valor's airlock to seal itself.  I need to clear the chamber of the munitions before I can get onboard the ship.","광석 보관실에서 방사능 물질을 모두 제거해야한다."
0x8CBE9C2B,"Return to Security Station","< 번역 누락 : 0x8CBE9C2B >"
0x8CBE9C2C,"Thank you for visiting the Imaging Diagnostics lab","< 번역 누락 : 0x8CBE9C2C >"
0x8CBF9C6A,"Zero-G Therapy Area","< 번역 누락 : 0x8CBF9C6A >"
0x8CBF9C6B,"Authorized Personnel Only","< 번역 누락 : 0x8CBF9C6B >"
0x8CC09CA9,"Imaging Diagnostics Room","영 상 진 단 실"
0x8CC09CAA,"Warning: Elevated radiation levels","< 번역 누락 : 0x8CC09CAA >"
0x8CC19CE8,"Zero-G Therapy Area","< 번역 누락 : 0x8CC19CE8 >"
0x8CC19CE9,"WARNING: HULL BREACH DETECTED","< 번역 누락 : 0x8CC19CE9 >"
0x8CC29D27,"Chemical Research lab","화 학 연 구 실"
0x8CC29D28,"Proper clearance required","< 번역 누락 : 0x8CC29D28 >"
0x8CC39D66,"Return to Imaging Diagnostics Room","< 번역 누락 : 0x8CC39D66 >"
0x8CC39D67,"Warning: Elevated radiation levels","< 번역 누락 : 0x8CC39D67 >"
0x8CC49DA5,"Zero-G Therapy Area","< 번역 누락 : 0x8CC49DA5 >"
0x8CC49DA6,"Authorized Personnel Only","< 번역 누락 : 0x8CC49DA6 >"
0x8CC59DE4,"Return to Imaging Diagnostics Room","< 번역 누락 : 0x8CC59DE4 >"
0x8CC59DE5,"WARNING: HULL BREACH DETECTED","< 번역 누락 : 0x8CC59DE5 >"
0x8CC69E23,"Zero-G Therapy Area","< 번역 누락 : 0x8CC69E23 >"
0x8CC69E24,"Authorized Personnel Only","< 번역 누락 : 0x8CC69E24 >"
0x8CC79E62,"Return to Imaging Diagnostics Room","< 번역 누락 : 0x8CC79E62 >"
0x8CC79E63,"Warning: Elevated radiation levels","< 번역 누락 : 0x8CC79E63 >"
0x8D3CABAC,"Security Station","보 안 구 역"
0x8D3CABAD,"Thank you for visiting the Research Wing","< 번역 누락 : 0x8D3CABAD >"
0x8D3DABEB,"Main Lab","주 연 구 실"
0x8D3DABEC,"Please check yourself for contaminants","< 번역 누락 : 0x8D3DABEC >"
0x8D3EAC2A,"Return to Security Station","< 번역 누락 : 0x8D3EAC2A >"
0x8D3EAC2B,"Thank you for visiting the Research Wing","< 번역 누락 : 0x8D3EAC2B >"
0x8D3FAC69,"Main Lab","주 연 구 실"
0x8D3FAC6A,"Please check yourself for contaminants","< 번역 누락 : 0x8D3FAC6A >"
0x8D40ACA8,"Return to Security Station","< 번역 누락 : 0x8D40ACA8 >"
0x8D40ACA9,"Warning:  No lab materials may leave the area","< 번역 누락 : 0x8D40ACA9 >"
0x8D41ACE7,"Bio Lab","생체 연구실"
0x8D41ACE8,"Authorized Personnel Only","< 번역 누락 : 0x8D41ACE8 >"
0x8D42AD26,"Main Lab","주 연 구 실"
0x8D42AD27,"Authorized Personnel Only","< 번역 누락 : 0x8D42AD27 >"
0x8D43AD65,"Bio Lab","생체 연구실"
0x8D43AD66,"Authorized Personnel Only","< 번역 누락 : 0x8D43AD66 >"
0x8D44ADA4,"Return to Main Lab","< 번역 누락 : 0x8D44ADA4 >"
0x8D44ADA5,"Authorized Personnel Only","< 번역 누락 : 0x8D44ADA5 >"
0x8D45ADE3,"Bio Lab","생체 연구실"
0x8D45ADE4,"Authorized Personnel Only","< 번역 누락 : 0x8D45ADE4 >"
0x8D629D14,"Crackshot","< 번역 누락 : 0x8D629D14 >"
0x8D821D13,"Audio Director","< 번역 누락 : 0x8D821D13 >"
0x8D851EA7,"Clarence Co","< 번역 누락 : 0x8D851EA7 >"
0x8D851EA8,"Tom Desmarais","< 번역 누락 : 0x8D851EA8 >"
0x8D851EA9,"Louis Gascoigne","< 번역 누락 : 0x8D851EA9 >"
0x8DBABB2D,"Return to Main Lab","< 번역 누락 : 0x8DBABB2D >"
0x8DBABB2E,"Authorized Personnel Only","< 번역 누락 : 0x8DBABB2E >"
0x8DBBBB6C,"Return to Main Lab","< 번역 누락 : 0x8DBBBB6C >"
0x8DBBBB6D,"Authorized Personnel Only","< 번역 누락 : 0x8DBBBB6D >"
0x8DBCBBAB,"Bio Lab","생체 연구실"
0x8DBCBBAC,"Authorized Personnel Only","< 번역 누락 : 0x8DBCBBAC >"
0x8DBDBBEA,"Return to Main Lab","< 번역 누락 : 0x8DBDBBEA >"
0x8DBDBBEB,"Authorized Personnel Only","< 번역 누락 : 0x8DBDBBEB >"
0x8DBEBC29,"Bio Lab","생체 연구실"
0x8DBEBC2A,"Authorized Personnel Only","< 번역 누락 : 0x8DBEBC2A >"
0x8DBFBC68,"Main Lab","주 연 구 실"
0x8DBFBC69,"Authorized Personnel Only","< 번역 누락 : 0x8DBFBC69 >"
0x8DC0BCA7,"Security Station","보 안 구 역"
0x8DC0BCA8,"Thank you for visiting the Ishimura Clinic","< 번역 누락 : 0x8DC0BCA8 >"
0x8DC1BCE6,"Ishimura Clinic","이시무라 진료실"
0x8DC1BCE7,"Please speak to a Clinic Technician before taking a seat","< 번역 누락 : 0x8DC1BCE7 >"
0x8DC2BD25,"Return to Security Station","< 번역 누락 : 0x8DC2BD25 >"
0x8DC2BD26,"Please collect any belongings you brought to the Clinic","< 번역 누락 : 0x8DC2BD26 >"
0x8DC3BD64,"Emergency Room","응 급 실"
0x8DC3BD65,"Authorized patients only, please","< 번역 누락 : 0x8DC3BD65 >"
0x8DC45438,"Destroy the Barricade","방어벽을 파괴하라"
0x8DE9F09D,"Holo-card containing shuttle navigation data.","< 번역 누락 : 0x8DE9F09D >"
0x8DF7EF3B,"FLAMETHROWER\nSchematic Acquired\nDownload at the Store","화염 방사기 설계도 획득"
0x8E09A202,"Nick Earl","< 번역 누락 : 0x8E09A202 >"
0x8E0EB33E,"CALL?","부르기?"
0x8E16BF65,"Looks like I've got the tram system up and running.  I can call a tram for Hammond and Kendra from Tram Control.","두 사람이 있는 곳에 전동차를 보낼 수 있게 됐다."
0x8E189BCE,"Chapter 10: End of Days","< 번역 누락 : 0x8E189BCE >"
0x8E38CAAE,"Return to Security Station","< 번역 누락 : 0x8E38CAAE >"
0x8E38CAAF,"Please collect any belongings you brought to the Clinic","< 번역 누락 : 0x8E38CAAF >"
0x8E39964A,"Life Support is down in Sleep Block B and the door is locked.  I should be able to run an override from a nearby control station.  ","취침실 B의 생명유지장치가 멈추고 문이 잠겼다."
0x8E39CAED,"ER Hallway A","< 번역 누락 : 0x8E39CAED >"
0x8E39CAEE,"Patient Beds 001 - 006","< 번역 누락 : 0x8E39CAEE >"
0x8E3ACB2C,"Emergency Room","응 급 실"
0x8E3ACB2D,"Authorized Medical Personnel only","< 번역 누락 : 0x8E3ACB2D >"
0x8E3BCB6B,"ER Hallway B","< 번역 누락 : 0x8E3BCB6B >"
0x8E3BCB6C,"Patient Beds 007 - 012","< 번역 누락 : 0x8E3BCB6C >"
0x8E3CCBAA,"ER Hallway A","< 번역 누락 : 0x8E3CCBAA >"
0x8E3CCBAB,"Patient Beds 001 - 006","< 번역 누락 : 0x8E3CCBAB >"
0x8E3DCBE9,"Intensive Care Unit","중 환 자 실"
0x8E3DCBEA,"ICU Pods 001-004","< 번역 누락 : 0x8E3DCBEA >"
0x8E3ECC28,"ER Hallway B","< 번역 누락 : 0x8E3ECC28 >"
0x8E3ECC29,"Patient Beds 007 - 012","< 번역 누락 : 0x8E3ECC29 >"
0x8E3FCC67,"Morgue","영 안 실"
0x8E3FCC68,"Authorized Medical Personnel only","< 번역 누락 : 0x8E3FCC68 >"
0x8E40CCA6,"Intensive Care Unit","중 환 자 실"
0x8E40CCA7,"ICU Pods 001-004","< 번역 누락 : 0x8E40CCA7 >"
0x8E41CCE5,"Dr. Mercer's Office","머서 박사 사무실"
0x8E41CCE6,"Proper clearance required","< 번역 누락 : 0x8E41CCE6 >"
0x8E7C5C80,"User Interface Designer","< 번역 누락 : 0x8E7C5C80 >"
0x8EB6DA2F,"Morgue","영 안 실"
0x8EB6DA30,"Authorized Medical Personnel only","< 번역 누락 : 0x8EB6DA30 >"
0x8EB7DA6E,"Intensive Care Unit","중 환 자 실"
0x8EB7DA6F,"ICU Pods 001-004","< 번역 누락 : 0x8EB7DA6F >"
0x8EB85A4C,"Administrative Assistant","< 번역 누락 : 0x8EB85A4C >"
0x8EB8DAAD,"Morgue","영 안 실"
0x8EB8DAAE,"Authorized Medical Personnel only","< 번역 누락 : 0x8EB8DAAE >"
0x8EB9DAEC,"Return to Intensive Care Unit","< 번역 누락 : 0x8EB9DAEC >"
0x8EB9DAED,"Authorized Medical Personnel only","< 번역 누락 : 0x8EB9DAED >"
0x8EBADB2B,"Return to Emergency Room","< 번역 누락 : 0x8EBADB2B >"
0x8EBADB2C,"Authorized Medical Personnel only","< 번역 누락 : 0x8EBADB2C >"
0x8EBBDB6A,"Elevator to Morgue","< 번역 누락 : 0x8EBBDB6A >"
0x8EBBDB6B,"Proper clearance required","< 번역 누락 : 0x8EBBDB6B >"
0x8EBCDBA9,"Chemical Research lab","화 학 연 구 실"
0x8EBCDBAA,"Proper clearance required","< 번역 누락 : 0x8EBCDBAA >"
0x8EBDDBE8,"Imaging Diagnostics Room","영 상 진 단 실"
0x8EBDDBE9,"Warning: Elevated radiation levels","< 번역 누락 : 0x8EBDDBE9 >"
0x8EBEDC27,"Chemical Research lab","화 학 연 구 실"
0x8EBEDC28,"Warning: Unstable Compounds","< 번역 누락 : 0x8EBEDC28 >"
0x8EBFDC66,"Return to Imaging Diagnostics Room","< 번역 누락 : 0x8EBFDC66 >"
0x8EBFDC67,"Warning: Elevated radiation levels","< 번역 누락 : 0x8EBFDC67 >"
0x8F0AEF7E,"Main Atrium","중 앙 관 제 실"
0x8F0AEF7F,"The Ishimura Atrium is a secured location. All visitors must undergo security scan.","< 번역 누락 : 0x8F0AEF7F >"
0x8F0BEFBD,"Tram Station","정 거 장"
0x8F0BEFBE,"Thank you for visiting the Ishimura Bridge","< 번역 누락 : 0x8F0BEFBE >"
0x8F0CEFFC,"Main Atrium","중 앙 관 제 실"
0x8F0CEFFD,"Welcome,  Ishimura Officer","< 번역 누락 : 0x8F0CEFFD >"
0x8F0DF03B,"To Tram Station","< 번역 누락 : 0x8F0DF03B >"
0x8F0DF03C,"Please be careful passing through security hall","< 번역 누락 : 0x8F0DF03C >"
0x8F0EF07A,"Security Room","< 번역 누락 : 0x8F0EF07A >"
0x8F0EF07B,"Attention:  Security officers only","< 번역 누락 : 0x8F0EF07B >"
0x8F0FF0B9,"Main Atrium","중 앙 관 제 실"
0x8F0FF0BA,"Authorized Personnel Only","< 번역 누락 : 0x8F0FF0BA >"
0x8F10F0F8,"Storage Room","< 번역 누락 : 0x8F10F0F8 >"
0x8F10F0F9,"Authorized Personnel Only","< 번역 누락 : 0x8F10F0F9 >"
0x8F11F137,"Elevator to Ship Systems Level","< 번역 누락 : 0x8F11F137 >"
0x8F11F138,"Authorized Personnel Only","< 번역 누락 : 0x8F11F138 >"
0x8F12F176,"Elevator to Mining Admin and Comm Array Levels","< 번역 누락 : 0x8F12F176 >"
0x8F12F177,"Authorized Personnel Only","< 번역 누락 : 0x8F12F177 >"
0x8F34E9B0,"Cryogenics Lab","< 번역 누락 : 0x8F34E9B0 >"
0x8F34E9B1,"Zero temperature certified technicians only","< 번역 누락 : 0x8F34E9B1 >"
0x8F35E9EF,"Chemical Research lab","화 학 연 구 실"
0x8F35E9F0,"Authorized Personnel Only","< 번역 누락 : 0x8F35E9F0 >"
0x8F36EA2E,"Tram Station","정 거 장"
0x8F36EA2F,"Thank you for visiting the Medical Deck","< 번역 누락 : 0x8F36EA2F >"
0x8F37EA6D,"Cryogenics Lab","< 번역 누락 : 0x8F37EA6D >"
0x8F37EA6E,"Zero temperature certified technicians only","< 번역 누락 : 0x8F37EA6E >"
0x8F38EAAC,"Tram Station","정 거 장"
0x8F38EAAD,"Thank you for visiting the Medical Deck","< 번역 누락 : 0x8F38EAAD >"
0x8F39EAEB,"Cryogenics Lab","< 번역 누락 : 0x8F39EAEB >"
0x8F39EAEC,"Zero temperature certified technicians only","< 번역 누락 : 0x8F39EAEC >"
0x8F461642,"Science log, Chief Science Officer Dr. Kyne reporting. The colony's problems concern me greatly. I have no doubt they are somehow linked to discovery of the marker, but the exact nature of that connection is still unknown. Almost 40 per cent of the colonists are experiencing a form of dementia. The obvious symptoms are acute depression, insomnia and hallucination.","< 번역 누락 : 0x8F461642 >"
0x8F461643," Incidence of violence and even murder also indicate extreme paranoia.  Dr. Mercer has advised that I bring some of the affected on board for study.  Dr Welland, the planetside psychiatrist, has reported that his own analysis has been fruitless. I'm hesitant to rely on Dr. Mercer at this point, but I need his expertise. We need solutions and we need them quickly.","< 번역 누락 : 0x8F461643 >"
0x8F702B04,"Wwww Wwww Wwww Wwww Wwww Wwww Wwww Wwww Wwww Wwww Wwww Wwww Wwww Wwww Wwww Wwww Wwww Wwww Wwww Wwww Wwww Wwww Wwww Wwww Wwww Wwww Wwww Wwww Wwww Wwww Wwww Wwww Wwww Wwww Wwww Wwww Wwww Wwww Wwww Wwww Wwww Wwww Wwww Wwww Wwww Wwww Wwww Wwww Wwww Wwww Wwww Wwww Wwww Wwww Wwww Wwww Wwww Wwww","< 번역 누락 : 0x8F702B04 >"
0x8F87FEC0,"Captain's Nest","선 장 실"
0x8F87FEC1,"ATTENTION:  This is a restricted area.  Rank 5 Officers Only.","< 번역 누락 : 0x8F87FEC1 >"
0x8F88FEFF,"To Main Atrium","< 번역 누락 : 0x8F88FEFF >"
0x8F88FF00,"Remember to Sync Your RIG","< 번역 누락 : 0x8F88FF00 >"
0x8F89FF3E,"Captain's Nest","선 장 실"
0x8F89FF3F,"ATTENTION:  This is a restricted area.  Rank 5 Officers Only.","< 번역 누락 : 0x8F89FF3F >"
0x8F8AFF7D,"To Main Atrium","< 번역 누락 : 0x8F8AFF7D >"
0x8F8AFF7E,"Remember to Sync Your RIG","< 번역 누락 : 0x8F8AFF7E >"
0x8F8BFFBC,"To Mining Admin Room","< 번역 누락 : 0x8F8BFFBC >"
0x8F8BFFBD,"Authorized Personnel Only","< 번역 누락 : 0x8F8BFFBD >"
0x8F8CFFFB,"To Main Atrium","< 번역 누락 : 0x8F8CFFFB >"
0x8F8CFFFC,"Authorized Personnel Only","< 번역 누락 : 0x8F8CFFFC >"
0x8F8E003A,"MA Hall Storage","< 번역 누락 : 0x8F8E003A >"
0x8F8E003B,"Authorized Personnel Only","< 번역 누락 : 0x8F8E003B >"
0x8F8F0079,"Return to Hall","< 번역 누락 : 0x8F8F0079 >"
0x8F8F007A,"Do not remove items without authorization","< 번역 누락 : 0x8F8F007A >"
0x8F9000B8,"Mining Admin Room","< 번역 누락 : 0x8F9000B8 >"
0x8F9000B9,"Authorized Personnel Only","< 번역 누락 : 0x8F9000B9 >"
0x8F9100F7,"To Main Atrium","< 번역 누락 : 0x8F9100F7 >"
0x8F9100F8,"Please de-rez before returning to Main Atrium","< 번역 누락 : 0x8F9100F8 >"
0x90060E41,"MA Storage Room B","< 번역 누락 : 0x90060E41 >"
0x90060E42,"Authorized Personnel Only","< 번역 누락 : 0x90060E42 >"
0x90070E80,"Mining Admin Room","< 번역 누락 : 0x90070E80 >"
0x90070E81,"Authorized Personnel Only","< 번역 누락 : 0x90070E81 >"
0x90080EBF,"MA Storage Room C","< 번역 누락 : 0x90080EBF >"
0x90080EC0,"Authorized Personnel Only","< 번역 누락 : 0x90080EC0 >"
0x90090EFE,"MA Computer Room","< 번역 누락 : 0x90090EFE >"
0x90090EFF,"Beware: Elevated Electromagnetism","< 번역 누락 : 0x90090EFF >"
0x900A0F3D,"Mining Admin Room","< 번역 누락 : 0x900A0F3D >"
0x900A0F3E,"Authorized Personnel Only","< 번역 누락 : 0x900A0F3E >"
0x900AF74E,"Mindless Prey","< 번역 누락 : 0x900AF74E >"
0x900B0F7C,"MA Storage Room D","< 번역 누락 : 0x900B0F7C >"
0x900B0F7D,"Authorized Personnel Only","< 번역 누락 : 0x900B0F7D >"
0x900C0FBB,"MA Computer Room","< 번역 누락 : 0x900C0FBB >"
0x900C0FBC,"Beware: Elevated Electromagnetism","< 번역 누락 : 0x900C0FBC >"
0x900D0FFA,"To Main Atrium","< 번역 누락 : 0x900D0FFA >"
0x900D0FFB,"Authorized Personnel Only","< 번역 누락 : 0x900D0FFB >"
0x900E1039,"To Ship Systems Room","< 번역 누락 : 0x900E1039 >"
0x900E103A,"Authorized Personnel Only","< 번역 누락 : 0x900E103A >"
0x900F1078,"To Main Atrium","< 번역 누락 : 0x900F1078 >"
0x900F1079,"Authorized Personnel Only","< 번역 누락 : 0x900F1079 >"
0x9057F979,"Lab Rat","< 번역 누락 : 0x9057F979 >"
0x90841DC2,"SS Storage A","< 번역 누락 : 0x90841DC2 >"
0x90841DC3,"Authorized Personnel Only","< 번역 누락 : 0x90841DC3 >"
0x90851E01,"Return to Hall","< 번역 누락 : 0x90851E01 >"
0x90851E02,"Do not remove items without authorization","< 번역 누락 : 0x90851E02 >"
0x90861E40,"Ship Systems","우 주 선 시 스 템"
0x90861E41,"Warning: Sensitive Equipment!","< 번역 누락 : 0x90861E41 >"
0x90871E7F,"To Main Atrium","< 번역 누락 : 0x90871E7F >"
0x90871E80,"Remember to Sync Your RIG","< 번역 누락 : 0x90871E80 >"
0x9087A3F0,"LARGE MED PACK\nSchematic Acquired\nDownload at the Store","대형 회복제 설계도 획득"
0x90881EBE,"To Main Atrium","< 번역 누락 : 0x90881EBE >"
0x90881EBF,"Remember to Sync Your RIG","< 번역 누락 : 0x90881EBF >"
0x90891EFD,"To Comm Array and Exterior Access","< 번역 누락 : 0x90891EFD >"
0x90891EFE,"Authorized Personnel Only","< 번역 누락 : 0x90891EFE >"
0x908A1F3C,"To Main Atrium","< 번역 누락 : 0x908A1F3C >"
0x908A1F3D,"Remember to Sync Your RIG","< 번역 누락 : 0x908A1F3D >"
0x908B1F7B,"Ship Exterior Access","< 번역 누락 : 0x908B1F7B >"
0x908B1F7C,"WARNING: Extreme Danger!","< 번역 누락 : 0x908B1F7C >"
0x908C1FBA,"Return to Hall","< 번역 누락 : 0x908C1FBA >"
0x908C1FBB,"Remember to Sync Your RIG","< 번역 누락 : 0x908C1FBB >"
0x908D1FF9,"Storage Room 47","< 번역 누락 : 0x908D1FF9 >"
0x908D1FFA,"Authorized Personnel Only","< 번역 누락 : 0x908D1FFA >"
0x9097E10B,"RECOVERED FILE\nPersonal Log: Dr. G. Abernathy, automated transcript\n(Restricted access - Maximum encryption)\n\nDay three of quarantine for the former Drs. Clifton and Hogan. The infection is spreading quickly through Dr. Clifton. Dr. Hogan appears unaffected at this time.\n\n","< 번역 누락 : 0x9097E10B >"
0x90BC86E6,"PLASMA ENERGY","플라즈마"
0x90D584B8,"Replace the Damaged Tram","파손된 전동차를 교체하라"
0x90D91FB9,"TRAM DATABOARD","데이터보드"
0x90E0EFCE,"Ericka Sykes","< 번역 누락 : 0x90E0EFCE >"
0x91022D43,"Ship Exterior Access","< 번역 누락 : 0x91022D43 >"
0x91022D44,"WARNING: Extreme Danger!","< 번역 누락 : 0x91022D44 >"
0x91032D82,"Return to Hall","< 번역 누락 : 0x91032D82 >"
0x91032D83,"Remember to Sync Your RIG","< 번역 누락 : 0x91032D83 >"
0x91042DC1,"Ship Exterior Access Airlock","< 번역 누락 : 0x91042DC1 >"
0x91042DC2,"WARNING: Extreme Danger!  Confirm grav boot operation!","< 번역 누락 : 0x91042DC2 >"
0x91052E00,"To Comm Array","< 번역 누락 : 0x91052E00 >"
0x91052E01,"Warning: Sensitive Equipment!","< 번역 누락 : 0x91052E01 >"
0x91062E3F,"Return to Hall","< 번역 누락 : 0x91062E3F >"
0x91062E40,"Remember to Sync Your RIG","< 번역 누락 : 0x91062E40 >"
0x91072E7E,"To Comm Array","< 번역 누락 : 0x91072E7E >"
0x91072E7F,"Warning: Sensitive Equipment!","< 번역 누락 : 0x91072E7F >"
0x91082EBD,"To Comm Array","< 번역 누락 : 0x91082EBD >"
0x91082EBE,"Warning: Sensitive Equipment!","< 번역 누락 : 0x91082EBE >"
0x91092EFC,"Return to Hall","< 번역 누락 : 0x91092EFC >"
0x91092EFD,"Remember to Sync Your RIG","< 번역 누락 : 0x91092EFD >"
0x910A2F3B,"To Comm Array","< 번역 누락 : 0x910A2F3B >"
0x910A2F3C,"Warning: Sensitive Equipment!","< 번역 누락 : 0x910A2F3C >"
0x910B2F7A,"Return to Hall","< 번역 누락 : 0x910B2F7A >"
0x910B2F7B,"Remember to Sync Your RIG","< 번역 누락 : 0x910B2F7B >"
0x91118A73,"Music Volume","음 악"
0x9118022D,"Epic Tier 3 Engineer","< 번역 누락 : 0x9118022D >"
0x91746FE5,"Pick Up","가진다"
0x91803CC4,"To Comm Array","< 번역 누락 : 0x91803CC4 >"
0x91803CC5,"Warning: Sensitive Equipment!","< 번역 누락 : 0x91803CC5 >"
0x91813D03,"Return to Hall","< 번역 누락 : 0x91813D03 >"
0x91813D04,"Remember to Sync Your RIG","< 번역 누락 : 0x91813D04 >"
0x91823D42,"To ADS Cannon 48","< 번역 누락 : 0x91823D42 >"
0x91823D43,"Authorized Personnel Only","< 번역 누락 : 0x91823D43 >"
0x91833D81,"Return to Hall","< 번역 누락 : 0x91833D81 >"
0x91833D82,"Remember to Sync Your RIG","< 번역 누락 : 0x91833D82 >"
0x91843DC0,"ADS Cannon 48","A D S 캐 논 4 8"
0x91843DC1,"Authorized Personnel Only","< 번역 누락 : 0x91843DC1 >"
0x91CFB6F0,"//new game","// 새 게 임"
0x9224A22B,"A.K. and Suhad Khayyat for their endless support","< 번역 누락 : 0x9224A22B >"
0x9224A22C,"Aisha, My Family, and my fat cat IMO!","< 번역 누락 : 0x9224A22C >"
0x9224A22D,"Alex Liberman","< 번역 누락 : 0x9224A22D >"
0x9224A22E,"Alex Sue and Tony Tran","< 번역 누락 : 0x9224A22E >"
0x9224A22F,"Alexandre Caldeira","< 번역 누락 : 0x9224A22F >"
0x9224A230,"Alia Moore","< 번역 누락 : 0x9224A230 >"
0x9224A231,"AlyCat and DaisyDog","< 번역 누락 : 0x9224A231 >"
0x9224A232,"Amanda & Jackson Holt","< 번역 누락 : 0x9224A232 >"
0x9224A233,"Andrea Smidova","< 번역 누락 : 0x9224A233 >"
0x92F4201E,"LEVEL 1 SUIT","레벨 1 보호복"
0x92F4A696,"GOLD SEMICONDUCTOR","금 반 도 체"
0x92F59803,"Cancel (logs/menus)","취 소 [기록/메뉴]"
0x9325536C,"Credits_Title","< 번역 누락 : 0x9325536C >"
0x9325536D,"Credits_Production","< 번역 누락 : 0x9325536D >"
0x9325536E,"Credits_Blank_Line","< 번역 누락 : 0x9325536E >"
0x9325536F,"Credits_ExecP","< 번역 누락 : 0x9325536F >"
0x93255370,"Credits_SrDD","< 번역 누락 : 0x93255370 >"
0x93255371,"Credits_CreativeD","< 번역 누락 : 0x93255371 >"
0x93255372,"Credits_ArtD","< 번역 누락 : 0x93255372 >"
0x93255373,"Credits_ProductionD","< 번역 누락 : 0x93255373 >"
0x93255374,"Credits_AudioD","< 번역 누락 : 0x93255374 >"
0x9331D7B1,"Activate decon system.","< 번역 누락 : 0x9331D7B1 >"
0x934A7EB9,"This will upgrade your MINE by %g pts.","< 번역 누락 : 0x934A7EB9 >"
0x9351410E,"SHOOTING RANGE CONTROLS","사 격 장 조 종"
0x935B4975,"High energy mineral cutter.","< 번역 누락 : 0x935B4975 >"
0x9366C897,"FIND THE MARKER","마 커 를 찾 아 라"
0x939299C2,"Welcome to the Hydroponics Deck","< 번역 누락 : 0x939299C2 >"
0x939299C3,"Please,  our plant life is fragile.  Decontaminated Personnel Only","< 번역 누락 : 0x939299C3 >"
0x93939A01,"Tram Station","정 거 장"
0x93939A02,"Thank you for visiting the Hydroponics Deck","< 번역 누락 : 0x93939A02 >"
0x93949A40,"Elevator to Grow Decks","< 번역 누락 : 0x93949A40 >"
0x93949A41,"Please,  our plant life is fragile.  Decontaminated Personnel Only","< 번역 누락 : 0x93949A41 >"
0x93959A7F,"To Tram Station","< 번역 누락 : 0x93959A7F >"
0x93959A80,"Thank you for visiting the Hydroponics Deck","< 번역 누락 : 0x93959A80 >"
0x93969ABE,"To Growth Areas","< 번역 누락 : 0x93969ABE >"
0x93969ABF,"Please,  our plant life is fragile.  Decontaminated Personnel Only","< 번역 누락 : 0x93969ABF >"
0x93979AFD,"To Tram Station","< 번역 누락 : 0x93979AFD >"
0x93979AFE,"Thank you for visiting the Hydroponics Deck","< 번역 누락 : 0x93979AFE >"
0x93989B3C,"Atmosphere Control","공 기 조 절 실"
0x93989B3D,"Certified Oxygen Technicians only","< 번역 누락 : 0x93989B3D >"
0x93999B7B,"To Tram Station","< 번역 누락 : 0x93999B7B >"
0x93999B7C,"Thank you for visiting the Hydroponics Deck","< 번역 누락 : 0x93999B7C >"
0x939A9BBA,"To West Grow Chamber","< 번역 누락 : 0x939A9BBA >"
0x939A9BBB,"Please,  our plant life is fragile.  Decontaminated Personnel Only","< 번역 누락 : 0x939A9BBB >"
0x93C43DC0,"Sorry, Isaac, I couldn't let him go through with it. I suppose I should thank him for finding the Marker. We even managed without help from the USM Valor... Thank you for helping me find it, by the way. My department's been looking for this place for a long time. See, what Kyne didn't know was, it was the government's mess to begin with. This whole planet is one big experiment.","미안해.아이작. 그놈에게 마커를 넘겨줄 순 없었어. 마커를 찾아준 건 고맙게 생각하지만 말야. USM-밸러의 도움도 없이 우린 해낸거야. 어쨌든 나를 도와 마커를 찾아준 건 고맙게 생각해. 우리 부서에선 오랫동안 여기를 찾고 있었어. 알아 두라고. 카인은 몰랐겠지만 정부의 혼란이 시작되었어. 여기 행성 전체가 하나의 거대한 실험장이지."
0x93C43DC1,"The Marker? This ""divine relic""? Made by man.  They reverse-engineered it a couple of hundred years ago from the REAL Marker, a true alien artifact recovered on Earth.  They dug it up, studied it, and made it their own. Then they brought it to Aegis 7, and activated it.  And you've seen the result.  The stuff of nightmares. They sealed the system, and no one would have been the wiser.","< 번역 누락 : 0x93C43DC1 >"
0x93C43DC2,"But then CEC blunders in and starts tearing the planet apart.  The experiment was still alive.  Kyne was right about the Hive Mind.  The Marker would contain it...but that doesn't matter now, does it?  I have the Marker, and this entire system can go to hell. For what it's worth, you did a great job, Isaac. See you around... Or maybe not.","하지만 또 CEC는 실수를 범했고 행성은 엉망이 되기 시작했지. 실험은 아직 끝나지 않았어. 하이브 마인드에 관해선 카인이 옳았다. 마커는 그걸 억누르고 있었지만… 이젠 상관없지.안 그래? 마커는 내 손에 있고 모든 시스템을 없애 버릴 수 있게 됐으니. 그냥 내 생각일 뿐이지만 훌륭한 일을 한 거야,아이작. 그럼 또 봐… 아니면 못 볼 지도…"
0x93C8C67A,"ALL OBJECTIVES\nCOMPLETE","모 든 목 표 완 료"
0x93CBB707,"EAC Game Lab","< 번역 누락 : 0x93CBB707 >"
0x93F8CC87,"Is Kendra right...am I losing my mind...?  Nicole was dead this entire time.  A hallucination created by the Marker.  This whole time, it was the Marker pushing me to return it to the planet.  It's sentient...alive in some way.  And now Kendra has it again.  I've got to get back to the shuttle and get off of the planet before the chunk smashes into it!","운석이 떨어지기 전에 여기를 탈출해야 한다"
0x940FA904,"West Grow Chamber","서 쪽 성 장 실"
0x940FA905,"Please,  our plant life is fragile.  Decontaminated Personnel Only","< 번역 누락 : 0x940FA905 >"
0x9410A943,"To Atmosphere Control","< 번역 누락 : 0x9410A943 >"
0x9410A944,"No foreign plant matter allowed","< 번역 누락 : 0x9410A944 >"
0x9411A982,"Elevator to Upper Levels","< 번역 누락 : 0x9411A982 >"
0x9411A983,"Authorized Personnel Only","< 번역 누락 : 0x9411A983 >"
0x9412A9C1,"Elevator to Upper Levels","< 번역 누락 : 0x9412A9C1 >"
0x9412A9C2,"Authorized Personnel Only","< 번역 누락 : 0x9412A9C2 >"
0x9413AA00,"Inner Greenhouse A","< 번역 누락 : 0x9413AA00 >"
0x9413AA01,"Warning:  Fragile Plant Life","< 번역 누락 : 0x9413AA01 >"
0x9414AA3F,"Inner Greenhouse A","< 번역 누락 : 0x9414AA3F >"
0x9414AA40,"Warning:  Fragile Plant Life","< 번역 누락 : 0x9414AA40 >"
0x9415AA7E,"To Refrigeration West","< 번역 누락 : 0x9415AA7E >"
0x9415AA7F,"Authorized Personnel Only","< 번역 누락 : 0x9415AA7F >"
0x9416AABD,"Hydroponics Control","재배구역 통제실"
0x9416AABE,"Authorized Personnel Only","< 번역 누락 : 0x9416AABE >"
0x9417AAFC,"West Grow Chamber","서 쪽 성 장 실"
0x9417AAFD,"Please,  our plant life is fragile.  Decontaminated Personnel Only","< 번역 누락 : 0x9417AAFD >"
0x9418AB3B,"East Grow Chamber","동 쪽 성 장 실"
0x9418AB3C,"Please,  our plant life is fragile.  Decontaminated Personnel Only","< 번역 누락 : 0x9418AB3C >"
0x948DB885,"West Grow Chamber","서 쪽 성 장 실"
0x948DB886,"Please,  our plant life is fragile.  Decontaminated Personnel Only","< 번역 누락 : 0x948DB886 >"
0x948EB8C4,"To Refrigeration West","< 번역 누락 : 0x948EB8C4 >"
0x948EB8C5,"Authorized Personnel Only","< 번역 누락 : 0x948EB8C5 >"
0x948FB903,"To West Grow Chamber","< 번역 누락 : 0x948FB903 >"
0x948FB904,"Please,  our plant life is fragile.  Decontaminated Personnel Only","< 번역 누락 : 0x948FB904 >"
0x9490B942,"To Refrigeration West","< 번역 누락 : 0x9490B942 >"
0x9490B943,"Authorized Personnel Only","< 번역 누락 : 0x9490B943 >"
0x9491B981,"To West Grow Chamber","< 번역 누락 : 0x9491B981 >"
0x9491B982,"Reset gravity boots","< 번역 누락 : 0x9491B982 >"
0x9492B9C0,"Refrigeration West","냉 동 실 서 쪽"
0x9492B9C1,"Confirm gravity boot function and sync RIG","< 번역 누락 : 0x9492B9C1 >"
0x9493B9FF,"To West Grow Chamber","< 번역 누락 : 0x9493B9FF >"
0x9493BA00,"Reset gravity boots","< 번역 누락 : 0x9493BA00 >"
0x9494BA3E,"Refrigeration West","냉 동 실 서 쪽"
0x9494BA3F,"Confirm gravity boot function and sync RIG","< 번역 누락 : 0x9494BA3F >"
0x9495BA7D,"Air Filtration Room","< 번역 누락 : 0x9495BA7D >"
0x9495BA7E,"WARNING: EXTREME HEAT","< 번역 누락 : 0x9495BA7E >"
0x9496BABC,"To Refrigeration West","< 번역 누락 : 0x9496BABC >"
0x9496BABD,"Confirm gravity boot function and sync RIG","< 번역 누락 : 0x9496BABD >"
0x949C780D,"CAPTAIN'S RIG","선장의 RIG"
0x950BC806,"Exit to West Grow Chamber","< 번역 누락 : 0x950BC806 >"
0x950BC807,"Authorized Personnel Only","< 번역 누락 : 0x950BC807 >"
0x950CC845,"Air Filtration Room","< 번역 누락 : 0x950CC845 >"
0x950CC846,"WARNING: EXTREME HEAT","< 번역 누락 : 0x950CC846 >"
0x950DC884,"Exit to West Grow Chamber","< 번역 누락 : 0x950DC884 >"
0x950DC885,"Authorized Personnel Only","< 번역 누락 : 0x950DC885 >"
0x950EC8C3,"To Air Filtration Room","< 번역 누락 : 0x950EC8C3 >"
0x950EC8C4,"Authorized Personnel Only","< 번역 누락 : 0x950EC8C4 >"
0x950FC902,"To East Grow Chamber","< 번역 누락 : 0x950FC902 >"
0x950FC903,"Please,  our plant life is fragile.  Decontaminated Personnel Only","< 번역 누락 : 0x950FC903 >"
0x9510C941,"East Grow Chamber","동 쪽 성 장 실"
0x9510C942,"Please,  our plant life is fragile.  Decontaminated Personnel Only","< 번역 누락 : 0x9510C942 >"
0x9511C980,"To Atmosphere Control","< 번역 누락 : 0x9511C980 >"
0x9511C981,"No foreign plant matter allowed","< 번역 누락 : 0x9511C981 >"
0x9512C9BF,"Elevator to Upper Levels","< 번역 누락 : 0x9512C9BF >"
0x9512C9C0,"Authorized Personnel Only","< 번역 누락 : 0x9512C9C0 >"
0x9513C9FE,"Elevator to Upper Levels","< 번역 누락 : 0x9513C9FE >"
0x9513C9FF,"Authorized Personnel Only","< 번역 누락 : 0x9513C9FF >"
0x9514CA3D,"Inner Greenhouse B","< 번역 누락 : 0x9514CA3D >"
0x9514CA3E,"Warning:  Fragile Plant Life","< 번역 누락 : 0x9514CA3E >"
0x955284C6,"Production Designer","< 번역 누락 : 0x955284C6 >"
0x9589D787,"Inner Greenhouse B","< 번역 누락 : 0x9589D787 >"
0x9589D788,"Warning:  Fragile Plant Life","< 번역 누락 : 0x9589D788 >"
0x958AD7C6,"To Refrigeration East","< 번역 누락 : 0x958AD7C6 >"
0x958AD7C7,"Authorized Personnel Only","< 번역 누락 : 0x958AD7C7 >"
0x958BD805,"East Grow Chamber","동 쪽 성 장 실"
0x958BD806,"Please,  our plant life is fragile.  Decontaminated Personnel Only","< 번역 누락 : 0x958BD806 >"
0x958CD844,"To Refrigeration East","< 번역 누락 : 0x958CD844 >"
0x958CD845,"Authorized Personnel Only","< 번역 누락 : 0x958CD845 >"
0x958DD883,"East Grow Chamber","동 쪽 성 장 실"
0x958DD884,"Please,  our plant life is fragile.  Decontaminated Personnel Only","< 번역 누락 : 0x958DD884 >"
0x958ED8C2,"To Refrigeration East","< 번역 누락 : 0x958ED8C2 >"
0x958ED8C3,"Authorized Personnel Only","< 번역 누락 : 0x958ED8C3 >"
0x958FD901,"To East Grow Chamber","< 번역 누락 : 0x958FD901 >"
0x958FD902,"Authorized Personnel Only","< 번역 누락 : 0x958FD902 >"
0x9590D940,"Refrigeration East","냉 동 실 동 쪽"
0x9590D941,"Confirm gravity boot function and sync RIG","< 번역 누락 : 0x9590D941 >"
0x9591D97F,"To East Grow Chamber","< 번역 누락 : 0x9591D97F >"
0x9591D980,"Authorized Personnel Only","< 번역 누락 : 0x9591D980 >"
0x9592D9BE,"Primary Food Storage","< 번역 누락 : 0x9592D9BE >"
0x9592D9BF,"Warning:  Foreign biological presence detected","< 번역 누락 : 0x9592D9BF >"
0x95B817DC,"Associate Artists","< 번역 누락 : 0x95B817DC >"
0x95DBF7E5,"IGNITION SEQUENCE INITIATED\nPLEASE STAND BY...","점 화 준 비 중--"
0x95E4AF2B,"How many times have you watched that thing? Guess you really miss her. Don't worry, we're almost there. You'll be able to look her up once we're onboard. Sounds like you two have a lot of catching up to do.","몇번이나 봐야겠어요?사무치시네.다왔으니 걱정말아요.도착하면 만날수 있겠죠.둘이서 할말이 산더미겠네요."
0x95E4AF2E,"All this trouble over that chunk of rock.","저 바위덩어리 너머에 이번 문제가 모두 있죠."
0x95E4AF58,"So that's the Ishimura? Impressive.","저게 그 이시무라호? 인상적이네요."
0x95E4AF5A,"Why is it all dark? I don't see any running lights.","너무 어두워요.불빛이 하나도 없어요."
0x95E4AF5D,"You're going to need to boost the signal if their power is low.","저쪽 신호가 낮으면 우리가 신호를 올려야죠."
0x95E5AF67,"Never heard of a total communications blackout on one of these things.  You'd think with a thousand people on board, someone would pick up the phone--","통신이 전혀 안되다니 말도 안돼요.1000여명이나 승선해 있는데 누군가는 응답을 해야 정상인데…"
0x95E5AF69,"It's a busted array like we thought. Sounds like they're having problems with their encoder. You get us down there and Isaac and I can fix it.  Forty-eight hours max.","예상대로 배열이 잘못됐어요.저쪽 입력기에 문제가 있는것 같아요.도착하면 아이작과 제가 고칠수 있어요. 최대 48시간 정도면."
0x95E5AF99,"Inside the magnetic field? Are you insane?! Abort!","미쳤어요,이런 자기장 안에서?!안돼요!"
0x95E66E25,"FIND THE DATA BOARD","데이터보드 찾기"
0x95E6AFA5,"What...? What the hell were you thinking?! Were you trying to get us killed?","뭐라구요…?모르겠어요?!전부 죽을뻔 했어요!"
0x95E6AFA9,"Hold still, Isaac, I'm synching up everyone's RIGs with the ship. Okay, we're done. Clean bill of health for everyone.","모두의 RIG를 우주선과 연결중이니 기다려요,아이작. 이제 됐어요.특별한 이상은 없어요."
0x95E6AFAC,"You didn't lose power to the port booster. You LOST the port booster! Unbelievable.","동력공급이 문제가 아니었어요.추진기 자체가 사라져 버리다니,대박이네요."
0x95E7AFEA,"Seems like everyone was trying to pack in a hurry.","무척이나 허둥지둥 했었나 봐요."
0x95E7AFEC,"Yeah, well there's not. There's nobody here. I can't pick up any broadcasts.","그래요,그런데 없네요.여긴 아무도 없어요.아무런 안내방송도 없잖아요."
0x95E7B015,"Power's dead. I can't.","동력이 나가서 안돼요."
0x95E7B019,"Where the hell is everyone?","< 번역 누락 : 0x95E7B019 >"
0x95F9669E,"Flamethrower Schematic","화염 방사기 설계도"
0x9607E708,"Atmosphere Control","공 기 조 절 실"
0x9607E709,"Certified Oxygen Technicians only","< 번역 누락 : 0x9607E709 >"
0x9608E747,"Primary Food Storage","< 번역 누락 : 0x9608E747 >"
0x9608E748,"Warning:  Foreign biological presence detected","< 번역 누락 : 0x9608E748 >"
0x9609E786,"To Atmosphere Control","< 번역 누락 : 0x9609E786 >"
0x9609E787,"Certified Oxygen Technicians only","< 번역 누락 : 0x9609E787 >"
0x960AE68D,"23","< 번역 누락 : 0x960AE68D >"
0x960AE7C5,"Primary Food Storage","< 번역 누락 : 0x960AE7C5 >"
0x960AE7C6,"Warning:  Foreign biological presence detected","< 번역 누락 : 0x960AE7C6 >"
0x960B374A,"Unable to delete %1.","< 번역 누락 : 0x960B374A >"
0x960BE804,"Exit to Atmosphere Control","< 번역 누락 : 0x960BE804 >"
0x960BE805,"Authorized Personnel Only","< 번역 누락 : 0x960BE805 >"
0x960CE843,"West Grow Chamber","서 쪽 성 장 실"
0x960CE844,"Please,  our plant life is fragile.  Decontaminated Personnel Only","< 번역 누락 : 0x960CE844 >"
0x960DE882,"East Grow Chamber","동 쪽 성 장 실"
0x960DE883,"Please,  our plant life is fragile.  Decontaminated Personnel Only","< 번역 누락 : 0x960DE883 >"
0x962FB21D,"What the hell was that?","뭐야 이게?"
0x962FB221,"What was that? Did you hear that?!","저 소리 들었어요?!"
0x962FB224,"I don't know! Something's in the room with us!","모르겠어요!여기 뭔가 있어요!"
0x962FB24F,"Come on... come on. Got it!","제발… 어서,됐어요!"
0x9630B25A,"The door's unlocked, run!","문 열렸어요!달아나요!"
0x9630B25B,"Run, Isaac! Get the hell out of there!","뛰어요,아이작!빨리 도망쳐요!!"
0x9630B25F,"Isaac? Isaac! God, I can't believe he made it.","아이작? 아이작!세상에.무사히 도망치다니 대단해."
0x9630B261,"More what?! What the hell are those things? Is that the crew?!","더 뭘요?!저것들이 대체 뭐길래?승무원들이란 말에요?!"
0x9630B28D,"You're crazy Hammond. You're going to get us all killed.","미치셨군요,해먼드.다 죽게 생겼네요."
0x9630B28F,"The data board is fried but there should be a spare in the Maintenance Bay. There's also a broken tram blocking the tunnel that needs to be repaired. Dammit,  everything is on the other side of this quarantine. We can't reach it from here.","데이터보드가 타버렸지만 관리구역에 여분의 보드가 있을 거에요.터널을 막고있는 부서진 전동차도 교체해야만 하고,헐-,전부 건너 편에 있는데 우린 격리당해서 갈수도 없어요."
0x9631B29C,"That's it, Isaac! Take that board back to Tram Control and slot it into the computer array. That should get the tram system back online.","그거에요,아이작!전동차 조종실로 돌아가서 컴퓨터에 설치해요.그러면 시스템이 복구될 거에요."
0x9631B29E,"Isaac, you did it! That tram was blocking the whole system.  When you get the computer online, you'll be able to call the tram from the control room.  Faster the better...I can hear something crawling around out there...","아이작,해냈군요!그 전동차가 시스템전체를 막고 있었죠.조종실 컴퓨터가 복구되면 전동차를 움직일수 있어요.빠를수록 좋아요…밖에서 뭔가 기어다니는 소리가 들려요"
0x9631B2A0,"Strange...the quarantine just lifted...","이상하네요…격리가 그냥 해제되다니…"
0x9631B2A2,"If we live that long.  You're out of your league, Hammond.  This is suicide!  We're going to die out here.","그때까지 살아있다면요.능력 밖의 일이에요,해먼드.자살행위라구요.우린 여기서 죽고 말거에요."
0x9631B2CB,"Just get us out of here alive.","여기서 살아나가게만 해줘요."
0x9631B2CF,"That was our ride home... It's the only way off this ship...","타고 갈 우주선이…유일한 탈출수단이었는데…"
0x9632B2D9,"No Hammond! This changes everything!","그만해요,헤먼드!다 틀렸어요!"
0x9632B2DB,"It's no good. There's an executive lockdown of all primary systems. Without the Captain's authorization, I can't access them.","무리예요.모든 시스템에 상급보안이 걸려있어요.선장의 승인 없이는 접속할 수가 없어요."
0x9632B2DD,"Here he is. Captain Benjamin Mathius. Location... Medlab. Status... Deceased.","여깄어요.벤자민 머싸이어스 선장.위치는… 의료실.현재상태는… 사망."
0x9632B2DF,"I can't access that information. Find the Captain and you'll find his RIG. With his authorization codes, I can crack this computer wide open.","정보에 접근할수가 없어요.선장의 RIG가 필요해요.승인번호가 있어야 컴퓨터를 사용할수 있어요."
0x9632B2E1,"What was that?","무슨 소리죠?"
0x96459C2C,"Time","< 번역 누락 : 0x96459C2C >"
0x96AF84EA,"CALL TRAM?","부 르 기"
0x96B0C261,"Isaac? Can you hear me? It's Kendra... They attacked me...I ran for it...and Hammond just...he just disappeared.","아이작,내말 들려요?켄드라에요…공격을 당해서…도망쳤는데…해먼드가 그만…사라져 버렸어요."
0x96B0C28A,"Nice to see you're alive and well, Hammond.","살아서 보게되니 정말 반갑네요,해먼드."
0x96B0C28B,"I've barricaded myself in the computer core. I can hear them moving outside. But I don't think they know I'm in here--","컴퓨터 코어에 숨어있어요.밖에서 놈들이 움직이는 소리가 들리지만 내가 여기 있단걸 모르는것 같아요."
0x96B0C28D,"I can log into everything from here. I hacked the root, and found some reports from the colony. Even before they cracked the planet, the colonists were experiencing widespread dementia.  It seems to be related to some artifact they found on the planet.  Something called ""the Marker.""  I'll keep looking. I've got your location, and I'm going to unlock the door to Fuel Storage. You can get to the engine chamber from there.","< 번역 누락 : 0x96B0C28D >"
0x96B1C299,"Wait, wait! We're not safe yet. The ship's asteroid defense system is offline. On the way up, the ship's going to pass through a debris field thrown up from the planetcrack... We'll be ripped to pieces unless you restart it.","잠깐,잠깐!아직 안전하지 않아요.소행성 방어시스템이 꺼졌어요.이대로 올라가면 채굴때문에 생긴 잔해지역을 통과해야 하는데…방어시스템을 재가동하지 않으면 우린 산산조각 나고말아요."
0x96B4C356,"When were you going to tell us about the artifact, Hammond?  This ""Marker?""","< 번역 누락 : 0x96B4C356 >"
0x96B4C358,"It's on the ship?!","이 함선에요?!"
0x96B4C35A,"Really?  CEC didn't know anything about it?  You're lying.","헐-?CEC가 아무것도 모르신다? 거짓말."
0x96B4C35E,"Isaac!  Impact on the bridge, right at your feet!  I'm reading heavy damage, but containment looks solid.    Life support is stabilized.  We've got to get the ADS working!","아이작!브릿지에 맞았어요.발밑을 조심해요.피해가 상당하지만 꽤나 튼튼하네요.생명유지장치도 안정적이고.ADS를 서둘러 작동시켜야 돼요!"
0x96B6C3D8,"Isaac, listen up. I've gone over the med-sci reports. These things are BIO-RECOMBINATORS. They take dead tissue, absorb it and molds it into new forms. One iteration seems to have the sole purpose of infecting corpses... The others, well, seem to be making corpses to infect. And that body tissue we keep seeing on the walls is part of it, too. I found a report that says it's a habitat changer. ","아이작,들어봐요.의료연구 보고서를 방금 읽었어요.이것들은 생체-재조합체예요.죽은 조직을 흡수하고 새로운 형태로 변화하죠.어떤건 시체를 감염시키는 단일한 목적을 가졌나봐요…나머지는…감염시킬 시체를 만드는것 같은데.벽면에서 봤던 신체조직들도 이것의 일부였어요.보고서에는 [숙주변이자]라고 써있어요."
0x96B6C404,"Wait! Isaac, Hammond...you're not gonna believe this. Oxygen levels are falling. Something's poisoning Hydroponics air production, and whatever it is, it's filling the deck up with that organic stuff. We're not going to have any air to breathe soon.  But if I understand these lab reports correctly, I think I can make a  poison to destroy it. Head to Medical. It should have everything you need.","잠깐만요!아이작,헤먼드…믿기 싫겠지만 산소가 줄어들고 있어요.뭔가가 재배실 산소공급을 오염시키고 있어요.그게 뭐든 유기물이 원인인 것 같아요.얼마 가지않아 숨도 못쉴거에요.하지만 내가 연구실 보고서를 정확히 이해한거라면 유기물을 제거할 독을 만들수 있어요.의료구역에 가면 필요한 전부가 있을거예요."
0x96B845AF,"Ammo for the Plasma Cutter.","플라즈마 커터 탄약"
0x96D26AF8,"Move","이동"
0x96D53DA1,"Complete Level 6 in Zero-G Basketball","< 번역 누락 : 0x96D53DA1 >"
0x96E0CE5B,"Shit, Isaac! I can smell the contaminated air from here. It's spreading faster than I expected! I'm trying to isolate it but it's not going to buy us much time! We have to get that thing off this ship! The chemicals you need are in the Chemistry Lab. I'll hack the door for you when you get there. ","아이작!오염된 공기가 여기까지 왔어요.예상보다 훨씬 빨리 퍼지고 있어요.오염된 공기를 차단하려고 애쓰고 있지만 시간이 부족해요.근원지를 제거해야 돼요.필요한 약품은 화학연구실에 있어요.거기 도착하면 문을 열어줄게요."
0x96E0CE5C,"Looks like someone has reprogrammed the door locks on this deck.  And recently, too. I guess we're not alone here, after all. Someone doesn't want you in this part of the ship. ","그 구역 잠금장치가 최근에 재설정된 것 같아요.결국 우리만 있는게 아니란 거죠.누군가 아이작이 거기있는걸 원치않아요."
0x96E0CE5F,"Someone keeps shutting down the door protocol. I've bypassed the lock! Go!","누군가 문을 못열게 하고있어요.이제 열렸어요!나가요!"
0x96E1CE6E,"Now you need to find a DNA sample of the growth. According to lab records, there's an inert sample stored in the ICU.  A Dr. Mercer was apparently doing intensive research on it. I've been trying to contact Hammond but all I'm getting is static! Isaac, you've got to hurry!","이제 성장DNA샘플을 찾아야해요.중환자실에 비활성샘플이 보관되어 있어요.머서 박사가 거기서 집중연구를 했었어요.헤먼드에게 연락을 시도했지만 잡음만 들릴뿐.아이작,서둘러요!"
0x96E1CE9C,"That's it, Isaac! Now you just need to finish mixing the poison.","그거예요,아이작!이제 독극물 혼합을 끝내야 돼요."
0x96E1CE9D,"Who the hell was that?! Isaac, he's decompressed the entire deck and I'm being locked out of those systems! All the air has been vented into space! You should be able to bring it back online from the Security Station, but you don't have much time!","누구죠?!아이작,그자가 구역압력을 내렸어요.시스템에 접근할수가 없어요.공기가 전부 우주로 빠져나가 버렸어요.보안구역으로 가야 복구시킬수 있는데 시간이 얼마 없어요."
0x96E1D346,"HULL INTEGRITY","보 존 수 준"
0x96E2CEA7,"Hammond!  Where the hell have you been?","헤먼드!대체 어디서 뭘한 거에요?"
0x96E2CEA9,"You've got everything you need to make the poison. Now get back to the Chemistry Lab!","독극물을 만들 모든 재료가 모였어요.이제 화학실로 돌아가요."
0x96E2CEAB,"You're cutting out, Hammond! I'm going to try to switch over... Shit! I lost his signal! I'll continue scanning for his location! You have to get that compound mixed!","통신두절이었어요,헤먼드!연결을 계속 시도했지만…이런,신호를 놓쳤어!해먼드의 위치를 파악해볼테니 약품을 혼합해주세요!"
0x96E2CEAF,"Let's hope that poison works! Head back to the tram station, and get up to Hydroponics as fast as you can. Still no response from Hammond so be careful! There's no telling how contaminated that deck is.","독이 효과가 있기를!정거장에 가서 빨리 재배구역으로 가요.아직 해먼드가 응답이 없어요.그러니 조심해요.갑판이 얼마나 오염됐는지 알수가 없어요."
0x96E2CEB0,"You can't kill it, Isaac! It's just going to keep regenerating!  Get out of there, run!","그건 죽일수 없어요,아이작!끝없이 되살아날 거예요.어서 도망가요!"
0x96E2CED8,"Let's just  hope that's the last we see of that...thing.  I've managed to override Mercer's lockdown. There's a secondary tram station nearby and you can take to Hydroponics. Let's just hope there's enough time.","마지막으로 보는 거였으면…그걸.겨우 머서의 방해를 막았어요.근처에 정거장이 있으니 전동차로 재배구역에 갈수있어요.시간이 충분하길 기도해요."
0x96E3CEEF,"Hammond! I thought you were dead! You need to get to cleaner air! You're not going to be able to help Isaac in your condition. Isaac, I'm scanning the area now. He's right, there's something really big in Food Storage, but I can't get a good scan. Monitor readings are off the scale. Be careful!","헤먼드!죽은줄 알았는데.신선한 공기가 필요해요.지금 상태로는 아이작을 도와줄수가 없겠어요.아이작,지금 거기를 탐색중이예요.맞아요.식량저장고에 잘 보이지는 않지만 엄청난 것이,화면에 전부 잡히지도 않게 커요.조심해요."
0x96E3CF17,"That's the door to Food Storage. But I can't override the integrity lockdown.  You have to destroy the pods to bring the air quality up.   Then you can go through and use the poison on the Leviathan.  ","식량저장고 문이예요.하지만 열수가 없어요.오염의 근원을 제거해 공기를 깨끗하게 해야돼요.그래야 그곳을 지나 레비아단을 제거할 독을 사용할수 있어요."
0x96E3CF1C,"That's the last one, Isaac. There's a switch in Atmosphere Control to restart the oxygen recycling. Once the air's clean, you can get into Food Storage. Isaac, I've been reading these reports...the crew all began having mass hallucinations.  And...well, I just saw my brother on a security monitor.  And that's just not possible...","그게 마지막이예요,아이작.대기조절장치에 산소순환 재가동 스위치가 있어요.일단 공기가 정화돼야 식량저장고에 들어갈수 있어요.아이작,여기 보고서들을 읽어봤는데…모든 선원들이 집단환각을 겪었어요.또…이런.방금 보안 모니터에 동생이보였어요.있을수 없는 일인데…"
0x97016766,"UNITOLOGY ARTICLE","유 니 톨 로 지 조 항"
0x972BD11F,"Dammit, the poison wasn't strong enough. It's still alive! Get in there and kill it, before it contaminates the entire ship!","이런,독이 약했어요.아직 살아있어요!우주선 전체를 오염시키기 전에 들어가서 죽여요!"
0x972BD120,"Isaac, you did it! Hammond? Do you read? Oxygen levels are returning to normal.","아이작,잘했어요!헤먼드?들려요? 산소가 정상수준으로 돌아오고 있어요."
0x972BD121,"Dammit! He's gone again! No sign of his RIG anywhere! It's up to us now. I've got a plan to get off this ship! I've located an SOS beacon on the Mining Deck. If you can get down there and activate it, we might be able to send a distress call.","이런!또 사라지다니.헤먼드의 신호가 안잡혀요.이젠 우리에게 달렸어요.여기서 벗어날 방법이 있어요.채굴구역에서 SOS장치를 찾았어요.거기 가서 작동시킬수만 있으면 구조요청이 가능해요."
0x972BD122,"Oh god.  I don't know how much longer that door will hold...","오 이런.모르겠어요.저 문이 얼마나 버텨줄지…"
0x972BD123,"This may be our last chance of getting out of here alive, Isaac. There's an asteroid loaded up in the mining bay, waiting to be smelted. If you attach the SOS beacon to it, you can launch it away from the ship to make a clean broadcast. The beacon's  on the Maintenance sub deck. You can launch the asteroid from the control room. Damn, the control room is locked.  It looks like they keep an emergency access key on the Processing sub deck. Couldn't be easy, could it? I don't know how much more of this I can take. ","이번이 여기서 살아나갈 마지막 기회일지도 몰라요,아이작. 채굴구역에 제련하려던 소행성이 있어요.거기에 구조신호장치를 설치하면 먼곳까지 송신을 할수 있을거에요.장치는 관리구역 보조갑판에 있어요.소행성 발사는 통제실에서 할수 있구요.이런,통제실이 잠겼어요.비상접속 열쇠를 처리실 보조갑판에 보관해둔 모양이에요.쉬운 일이 없네,안그래요? 얼마나 더 해낼수 있을지 모르겠어요."
0x972BD14E,"That's the key, Isaac. It'll get you into the Control Room so you can launch the asteroid. Don't forget to attach the beacon first! I read another report on the colonist's dementia.  It seemed to start after they removed the Marker from the planet.  God knows how long it was down there.","그게 열쇠예요,아이작.이제 통제실에서 우주로 소행성을 보낼수 있어요.신호기 설치가 먼저라는거 잊지말아요!다른 보고서를 봐서는 콜로니인들의 정신이상은 마커를 들여온 이후부터 인것 같은데.그게 얼마나 오래된 것인지 누가 알겠어요."
0x972CD165,"Isaac! Hey, I lost your signal for a while. You had me worried... I see you've got the beacon, so head for the mining bay and attach it to the asteroid. I've been running trajectory calculations and if we launch soon, there's a good chance the asteroid can reach a safe distance to begin transmitting!  Still no sign of Hammond.  In his state, I can't imagine he's still alive...","아이작!아휴,잠깐 신호를 놓쳤어요.걱정하게 만들고…신호기를 찾았으니 채굴구역으로 가서 소행성에 설치해야죠.궤도를 계산해보니 금방이라도 발사가 가능하다면 통신 가능한 거리까지 보내기에 좋은 시기에요.해먼드가 아직 응답이 없어요.지금 상태에선 살아있다고 보긴 힘들지도…"
0x972CD18D,"Beacon's on it's way! All functions normal, and broadcasting wide band. Now we just have to hope somebody's listening.  I'll position the array receiver. I thought I saw my brother again.  He waved to me.  Like nothing was wrong. Okay, I should be able to leave this channel open... What? The comms Array receiver isn't responding! Isaac, can you get back to the bridge? We need that array online or we can't receive signals from anyone responding to the beacon!","장치가 움직여요!모든 기능도 정상적이고 송신도 제대로 되고있어요.이젠 누구든 들어주기만을 바라야죠.수신기를 설치해 둘게요.또 남동생을 본것 같은데.나에게 손을 흔들었어요.아무일도 없다는듯이… 됐어요.채널을 열어 둘수만 있으면… 어? 수신기가 응답이 없다니!아이작,브릿지로 돌아갈 수 있겠어요? 배열을 연결하지 못하면 누군가 응답하더라도 우리가 신호를 받을수 없게돼요!"
0x972CD18E,"Things are looking up! A military ship just shocked in! The USM Valor...I don't know what it was doing out there, but it must have gotten our distress signal.  We can't talk to it until that Comms Array is fixed.  I'm going to hack the door to Communications for you. Get in there and find the Comms Control Station.","죽으란 법은 없다더니!군함이에요,밸러[용기]호…저기서 뭘하고 있었는지는 모르지만 우리 구조요청을 듣고 오는게 틀림없어요.통신배열을 복구 못하면 저쪽과 연락할수 없어요.통신실 문을 열어줄테니 들어가면 조종장치를 찾아요."
0x972CD18F,"Isaac, the door to Communications  is open. But I've been getting some weird feedback spikes on the local comms. I think someone's listening in on us, so be careful.","아이작,통신실로 가는 문이 열렸어요.그런데 우리 통신에 묘한 반응이 섞여 있었어요.누군가 엿듣고 있는것 같은데,조심해요."
0x972DD19C,"That Comms Array is in bad shape.  We need at least six working dishes for a strong enough signal.   Make sure they're aligned symmetrically so there are no power gaps.","그 통신배열은 잘못됐어요.충분한 신호를 만들려면 작동하는 안테나가 적어도 6개는 필요해요.전기전달에 틈이 없도록 서로 마주보게 놓아야 돼요."
0x972DD19D,"That's it, it's working! Get back to Communications and use the control panel to send our coordinates to the Valor!","됐어,작동해요!통신실에 돌아가서 조종장치로 밸러호에 우리 좌표를 보내요!"
0x972DD1A2,"What? Isn't that the escape pod Hammond jettisoned? One of those things was onboard! No! No, this isn't going to happen! USM Valor! Come in Valor! Our signal isn't strong enough.  I'm going to open the blast doors to boost the signal.","뭐라구요? 그건 헤먼드가 버린 탈출포드 아니예요? 놈들 중 하나가 안에 있었는데!이래선 안돼! USM-밸러!응답하라,밸러호!신호가 약해요.방화문을 열어서 신호를 증폭시켜야 겠어요."
0x972DD1A4,"Shit!  Isaac, there's something big on the hull of the ship, directly above the Comms Array.  Something organic.  I don't know what it is, and I don't care.  We have to get the doors open to transmit to the Valor. You should have a clear shot from ADS cannon 48.  Get to the cannon and blow it out into space!","젠장!아이작,선체에 뭔가 커다란 것이 통신배열 바로 위에 있어요.어떤 살아있는 거예요.그게 뭐든 밸러호와 교신하려면 문을 열어야 돼요.48 ADS캐논으로 가서 그놈을 우주로 날려 버려요!"
0x972DD1CC,"USM Valor, this is Kendra Daniels on the USG Ishimura, come in! Do not open the escape pod. USM Valor, this is Kendra Daniels on the USG Ishimura, come in! Do not open the escape pod! Dammit, respond!","밸러.여기는 이시무라호 켄드라 다니엘스다.응답하라!탈출포드를 열지마라.밸러,여기는 이시무라호 켄드라 다니엘스.응답해!탈출포드를 열지마! 이것들아,대답해!"
0x972DD1CF,"Why did they open the pod?! Dammit...","왜 포드를 연거야?!멍청한-"
0x972DD1D0,"Oh my god, It's heading right for us! Isaac! ISAAC! Get the fuck out of there! It's going to crash into the ship.","이런 지랄,이리로 온다! 아이작,아이작!당장 거기서 나가요!우리랑 충돌하겠어요!"
0x972ED1DA,"Hammond?  Where have you been?","헤먼드? 여태 어디 있었어요?"
0x972ED1DD,"Isaac, if what he says is true about the shuttle, we might have a chance of getting out of here. Head to the cargo bay and see if you can help Hammond...in his condition, he may not last long.","아이작,해먼드 말대로라면 빠져나갈 기회가 생긴거에요.화물칸으로 가서 헤먼드를 도와요… 지금 상태로는 해먼드가 오래는 못버틸거에요."
0x9731D29B,"Isaac, I've lost him again! No signal from Hammond's RIG... Find the singularity core and get the hell out of there!","아이작,또 놓쳤어요!헤먼드의 신호가 사라졌어요… 코어를 찾아서 나와요!"
0x9731D29C,"The part you're looking for will be in the engine room at the back of the ship! I'm reading massive damage, so you may need to find an alternate route to get there!","코어가 있는 엔진실은 함선 후방이지만 파손이 심해서 그냥 갈수는 없어요.다른 경로를 찾아야돼요."
0x9731D2C9,"I just lost all of Hammond's vitals!  Is he dead?  Oh god. It's just us now, Isaac...","방금 헤먼드 생명신호가 사라졌어요!죽은거에요? 맙소사.이젠 우리 뿐이예요,아이작…"
0x9731D2CA,"Is that it? You got it? Oh my god, you got it!  That's the piece we need. Get to the Crew deck! ","그거예요?찾았어요? 어머나,찾았네요!이제 승무원 갑판으로 가요!"
0x9732D2DF,"Isaac, I've located the shuttle Hammond found. Shit! No good. That shuttle's brain dead. Someone removed the navigation cards, God knows why.  There's three of them scattered around the deck.  I'm downloading their locations. I can't access the doors from here, so you'll need a Crew Key.  If you can find those parts, I think we can get that shuttle operational again!","아이작,헤먼드가 말한 우주선을 찾았어요. 제길!이런. 우주선에서 반응이 없어요. 누군가 운항 카드를 가져갔어요. 기가 막히네요. 그 중 3개가 갑판 주위에 포착됐어요. 정확한 위치를 다운로드 중이예요. 여기서는 그 문에 접속할 수가 없어요. 승무원 열쇠가 필요할 거에요. 운항 카드를 전부 찾아야 우주선을 다시 가동시킬 수 있을 거예요!"
0x9733D349,"Isaac, be careful with Dr. Kyne. A lot of what I've discovered so far has come from his records... the man has clearly gone insane. He might be unstable, maybe even violent.","아이작,카인 박사를 조심해요. 지금까지 찾아낸 박사의 수 많은 기록들로 봐서는… 거의 정신이 나간 사람 같아요. 불안정한 상태인데다 난폭해 질 지도 몰라요."
0x9734D35A,"I don't know if Kyne is crazy or not, but we need that shuttle. Let's keep him on our side... for now.","카인이 미친 건 지 아닌 지는 모르지만 우린 우주선이 필요해요. 지금은 우리 편으로 하자구요… 지금은."
0x9734D385,"I restored power to the elevator.  Take it up to the Hangar Bay and get that Marker on the shuttle.  I'm heading up to the flight deck now. Oh god...I'm just going to run for it...wish me luck.","엘리베이터 전원을 복구했어요. 격납고로 가서 마커를 우주선으로 옮겨 줘요. 지금 비행장으로 갈게요. 오 이런! 도망가야 겠어… 행운을 빌어줘요."
0x9737161D,"Unprocessed employee detected. Welcome CEC employee...  Isaac Clarke...  to the USG Ishimura.","< 번역 누락 : 0x9737161D >"
0x9737161E,"The Ishimura was the first Planetcracker-class vessel, and is now the oldest serving, with 62 years of continuous service.","< 번역 누락 : 0x9737161E >"
0x9737161F,"It holds the record for highest number of planetcracks, with 34 to date-","< 번역 누락 : 0x9737161F >"
0x97371620,"-- and highest deadweight of refined product, at 14 trillion kilotons and counting.","< 번역 누락 : 0x97371620 >"
0x97381629,"Whether you'll be joining us aboard the Ishimura or strengthening the extraction workforce on the colony, the captain and crew would like to welcome you and we hope your stay is a pleasant one. Concordance Extraction Company - ""Powering humanity into the future.","< 번역 누락 : 0x97381629 >"
0x975CDD2E,"Sorry, Isaac, I couldn't let him go through with it. I suppose I should thank him for finding the Marker. We even managed without help from the USM Valor... Thank you for helping me find it, by the way. My department's been looking for this place for a long time. See, what Kyne didn't know was, it was the government's mess to begin with. This whole planet was one big experiment. The Marker? This ""divine relic""? Made by man.  They reverse-engineered it a couple of hundred years ago from the REAL Marker, a true alien artifact recovered on Earth.  They dug it up, studied it, and made it their own. Then they brought it to Aegis 7, and activated it.  And you've seen the result.  The stuff of nightmares.  They sealed the system, and no one would have been the wiser.  But then CEC blunders in and starts tearing the planet apart.  The experiment was still alive.  Kyne was right about the Hive Mind.  The Marker would contain it...but that doesn't matter now, does it?  I have the Marker, and this entire system can go to hell. For what it's worth, you did a great job, Isaac. See you around... Or maybe not.","< 번역 누락 : 0x975CDD2E >"
0x975CDD32,"Isaac, what the hell are you doing?! You're making a big mistake. This is not over!","아이작,무슨 짓을 하는 거야?! 지금 큰 실수 하는 거야. 이걸로 끝난 게 아니야!"
0x975DDD6D,"Isaac, Isaac... You really didn't  think I was going to just walk away, did you? I can't do that. The Marker's coming with me. It's a shame... I was starting to like you. Even if you are insane. What, you don't believe me? Take a look at yourself. Better yet, take a look at that video from Nicole. And this time, watch it right to the end...","아이작…내가 정말 그냥 가버릴거라 생각한건 아니지?그럴순 없지.마커를 가져가야 하니까.이를 어쩌나…네가 좋아지기 시작했는데.제정신이 아니긴 하지만.뭐야,모르겠어?자신을 봐.그렇지,니콜의 영상을 보는게 이해가 빠를거야.이번엔 끝까지 잘 보라고…"
0x975DDD6F,"See! You're insane. Just like Kyne, just like the Captain. Nicole has been dead this whole time.  Whatever you were seeing...was caused by that.  You were its pawn. But don't worry.  It will be in good hands, now.  Far away from this damned place. Goodbye, Isaac","거봐!넌 제정신이 아니지,카인이나 선장처럼.니콜은 처음부터 살아있지도 않았어.봤던게 뭐였든…환상이었어.넌 낚였던 거야.하지만 걱정마.이젠 내 수중에 들어 왔으니까.이 빌어먹을 곳과도 안녕이다.잘있어,아이작."
0x975DDD70,"Oh my God!","이런 세상에!"
0x975DDDA0,"Isaac, that son of a bitch just overrode the door lock!  I'll try to run a bypass.  Hold on!","아이작,저 개자식이 문을 잠궈 버렸어요! 어떻게든 열어 볼테니 조금만 참아요!"
0x975DDDA1,"Okay, I bypassed the lock!  Get out of there!","됐어, 문이 열렸어요! 거기서 나가요!"
0x975EDDAB,"Run Issac!","< 번역 누락 : 0x975EDDAB >"
0x975EDDAC,"Get the hell out of there!","< 번역 누락 : 0x975EDDAC >"
0x975EDDAD,"Run Isaac, find a weapon somewhere!","뛰어요,아이작!뭐든 무기를 찾아요!"
0x975EDDAE,"Run Isaac, get to the elevator! Run!","도망쳐요,아이작!엘리베이터로 가요!"
0x976253B4,"This is Benson. Everybody listen up! They're using the vents! That's how they're getting around the ship! Stay away from the vents...","여기는 벤슨.명심해!환기구야!이놈들이 거길 이용해 돌아다닌다.환기구에서 떨어져…"
0x976253B6,"Get back! Get back!","돌아가!빨리!"
0x976353F3,"This is Benson, tram engineering. We think we've figured it out. Smith killed one! Listen, forget about shooting them in the body, you gotta cut off the limbs. Grab a cutter, anything like that. Cut them apart!","여기는 전동차정비사 벤슨.약점을 찾은것 같다.스미스가 한놈을 죽였어.잘들어.몸뚱아리를 쏘겠다는 생각은 버려.사지를 잘라버려.절단기 같은걸 집어들어,토막내!"
0x976353F5,"Listen up, car 8 is trashed.  We managed to get it back to the repair depot, but now the auto-loader is fried.  I need a Stasis module brought down here now!  If we don't get this piece of shit off the tracks, it's going to jam up the whole system!","주목해라,8번 차가 부서졌다.정비구역으로 가져오긴 했지만 망할 자동운반기가 통닭이 됐다.당장 감속장비를 가져와.선로에서 개떡같은 파편을 못치우면 시스템 전체가 엉망이돼."
0x976E0C7D,"Buy?","구 입"
0x978C2050,"DEACTIVATING","< 번역 누락 : 0x978C2050 >"
0x97DDED6D,"Isaac, one of the Valor's weapons ripped open in the crash. Those green orbs you see are highly radioactive, and the Valor's airlock has sealed itself.  You're going to have to throw those into space before you can get into the ship.\n","아이작,충격으로 밸러호 무기 일부가 떨어져 나갔어요.거기 녹색구체들이 고농도 방사능물질이라 밸러호 출입구가 폐쇄됐어요.밖에다 전부 버려야만 들어갈수 있어요."
0x97DDED6E,"It looks like some of the gravity plating is malfunctioning. Keep an eye out for any kind of distortion effect coming from the floor. It could be dangerous.","중력막 몇군데가 고장났어요.바닥에서 뭔가 일그러진 기둥이 뿜어져 나오는 부분은 위험하니 조심해요."
0x97DDED6F,"Isaac, it's Kendra. It looks like the door to the storage room is locked. There should be a key somewhere in the maintenance bay.","아이작,켄드라에요.보관실 문이 잠겼어요.어딘가 열쇠가 있을거에요."
0x97DFEDF1,"There's a failsafe on the processing control door.  It won't open until gravity is restored.  But you can't turn on the gravity until those boulders are cleared from the room.  Maybe you can dump them into that gravity beam with your Kinesis gun.","처리실 문에는 안전장치가 있어요.중력이 회복되어야만 열리는데 안에 바위들이 있어서 회복시킬수 없어요.유도장비로 전부 중력빔 속에 던져버려요."
0x9817DE42,"Reload","재 장 전"
0x9827F052,"Isaac, you still need to find the data board to the tram computer. It's in the Maintenance Bay.","아이작.데이터보드가 없으면 안돼요.관리구역 안에 있어요."
0x9828F08F,"Looks like that door is malfunctioning, Isaac.  Try using the Stasis Module you just picked up.","그 문은 고장난 것 같아요,아이작.방금 얻은 감속장비를 사용하세요."
0x9828F090,"Your Stasis module should be able to help you with that arm mechanism.","감속장비가 기계팔 조종에 도움이 될거에요."
0x9828F091,"You still need to plant the beacon onto the shuttle, Isaac, before you launch the asteroid","< 번역 누락 : 0x9828F091 >"
0x9828F092,"The life support system in Sleep Block B has been shut down.  You'll have to find an override nearby to get to the door.","B구역 취침실 생명 유지 장치가 정지됐어요. 문까지 가려면 근처에 있는 해제 장치를 찾아야 돼요."
0x9828F093,"You're close to the chemistry station.  Once you get the chemicals, you're also going to need a DNA sample of the alien tissue.  I'll search the records for one.","화학연구실이 가까워요.우선 약품을 구하면 외계인의 조직DNA샘플도 필요해요.기록을 찾아볼게요."
0x9828F094,"Isaac, I patched into the deck's security system.  It took some work, but I've got the door to the Maintenance Bay unlocked. The data board should be somewhere inside","아이작,보안시스템을 수정했어요.일단 관리구역 출입구는 열려있어요.구역안 어딘가에 보드가 있을거에요."
0x982CF162,"The mining sub deck is offline for some reason, Isaac.  I'll see if I can run a bypass.","무슨 이유인지 채굴구역 보조갑판에 연결이 안돼요,아이작. 다른 방법이 있는 지 알아 볼게요."
0x982CF163,"I've got elevator access to the mining sub deck.  It was a security lockdown, although I don't think it helped them.  Now that you've got the beacon and the key, head over there. It looks like the asteroid is held in place by some gravity tethers.  You'll have to knock those out before you can launch it.","보조채굴갑판 엘리베이터에 접속했어요.방화벽이 있긴했지만 별거 아니었나 봐요.이제 신호기와 열쇠가 있으니 거기로 가요.중력올가미장치 몇개가 소행성을 잡고 있는데 그걸 파괴해야 발사할수 있어요."
0x982CF18B,"I've got more intel on the atmosphere.  A survivor's report says that a  massive creature entered the Hydroponics deck from outside the ship.  That's when the air quality began degrading. The survivor called it...the Leviathan","대기에 관한 정보가 더 있어요.생존자의 보고로는 정체불명의 거대한 생물이 재배구역으로 침입,그때부터 공기의 질이 나빠졌다는데…그사람은 그걸…레비아단[거대한 바다속 괴물]이라 불렀어요"
0x982F3509,"IMPACT","충 돌"
0x98479ADE,"HAMMOND'S ASSISTANCE","해 먼 드 의 지 원"
0x985AFCE2,"I suppose I should be glad that Hammond's alive, but I still don't trust him.  I think he's hiding something about the Marker.","헤먼드가 살아있는 건 다행이지만 아직 믿을순 없어요.마커에 대해 뭔가 숨기고 있을거에요."
0x985CFD2E,"Your Stasis module should be able to help you with that.","< 번역 누락 : 0x985CFD2E >"
0x98831A35,"RESTORE GRAVITY","중 력 복 구"
0x98CDBE8D,"INTERRUPTED","방 해 공 작"
0x98CFBEF2,"ADS Mouse Sensitivity","< 번역 누락 : 0x98CFBEF2 >"
0x98D27D2A,"[UI_Select]Select","< 번역 누락 : 0x98D27D2A >"
0x98E62462,"A MESSAGE","메 세 지"
0x98EFDEE7,"Increases Inventory slots and Armor.","가방의 용량과 방어력이 증가한다."
0x992EE8C5,"Andrew & Toffee","< 번역 누락 : 0x992EE8C5 >"
0x992EE8C6,"Anne Mannucci","< 번역 누락 : 0x992EE8C6 >"
0x992EE8C7,"Antony Johnston","< 번역 누락 : 0x992EE8C7 >"
0x992EE8C8,"Ari, T-Bone, Bay-way & AshyBashy","< 번역 누락 : 0x992EE8C8 >"
0x992EE8C9,"Ashley Eads","< 번역 누락 : 0x992EE8C9 >"
0x992EE8CA,"Ashley Tanti","< 번역 누락 : 0x992EE8CA >"
0x992EE8CB,"Barbara, Nicole, Kyle and Caitlyn","< 번역 누락 : 0x992EE8CB >"
0x992EE8CC,"Bart Cobbaert","< 번역 누락 : 0x992EE8CC >"
0x992EE8CD,"Becca and Jack, for everything","< 번역 누락 : 0x992EE8CD >"
0x992EE8CE,"Becky and my family","< 번역 누락 : 0x992EE8CE >"
0x992FE904,"Behr Behr","< 번역 누락 : 0x992FE904 >"
0x992FE905,"Ben Templesmith","< 번역 누락 : 0x992FE905 >"
0x992FE906,"Brian Deppiesse","< 번역 누락 : 0x992FE906 >"
0x992FE907,"Carl, Igue, Zoe, Billie and Nina","< 번역 누락 : 0x992FE907 >"
0x992FE908,"Caroline Zelaya","< 번역 누락 : 0x992FE908 >"
0x992FE909,"Cat Wells","< 번역 누락 : 0x992FE909 >"
0x992FE90A,"Cessmi, Darius, and Charlize","< 번역 누락 : 0x992FE90A >"
0x992FE90B,"Chris Seifert","< 번역 누락 : 0x992FE90B >"
0x992FE90C,"Christian Ponziani","< 번역 누락 : 0x992FE90C >"
0x992FE90D,"Craig Auld","< 번역 누락 : 0x992FE90D >"
0x9930E943,"Cynthia, Jacqueline, Nicholas & Lucas","< 번역 누락 : 0x9930E943 >"
0x9930E944,"Dan Davis","< 번역 누락 : 0x9930E944 >"
0x9930E945,"David Jackson","< 번역 누락 : 0x9930E945 >"
0x9930E946,"Debra, Luka, Tomiko & Kenji","< 번역 누락 : 0x9930E946 >"
0x9930E947,"To my lovely wife, Dawn Pollak","< 번역 누락 : 0x9930E947 >"
0x9930E948,"Eddie Chung","< 번역 누락 : 0x9930E948 >"
0x9930E949,"Eleni Nikitas","< 번역 누락 : 0x9930E949 >"
0x9930E94A,"Emma and Vianne, I love you!","< 번역 누락 : 0x9930E94A >"
0x9930E94B,"Emma Fisci","< 번역 누락 : 0x9930E94B >"
0x9930E94C,"Eric Vaughn","< 번역 누락 : 0x9930E94C >"
0x9931E982,"Eric, Toulouse, and Nuendo","< 번역 누락 : 0x9931E982 >"
0x9931E983,"Errol Chopping and Andrew Lacey","< 번역 누락 : 0x9931E983 >"
0x9931E984,"Eunkyoung Lee Swearingen","< 번역 누락 : 0x9931E984 >"
0x9931E985,"Ferry Brands","< 번역 누락 : 0x9931E985 >"
0x9931E986,"Gareth Foster","< 번역 누락 : 0x9931E986 >"
0x9931E987,"Gino Castro","< 번역 누락 : 0x9931E987 >"
0x9931E988,"Gloria Valadez","< 번역 누락 : 0x9931E988 >"
0x9931E989,"G-Net Media","< 번역 누락 : 0x9931E989 >"
0x9931E98A,"Greg Burton","< 번역 누락 : 0x9931E98A >"
0x9931E98B,"Greg Gervin","< 번역 누락 : 0x9931E98B >"
0x9932E9C1,"Guy and Ryan of Pape Meat Co.","< 번역 누락 : 0x9932E9C1 >"
0x9932E9C2,"Hammer Creative Advertising","< 번역 누락 : 0x9932E9C2 >"
0x9932E9C3,"Hans Moe","< 번역 누락 : 0x9932E9C3 >"
0x9932E9C4,"Henrik Jurgens","< 번역 누락 : 0x9932E9C4 >"
0x9932E9C5,"Ian Freitas","< 번역 누락 : 0x9932E9C5 >"
0x9932E9C6,"Image Comics","< 번역 누락 : 0x9932E9C6 >"
0x9932E9C7,"Inna Chizkova","< 번역 누락 : 0x9932E9C7 >"
0x9932E9C8,"Ivan Kako","< 번역 누락 : 0x9932E9C8 >"
0x9932E9C9,"Jaap Tuinman","< 번역 누락 : 0x9932E9C9 >"
0x9932E9CA,"Jacob and Matthew Wrede","< 번역 누락 : 0x9932E9CA >"
0x9933EA00,"Jake Ushijima","< 번역 누락 : 0x9933EA00 >"
0x9933EA01,"Jacquelou DeGuzman","< 번역 누락 : 0x9933EA01 >"
0x9933EA02,"Jason Byrum","< 번역 누락 : 0x9933EA02 >"
0x9933EA03,"Jason Woodward","< 번역 누락 : 0x9933EA03 >"
0x9933EA04,"Jasper & Sabina","< 번역 누락 : 0x9933EA04 >"
0x9933EA05,"Jennifer Martin","< 번역 누락 : 0x9933EA05 >"
0x9933EA06,"Jenny","< 번역 누락 : 0x9933EA06 >"
0x9933EA07,"Jesse Dishart","< 번역 누락 : 0x9933EA07 >"
0x9933EA08,"Joe Keatinge","< 번역 누락 : 0x9933EA08 >"
0x9933EA09,"Joe Reeder, Bri and Zie","< 번역 누락 : 0x9933EA09 >"
0x9934EA3F,"John Burns","< 번역 누락 : 0x9934EA3F >"
0x9934EA40,"John Sicat","< 번역 누락 : 0x9934EA40 >"
0x9934EA41,"Josh Marguilies","< 번역 누락 : 0x9934EA41 >"
0x9934EA42,"JP Dolan","< 번역 누락 : 0x9934EA42 >"
0x9934EA43,"Julie Pitts","< 번역 누락 : 0x9934EA43 >"
0x9934EA44,"Justine Boler","< 번역 누락 : 0x9934EA44 >"
0x9934EA45,"Kai, Crystal, and Mom","< 번역 누락 : 0x9934EA45 >"
0x9934EA46,"Kevin Carney","< 번역 누락 : 0x9934EA46 >"
0x9934EA47,"Kevin Patterson","< 번역 누락 : 0x9934EA47 >"
0x9934EA48,"Ktamas Kovats","< 번역 누락 : 0x9934EA48 >"
0x9935EA7E,"For my love, my all - Liliana and Alyssa Condrey","< 번역 누락 : 0x9935EA7E >"
0x9935EA7F,"Laura Papoutsis","< 번역 누락 : 0x9935EA7F >"
0x9935EA80,"Liana Kishi, Tyler Leong, Tegan Leong","< 번역 누락 : 0x9935EA80 >"
0x9935EA81,"Lidia Zalewska","< 번역 누락 : 0x9935EA81 >"
0x9935EA82,"Lily and Ian","< 번역 누락 : 0x9935EA82 >"
0x9935EA83,"Linda McCulloch","< 번역 누락 : 0x9935EA83 >"
0x9935EA84,"Lohan & Alejandro","< 번역 누락 : 0x9935EA84 >"
0x9935EA85,"Lorna and Zoe","< 번역 누락 : 0x9935EA85 >"
0x9935EA86,"Margrethe and Little Miss","< 번역 누락 : 0x9935EA86 >"
0x9935EA87,"Mariann Tam","< 번역 누락 : 0x9935EA87 >"
0x9936EABD,"Mario Valle","< 번역 누락 : 0x9936EABD >"
0x9936EABE,"Markus Koenig","< 번역 누락 : 0x9936EABE >"
0x9936EABF,"Marlo, Maya and Justin","< 번역 누락 : 0x9936EABF >"
0x9936EAC0,"Martin Brundin","< 번역 누락 : 0x9936EAC0 >"
0x9936EAC1,"Melody and Leoni Mai","< 번역 누락 : 0x9936EAC1 >"
0x9936EAC2,"Michael Galli","< 번역 누락 : 0x9936EAC2 >"
0x9936EAC3,"Michael Herst","< 번역 누락 : 0x9936EAC3 >"
0x9936EAC4,"Mohamed A. Fattouh","< 번역 누락 : 0x9936EAC4 >"
0x9936EAC5,"Molly Ten Broeck","< 번역 누락 : 0x9936EAC5 >"
0x9936EAC6,"Monique, Benjamin, and Ryan","< 번역 누락 : 0x9936EAC6 >"
0x99415900,"+ 100","< 번역 누락 : 0x99415900 >"
0x99480144,"ACCESS DENIED","< 번역 누락 : 0x99480144 >"
0x996C4811,"DESTROY THE BARRICADE","방어벽을 파괴하라"
0x997A56E6,"The CEC would like to thank you for visiting the USG Ishimura, the flagship of our fleet.  Information on investment opportunities and company policy can be found in the brochure provided.  Concordance Extraction Company - Powering Humanity Into the Future.","< 번역 누락 : 0x997A56E6 >"
0x997A56E7,"Safety and Resource Conservation are our primary concerns at CEC.  We pride ourselves in our 98% Redistribution Rate of food, waste, and energy, the highest of any interplanetary mining corporation.  And we have received a Platinum rating by the Department of Worker's Safety seven years in a row.","< 번역 누락 : 0x997A56E7 >"
0x997A56E8,"Quality of life is important to us here at CEC.  We strive to provide a healthy work-life balance for our employees, and we offer a wide range of services to assist them in every aspect of their lives.  From financial counseling to health and legal benefits, we want our employees to be happy, healthy, and productive.","< 번역 누락 : 0x997A56E8 >"
0x997B5725,"Make us whole again.","우리 다시 하나로…"
0x99805891,"Make us whole again","< 번역 누락 : 0x99805891 >"
0x99805892,"Make us whole again.","우리 다시 하나로…"
0x9984ADE6,"CENTRIFUGE ACTIVATED","원 심 분 리 기 작 동"
0x99AC6330,"Welcome CEC employee to the USG Ishimura. ","< 번역 누락 : 0x99AC6330 >"
0x99BE3F59,"Josh Pierson","< 번역 누락 : 0x99BE3F59 >"
0x9A060C36,"Sign In","< 번역 누락 : 0x9A060C36 >"
0x9A2FC24C,"Weapon Slot Left","무 기 칸 왼 쪽"
0x9A349C95,"Cursor Right","오 른 쪽"
0x9A782F0F,"SPEED","속 도"
0x9AEA1E49,"MISSION","임 무"
0x9B157184,"Character Art Lead","< 번역 누락 : 0x9B157184 >"
0x9B5048AB,"Moreno Family, Marcus, James and Al","< 번역 누락 : 0x9B5048AB >"
0x9B5048AC,"My love, Diana for all her patience!","< 번역 누락 : 0x9B5048AC >"
0x9B5048AD,"My SUPER PREGNANT & patient wife Lani","< 번역 누락 : 0x9B5048AD >"
0x9B5048AE,"My wife Brenda","< 번역 누락 : 0x9B5048AE >"
0x9B5048AF,"My wonderful wife Jodi","< 번역 누락 : 0x9B5048AF >"
0x9B5048B0,"Nelly Kind","< 번역 누락 : 0x9B5048B0 >"
0x9B5048B1,"Nessa","< 번역 누락 : 0x9B5048B1 >"
0x9B5048B2,"Nikolaos Maniatis","< 번역 누락 : 0x9B5048B2 >"
0x9B5048B3,"Nile","< 번역 누락 : 0x9B5048B3 >"
0x9B5048B4,"Ondraus Jenkins","< 번역 누락 : 0x9B5048B4 >"
0x9B5148EA,"Orsolya Kasza","< 번역 누락 : 0x9B5148EA >"
0x9B5148EB,"Pat O'Brien","< 번역 누락 : 0x9B5148EB >"
0x9B5148EC,"Paul Hill","< 번역 누락 : 0x9B5148EC >"
0x9B5148ED,"Rachael, Lily, and Hamish","< 번역 누락 : 0x9B5148ED >"
0x9B5148EE,"Renata Kloch","< 번역 누락 : 0x9B5148EE >"
0x9B5148EF,"Rik Dimond","< 번역 누락 : 0x9B5148EF >"
0x9B5148F0,"Robert Villaluz","< 번역 누락 : 0x9B5148F0 >"
0x9B5148F1,"Sara Sprinkles","< 번역 누락 : 0x9B5148F1 >"
0x9B5148F2,"Sarah Turner","< 번역 누락 : 0x9B5148F2 >"
0x9B5148F3,"Scott Taylor","< 번역 누락 : 0x9B5148F3 >"
0x9B524929,"Sebastiean Koenig","< 번역 누락 : 0x9B524929 >"
0x9B52492A,"Sharon Andrews","< 번역 누락 : 0x9B52492A >"
0x9B52492B,"Shianna Huynh","< 번역 누락 : 0x9B52492B >"
0x9B52492C,"Starz Media / Film Roman","< 번역 누락 : 0x9B52492C >"
0x9B52492D,"Steven Sarron","< 번역 누락 : 0x9B52492D >"
0x9B52492E,"Stuart Lang","< 번역 누락 : 0x9B52492E >"
0x9B52492F,"Susan Santos","< 번역 누락 : 0x9B52492F >"
0x9B524930,"Tammy Schachter","< 번역 누락 : 0x9B524930 >"
0x9B524931,"Tanya, Ben, and QE","< 번역 누락 : 0x9B524931 >"
0x9B524932,"The amazing patience of my dog, Hoju","< 번역 누락 : 0x9B524932 >"
0x9B534968,"The Art Machine","< 번역 누락 : 0x9B534968 >"
0x9B534969,"Theresa Pugh","< 번역 누락 : 0x9B534969 >"
0x9B53496A,"Thomas Koed","< 번역 누락 : 0x9B53496A >"
0x9B53496B,"Tim Moore","< 번역 누락 : 0x9B53496B >"
0x9B53496C,"Todd Arnold","< 번역 누락 : 0x9B53496C >"
0x9B53496D,"Tom Rossi","< 번역 누락 : 0x9B53496D >"
0x9B53496E,"To my lovely wife, Dawn Pollak","< 번역 누락 : 0x9B53496E >"
0x9B53496F,"Tomasz Jarzebowski","< 번역 누락 : 0x9B53496F >"
0x9B534970,"Vanessa Cattau","< 번역 누락 : 0x9B534970 >"
0x9B534971,"Violet, mom and dad","< 번역 누락 : 0x9B534971 >"
0x9B5449A7,"Yvonne Milham","< 번역 누락 : 0x9B5449A7 >"
0x9B61D86A,"Collect 8 schematics","< 번역 누락 : 0x9B61D86A >"
0x9B6CCE08,"Low","낮 음"
0x9BF52567,"Bring this schematic to the store to unlock the Flamethrower.","상점에 가져가면 잠금이 해제됩니다."
0x9C08E113,"Manual Override?","< 번역 누락 : 0x9C08E113 >"
0x9C12C62E,"OBJECTIVE\nINACTIVE","목 표 제 외"
0x9C2020E0,"Captain's log, personal. I want to set the record straight. By the time this log is heard, my actions will have been vindicated. I'm a Unitologist. By now, it's probably no secret that we shouldn't be in this star system. Just another illegal mining job for the company... That is until the colony found the Marker. That was when the Church took an interest, and chose me to lead this pilgrimage.","< 번역 누락 : 0x9C2020E0 >"
0x9C2020E1,"They also ensured many of the mission crew were devout. My primary instruction was to get the Marker up from the colony and on board the ship. Dr. Kyne, the CSO, is an expert on the original Marker and was tasked with deciphering this new one. He says he's making good progress. My decision to quarantine the colony is sound.","< 번역 누락 : 0x9C2020E1 >"
0x9C2020E2,"They've got some kind of epidemic down there, and I can't allow it to infect the ship. Not with such a precious cargo. Not when we are so close! Planetcrack takes place tomorrow. We'll continue to decipher the Marker, and when we return home, we'll pass all our findings, and the Marker, to the Church. The government isn't going to cover this one up. Altman be praised.","< 번역 누락 : 0x9C2020E2 >"
0x9C30A61B,"RESTORE POWER?","전 원 복 구 ?"
0x9C30A61C,"POWER ACTIVATED","전 원 작 동 중"
0x9C30A61D,"POWER MALFUNCTION","동 력 고 장"
0x9C5BCFE5,"The captain's body has been... transfomed by one of those things.  I've got to take him down to get his RIG.","선장의 시체가 놈들처럼 변했다.제거하고 코드를 구해야 한다."
0x9C5BDB07,"Omz Velasco","< 번역 누락 : 0x9C5BDB07 >"
0x9C77188D,"Done","< 번역 누락 : 0x9C77188D >"
0x9C77189A,"Done","< 번역 누락 : 0x9C77189A >"
0x9C7EA6CA,"The Marker is on it's way up to the Hangar Bay.  Kyne should be arriving there now.","카인이 격납고로 오고 있다"
0x9C801AC4,"Done","< 번역 누락 : 0x9C801AC4 >"
0x9C801AD1,"Done","< 번역 누락 : 0x9C801AD1 >"
0x9C846423,"ARRAY FIXED","배 열 수 정"
0x9C9B23B1,"This will upgrade your HIT POINTS by %g pts.","< 번역 누락 : 0x9C9B23B1 >"
0x9CBFE37A,"ON MY WAY","이 동 중"
0x9CDDFA43,"Off","끔"
0x9CE16E96,"DECK B: PROCESSING","< 번역 누락 : 0x9CE16E96 >"
0x9D22EDA7,"MERCER'S EXPERIMENT 1","머 서 의 실 험 1"
0x9D753412,"Dino Ignacio","< 번역 누락 : 0x9D753412 >"
0x9D847413,"Transfer the Marker","마커를 이동시켜라"
0x9DA73E9F,"Deutsch","< 번역 누락 : 0x9DA73E9F >"
0x9DC1772B,"FOUND THE THERMITE","고 열 폭 약 발 견"
0x9DEEA5C2,"CHAOS","혼 란"
0x9E0A6EE9,"Chris Chikes","< 번역 누락 : 0x9E0A6EE9 >"
0x9E0A6EEA,"Marcus Egan","< 번역 누락 : 0x9E0A6EEA >"
0x9E0A6EEB,"Jason Heffel","< 번역 누락 : 0x9E0A6EEB >"
0x9E0C5134,"[Aim_Mode]","< 번역 누락 : 0x9E0C5134 >"
0x9E7B69CD,"FLAMETHROWER","화염 방사기"
0x9E8E4A61,"%gSec.","< 번역 누락 : 0x9E8E4A61 >"
0x9EC19EE9,"EYES ONLY - PRIORITY BLACK\nFROM: CHIEF OF STAFF, EARTH DEFENSE\nATTN: COMMANDER CADIGAN, F.\nOPERATION WHITE LIGHT\nTHEATER: AEGIS SYSTEM, PLANET PENDING\nOBJECTIVE: DEEP CLEANSE\nCEC vessel USG Ishimura in breach of government order. They are believed to have recovered Marker 3A. Special Ops has confirmed the system but has been unable to provide the planet location.\nSpecial Ops advises caution. If Marker 3A has been recovered, infection by a lethal organism is a credible threat.\nShockpoint to Aegis system, move to position out of local scope range and await signal from Ishimura to confirm location.","< 번역 누락 : 0x9EC19EE9 >"
0x9EDDB2B5,"Deadly chemical mixture.","치명적인 혼합 화학약품"
0x9F087036,"[Aim_Mode]","< 번역 누락 : 0x9F087036 >"
0x9F1B8A50,"TEAM FIFTY SEVEN","< 번역 누락 : 0x9F1B8A50 >"
0x9F2E3C9D,"Collect Power Nodes","파워 노드를 수집한다"
0x9F527D00,"Voice Volume","목 소 리"
0x9F74EF8C,"Li Wan Jing","< 번역 누락 : 0x9F74EF8C >"
0x9F74EF8D,"Wang Peng","< 번역 누락 : 0x9F74EF8D >"
0x9F795A7E,"Mining Operations","< 번역 누락 : 0x9F795A7E >"
0x9F795A7F,"WARNING:  Mining Operations is a very dangerous environment.  Authorized personnel ONLY.","< 번역 누락 : 0x9F795A7F >"
0x9F7A5ABD,"Tram Station","정 거 장"
0x9F7A5ABE,"Have you checked all your gear at the RIG room?","< 번역 누락 : 0x9F7A5ABE >"
0x9F7B5AFC,"RIG Room","R I G 보 관 실"
0x9F7B5AFD,"Remember to sync your RIG before entering Mining area","< 번역 누락 : 0x9F7B5AFD >"
0x9F7C5B3B,"To Tram Station","< 번역 누락 : 0x9F7C5B3B >"
0x9F7C5B3C,"Have you checked all your gear at the RIG room?","< 번역 누락 : 0x9F7C5B3C >"
0x9F7D5B7A,"Elevator to Mining Area","< 번역 누락 : 0x9F7D5B7A >"
0x9F7D5B7B,"WARNING:  Mining Operations is a very dangerous environment.  Authorized personnel ONLY.","< 번역 누락 : 0x9F7D5B7B >"
0x9F7E5BB9,"Elevator to Other Decks","< 번역 누락 : 0x9F7E5BB9 >"
0x9F7E5BBA,"WARNING:  Mining Operations is a very dangerous environment.  Authorized personnel ONLY.","< 번역 누락 : 0x9F7E5BBA >"
0x9F7F5BF8,"Mineral Processing Area","< 번역 누락 : 0x9F7F5BF8 >"
0x9F7F5BF9,"WARNING: EXTREME DANGER","< 번역 누락 : 0x9F7F5BF9 >"
0x9F805C37,"To Elevator","< 번역 누락 : 0x9F805C37 >"
0x9F805C38,"WARNING:  Mining Operations is a very dangerous environment.  Authorized personnel ONLY.","< 번역 누락 : 0x9F805C38 >"
0x9F815C76,"Mineral Processing Control","< 번역 누락 : 0x9F815C76 >"
0x9F815C77,"Gravity must be restored before entering","< 번역 누락 : 0x9F815C77 >"
0x9F953D09,"Ripper Schematic","리 퍼 설 계 도"
0x9FAC4C1E,"Fire","발 사"
0x9FAC4C1F,"FIRE","< 번역 누락 : 0x9FAC4C1F >"
0x9FAC4C20,"RELOAD","재장전"
0x9FDE102C,"FLAME FUEL SCHEMATIC","기름통 설계도"
0x9FF669C0,"Mineral Processing Chamber","< 번역 누락 : 0x9FF669C0 >"
0x9FF669C1,"WARNING:  Mining Operations is a very dangerous environment.  Authorized personnel ONLY.","< 번역 누락 : 0x9FF669C1 >"
0x9FF769FF,"To Elevator","< 번역 누락 : 0x9FF769FF >"
0x9FF76A00,"Miners!  Remember to sync your RIG!","< 번역 누락 : 0x9FF76A00 >"
0x9FF86A3E,"Mineral Processing Control","< 번역 누락 : 0x9FF86A3E >"
0x9FF86A3F,"Authorized Personnel Only","< 번역 누락 : 0x9FF86A3F >"
0x9FF96A7D,"To Processing Hall","< 번역 누락 : 0x9FF96A7D >"
0x9FF96A7E,"DANGER:  DAMAGE DETECTED","< 번역 누락 : 0x9FF96A7E >"
0x9FFA6ABC,"Mineral Processing Chamber","< 번역 누락 : 0x9FFA6ABC >"
0x9FFA6ABD,"WARNING:  Mining Operations is a very dangerous environment.  Authorized personnel ONLY.","< 번역 누락 : 0x9FFA6ABD >"
0x9FFB6AFB,"Elevator to Other Decks","< 번역 누락 : 0x9FFB6AFB >"
0x9FFB6AFC,"Miners!  Remember to sync your RIG!","< 번역 누락 : 0x9FFB6AFC >"
0x9FFC6B3A,"Equipment Maintenance Bay","< 번역 누락 : 0x9FFC6B3A >"
0x9FFC6B3B,"Gondola Operator Required","< 번역 누락 : 0x9FFC6B3B >"
0x9FFD6B79,"To Elevator","< 번역 누락 : 0x9FFD6B79 >"
0x9FFD6B7A,"WARNING:  Mining Operations is a very dangerous environment.  Authorized personnel ONLY.","< 번역 누락 : 0x9FFD6B7A >"
0x9FFE6BB8,"Repair Room","정 비 실"
0x9FFE6BB9,"Authorized Personnel Only","< 번역 누락 : 0x9FFE6BB9 >"
0x9FFF6BF7,"Equipment Maintenance Bay","< 번역 누락 : 0x9FFF6BF7 >"
0x9FFF6BF8,"Gondola Operator Required","< 번역 누락 : 0x9FFF6BF8 >"
0xA0048F38,"[Aim_Mode]","< 번역 누락 : 0xA0048F38 >"
0xA0407366,"You may have read reports that claim the destruction of a planet can destroy an entire solar system due to the disruption in the gravitation forces that hold each celestial object in orbit. Some of the wilder reports claim this causes the whole system to spin out of control or causes planets to smash into each other. Concerned investors are directed to read the article ""The CEC Pledge to the Health of Our Universe"" for a detailed breakdown of the truths about Planet Cracking. The short answer is: Planet Cracking is perfectly safe and provides an essential service to Earth and the colonies. With all Planet Cracks, the planets are carefully chosen for their mineral content, net worth, and the safety with which they can be dismantled.\n\n","< 번역 누락 : 0xA0407366 >"
0xA0407367,"Planet Cracking is a lengthy process spanning from three to five years. Generally, the first year is spent prospecting and setting up the colony. The second year and a half involves tectonic excavation and related planet-side activities.\n\nThe Planet Cracker class ship arrives between the 2.5 and 3 year mark, depending on the progress of the excavation. Once the ship is in orbit, preparation for tectonic chunk extraction begins. This takes approximately one week.\n\n","< 번역 누락 : 0xA0407367 >"
0xA0407368,"The removal of an excavated chunk from the planet into a stabilized geosynchronous orbit usually takes about 1 day (24 standard hours). During this process, billions of tons of debris break off from the underside of the chunk, creating an instant asteroid ring around the planet. While the floating debris is extremely dangerous, the Planet Cracker ships have an excellent Asteroid Defense System (ADS) to keep the ship and crew safe from harm.\n\nDepending on the size of the planet, this process is repeated until the entire planet has been broken up and processed.\n\n","< 번역 누락 : 0xA0407368 >"
0xA0407369,"ABOUT US\n\nThe CEC is the largest solar mining and extraction company in the Earth colonies. It is also the fifth largest company in terms of market capital. It has become a powerhouse of industrial might and an influential political force. With a generous budget allocated to election spending, CEC has always been able to maintain and improve its market position.\n\nThe CEC owns over 400 deep space vehicles including five Planet Crackers, with the famous USG Ishimura as its flagship. The CEC was the first to develop deep space mining, asteroid catchers and was the first to implement shockpoint drives for commercial use. We are the largest supplier of precious metals.\n\n","< 번역 누락 : 0xA0407369 >"
0xA040736A,"Out of over three dozen Planet Cracks, only one operation has met with less than optimal results. Many may remember the Wanat Disaster 11 years ago wherein a Planet Cracker, three supply ships and a colony were lost due to a gravity tether failure. Since that time, CEC has worked closely with the manufacturers and held crew training lectures to ensure a distaster of this magnitude never happens again.\n\nWe take your financial well-being and the well-being of our employees seriously. When you invest in CEC, you are investing in the future of mankind.\n\n","< 번역 누락 : 0xA040736A >"
0xA05E233B,"COLONY CHAOS","콜 로 니 의 혼 란"
0xA06C4B34,"Slot","< 번역 누락 : 0xA06C4B34 >"
0xA0747941,"Maintenance Storage Room","< 번역 누락 : 0xA0747941 >"
0xA0747942,"DOOR MALFUNCTION!  MANUAL OVERRIDE REQUIRED","< 번역 누락 : 0xA0747942 >"
0xA0757980,"Elevator to Other Decks","< 번역 누락 : 0xA0757980 >"
0xA0757981,"Miners!  Remember to sync your RIG!","< 번역 누락 : 0xA0757981 >"
0xA07679BF,"Extraction Area Left","< 번역 누락 : 0xA07679BF >"
0xA07679C0,"WARNING:  Mining Operations is a very dangerous environment.  Authorized personnel ONLY.","< 번역 누락 : 0xA07679C0 >"
0xA07779FE,"Extraction Area Right","< 번역 누락 : 0xA07779FE >"
0xA07779FF,"WARNING:  Mining Operations is a very dangerous environment.  Authorized personnel ONLY.","< 번역 누락 : 0xA07779FF >"
0xA0787A3D,"Elevator to Asteroid Mining Contol","< 번역 누락 : 0xA0787A3D >"
0xA0787A3E,"Authorized Personnel Only","< 번역 누락 : 0xA0787A3E >"
0xA0797A7C,"Elevator to Mining Operations Deck","< 번역 누락 : 0xA0797A7C >"
0xA0797A7D,"WARNING:  Mining Operations is a very dangerous environment.  Authorized personnel ONLY.","< 번역 누락 : 0xA0797A7D >"
0xA07A7ABB,"Mining Control","< 번역 누락 : 0xA07A7ABB >"
0xA07A7ABC,"Authorized Personnel Only","< 번역 누락 : 0xA07A7ABC >"
0xA07B7AFA,"To Elevator to Mining Operations Deck","< 번역 누락 : 0xA07B7AFA >"
0xA07B7AFB,"Miners!  Remember to sync your RIG!","< 번역 누락 : 0xA07B7AFB >"
0xA07C7B39,"Elevator to Mining Bay","< 번역 누락 : 0xA07C7B39 >"
0xA07C7B3A,"WARNING:  Mining Operations is a very dangerous environment.  Authorized personnel ONLY.","< 번역 누락 : 0xA07C7B3A >"
0xA07D7B78,"To Elevator to Mining Operations Deck","< 번역 누락 : 0xA07D7B78 >"
0xA07D7B79,"Miners!  Remember to sync your RIG!","< 번역 누락 : 0xA07D7B79 >"
0xA095A493,"Find the Crew Key","승무원 열쇠를 찾아라"
0xA0A86B20,"Health Button","회 복 제 사 용"
0xA0B811BA,"Talent Producer","< 번역 누락 : 0xA0B811BA >"
0xA0C2459F,"AIM THE ADS CANNON","A D S 캐 논 조 준"
0xA0F288C2,"Mining Bay","채 굴 작 업 장"
0xA0F288C3,"WARNING:  Mining Operations is a very dangerous environment.  Authorized personnel ONLY.","< 번역 누락 : 0xA0F288C3 >"
0xA0F38901,"To Elevator to Mining Operations Deck","< 번역 누락 : 0xA0F38901 >"
0xA0F38902,"Miners!  Remember to sync your RIG!","< 번역 누락 : 0xA0F38902 >"
0xA0F48940,"Mining Bay","채 굴 작 업 장"
0xA0F48941,"WARNING:  Mining Operations is a very dangerous environment.  Authorized personnel ONLY.","< 번역 누락 : 0xA0F48941 >"
0xA0F5897F,"To Elevator to Mining Operations Deck","< 번역 누락 : 0xA0F5897F >"
0xA0F58980,"Miners!  Remember to sync your RIG!","< 번역 누락 : 0xA0F58980 >"
0xA112B246,"//extras","< 번역 누락 : 0xA112B246 >"
0xA11620E5,"RANGE","거 리"
0xA13F74B3,"[MovementR]","< 번역 누락 : 0xA13F74B3 >"
0xA18C74B3,"CLUTCH DISENGAGED","장치 대기중"
0xA18EF3F7,"Use","사용"
0xA18EF3F8,"Use","사용"
0xA1A1F939,"Are you sure you want to overwrite %1 on storage device %2?","< 번역 누락 : 0xA1A1F939 >"
0xA1AA39A7,"Sandra Voelker","< 번역 누락 : 0xA1AA39A7 >"
0xA1AA39A8,"Craig Brown","< 번역 누락 : 0xA1AA39A8 >"
0xA1BD8434,"[Reload]","< 번역 누락 : 0xA1BD8434 >"
0xA1F16DEA,"Big Spender","< 번역 누락 : 0xA1F16DEA >"
0xA1F563AB,"AIR","산 소"
0xA20D0378,"Unlocked","열 림"
0xA210E45C,"Development Director - Engineering","< 번역 누락 : 0xA210E45C >"
0xA211E4A5,"Additional Engineering","< 번역 누락 : 0xA211E4A5 >"
0xA21B0622,"The elevators leading to the other sub decks of the Bridge are offline.  The controls are in the Security Room.","브릿지 이외의 엘리베이터는 모두 불통이다.조작기는 보안실에 있다"
0xA22D5FA2,"Flares","섬 광"
0xA2860B19,"Remote Pilot the Shuttle","원격으로 우주선을 조종하라"
0xA2A59C22,"LEVEL 5 SUIT","레벨 5 보호복"
0xA2B8FA7A,"Level 4 Suit Schematic","레벨 4 보호복 설계도"
0xA2B92821,"All Rights Reserved. See www.havok.com for details.","< 번역 누락 : 0xA2B92821 >"
0xA2B9A336,"[RIG_Toggle]","< 번역 누락 : 0xA2B9A336 >"
0xA2E980B3,"CAP","< 번역 누락 : 0xA2E980B3 >"
0xA2F0826E,"CHR","< 번역 누락 : 0xA2F0826E >"
0xA309227A,"Fire","발 사"
0xA309227B,"FIRE","< 번역 누락 : 0xA309227B >"
0xA309227C,"SECONDARY","< 번역 누락 : 0xA309227C >"
0xA309227D,"RELOAD","재장전"
0xA309227E,"MELEE","근 접 공 격"
0xA368421C,"Design Development Director","< 번역 누락 : 0xA368421C >"
0xA3704414,"Level Designers","< 번역 누락 : 0xA3704414 >"
0xA373931F,"DMG","< 번역 누락 : 0xA373931F >"
0xA37B9522,"DUR","< 번역 누락 : 0xA37B9522 >"
0xA38731FB,"Change Objective","목 표 변 경"
0xA3A9996C,"Modular circuit board for the tram control computer.","전동차 조종 컴퓨터용 조립식 회로."
0xA3C0BCF2,"Pulse Rounds Schematic","펄스 라운드 설계도"
0xA3F2A2DF,"ENG","< 번역 누락 : 0xA3F2A2DF >"
0xA405417C,"Map Screen","지 도 보 기"
0xA405417D,"MAP TUMBLE","< 번역 누락 : 0xA405417D >"
0xA405417E,"MAP PATHS","< 번역 누락 : 0xA405417E >"
0xA43DF8B4,"Assistant Environment Artist","< 번역 누락 : 0xA43DF8B4 >"
0xA48350FD,"Change Menus","메 뉴 바 꾸 기"
0xA48350FE,"ACCESS SAFE","< 번역 누락 : 0xA48350FE >"
0xA49851D9,"L1","< 번역 누락 : 0xA49851D9 >"
0xA4A83703,"CEC MISSION ER529","CEC 임무 ER529"
0xA4A83704,"USG KELLION EN ROUTE TO AEGIS SYSTEM...","< 번역 누락 : 0xA4A83704 >"
0xA4A83705,"...ISAAC CLARKE - ENGINEERING AND SHIP SYSTEMS SPECIALIST...\n\n...KENDRA DANIELS - COMPUTER SPECIALIST...\n\n...ZACH HAMMOND - CHIEF SECURITY OFFICER...\n","< 번역 누락 : 0xA4A83705 >"
0xA4A83706,"DIRECTIVE A: LOCATE MINING VESSEL USG ISHIMURA...\n","< 번역 누락 : 0xA4A83706 >"
0xA4A83707,"DIRECTIVE B: DIAGNOSE AND REPAIR COMMUNICATIONS BLACKOUT...\n","< 번역 누락 : 0xA4A83707 >"
0xA4A83708,"TIME TO CONTACT POINT: 3 MINUTES...","< 번역 누락 : 0xA4A83708 >"
0xA4B48272,"Upgrade all weapons and equipment","< 번역 누락 : 0xA4B48272 >"
0xA4E1AA28,"There should be a security console nearby where I can run a systems diagnostic check.","시스템진단장치 가까이에 보안장치가 있을 것이다."
0xA501607E,"Dismember enemies to slow them","사지를 잘라내면 적이 느려진다"
0xA590FBD2,"Bring this schematic to the store to unlock the Ripper.","상점에 가져가면 잠금이 해제됩니다."
0xA5C01C85,"Complete Chapter 8 on any difficulty setting","< 번역 누락 : 0xA5C01C85 >"
0xA5D9CEF5,"Bring this schematic to the store to unlock the Flame Fuel.","상점에 가져가면 잠금이 해제됩니다."
0xA65C562E,"Kamakshi Devi Anupoju","< 번역 누락 : 0xA65C562E >"
0xA65C5630,"Kalyan Chakravarthy","< 번역 누락 : 0xA65C5630 >"
0xA65C5631,"Ramaswami Chanduluri","< 번역 누락 : 0xA65C5631 >"
0xA65C5632,"Vinay Kumar Chippa","< 번역 누락 : 0xA65C5632 >"
0xA65C5633,"Phanindra Chitta","< 번역 누락 : 0xA65C5633 >"
0xA65C5634,"Aravind Durgam","< 번역 누락 : 0xA65C5634 >"
0xA65C5635,"Raghavendra Reddy Garlapati","< 번역 누락 : 0xA65C5635 >"
0xA65C5636,"Mohammed Gayas","< 번역 누락 : 0xA65C5636 >"
0xA66BC083,"Portable defibrillator, capable of delivering an electric charge.","전기충격이 용이한 휴대용 제세동기[심폐소생 장치]"
0xA68200F4,"Front Center","중 앙"
0xA68200FD,"Front Left","전방 왼쪽"
0xA6820103,"Front Right","전방 오른쪽"
0xA68E03F1,"Rear Left","후방 왼쪽"
0xA68E03F7,"Rear Right","후방 오른쪽"
0xA6A4C121,"FORCE ENERGY\nSchematic Acquired\nDownload at the Store","포스 에너지 설계도 획득"
0xA6B1AA61,"Saving %1. Please don't turn off your PC.","< 번역 누락 : 0xA6B1AA61 >"
0xA6B827BC,"OBJECTIVE\nCOMPLETE","목 표 완 료"
0xA6C4424A,"RECOVERED FILE FRAGMENTS\nFROM: DR. EANDO DUKAJ\nTO: GENERAL AMBROSE CAIDEN\n(Restricted access - Maximum encryption)\n\nAltman's hasty expulsion from the project is unfortunate. His notes on the Black Marker appear incomplete and our findings thus far have been inconclusive. What notes we have recovered appear to be written in a code of his devising. It will be weeks before we can decipher them. In the meantime, someone has to shut him up. His public outcry about the Marker is more than a nuisance. This is a matter of security.\n\n...\n\n","< 번역 누락 : 0xA6C4424A >"
0xA7010699,"Lift 2","승강기 2"
0xA722A93D,"Clear Radioactive Material","방사능 물질을 제거하라"
0xA749B5FA,"RUN DIAGONISTICS?","< 번역 누락 : 0xA749B5FA >"
0xA7A3BA58,"Ian Milham","< 번역 누락 : 0xA7A3BA58 >"
0xA7AD968E,"LEVEL 3 SUIT\nSchematic Acquired\nDownload at the Store","레벨 3 보호복 설계도 획득"
0xA7AD968F,"LEVEL 4 SUIT\nSchematic Acquired\nDownload at the Store","레벨 4 보호복 설계도 획득"
0xA7AD9690,"LEVEL 5 SUIT\nSchematic Acquired\nDownload at the Store","레벨 5 보호복 설계도 획득"
0xA7DE1DB3,"MIN","< 번역 누락 : 0xA7DE1DB3 >"
0xA85FD620,"KP -","< 번역 누락 : 0xA85FD620 >"
0xA8A15AEB,"Increases Inventory slots and Armor.","가방의 용량과 방어력이 증가한다."
0xA8B4B943,"Bring this schematic to the store to unlock the Level 4 Suit.","상점에 가져가면 잠금이 해제됩니다."
0xA98BCB71,"A Cut Above","< 번역 누락 : 0xA98BCB71 >"
0xA99329D6,"COME ONBOARD","마 커 선 적"
0xA9AA6558,"Lead Gameplay Engineer","< 번역 누락 : 0xA9AA6558 >"
0xA9B18B27,"To Flight Hangar","< 번역 누락 : 0xA9B18B27 >"
0xA9B18B28,"Thank you for visiting the USG Ishimura","< 번역 누락 : 0xA9B18B28 >"
0xA9B28B66,"To Tram Station","< 번역 누락 : 0xA9B28B66 >"
0xA9B28B67,"Please collect any belongings you have brought on board","< 번역 누락 : 0xA9B28B67 >"
0xA9B38BA5,"Security Panel Access","< 번역 누락 : 0xA9B38BA5 >"
0xA9B38BA6,"Authorized Engineers Only","< 번역 누락 : 0xA9B38BA6 >"
0xA9B48BE4,"Flight Lounge","대 합 실"
0xA9B48BE5,"Please stow all tools and torches","< 번역 누락 : 0xA9B48BE5 >"
0xA9B58C23,"To Elevator","< 번역 누락 : 0xA9B58C23 >"
0xA9B58C24,"Emergency Access to Workshops and Tram Control","< 번역 누락 : 0xA9B58C24 >"
0xA9B68C62,"Flight Lounge","대 합 실"
0xA9B68C63,"Please stow all tools and torches","< 번역 누락 : 0xA9B68C63 >"
0xA9B78CA1,"Elevator","< 번역 누락 : 0xA9B78CA1 >"
0xA9B78CA2,"Emergency Access to Workshops and Tram Control","< 번역 누락 : 0xA9B78CA2 >"
0xA9B88CE0,"To Flight Lounge","< 번역 누락 : 0xA9B88CE0 >"
0xA9B88CE1,"Please stow all tools and torches","< 번역 누락 : 0xA9B88CE1 >"
0xA9B98D1F,"To Flight Lounge","< 번역 누락 : 0xA9B98D1F >"
0xA9B98D20,"Please stow all tools and torches","< 번역 누락 : 0xA9B98D20 >"
0xA9BB0361,"[RDUp]RESET","< 번역 누락 : 0xA9BB0361 >"
0xA9BC7BBB,"Bring this schematic to the store to unlock the Pulse Rounds.","상점에 가져가면 잠금이 해제됩니다."
0xA9F2D784,"Force Energy Schematic","포스 에너지 설계도"
0xAA2E9A69,"To Tram Control Room","< 번역 누락 : 0xAA2E9A69 >"
0xAA2E9A6A,"Authorized Personnel only. Please have ID ready.","< 번역 누락 : 0xAA2E9A6A >"
0xAA2F9AA8,"To Flight Lounge","< 번역 누락 : 0xAA2F9AA8 >"
0xAA2F9AA9,"Please stow all tools and torches","< 번역 누락 : 0xAA2F9AA9 >"
0xAA309AE7,"To Tram Control Room","< 번역 누락 : 0xAA309AE7 >"
0xAA309AE8,"Authorized Personnel only. Please have ID ready.","< 번역 누락 : 0xAA309AE8 >"
0xAA319B26,"To Flight Lounge","< 번역 누락 : 0xAA319B26 >"
0xAA319B27,"Please stow all tools and torches","< 번역 누락 : 0xAA319B27 >"
0xAA329B65,"Tram Control Room","전동차 조종실"
0xAA329B66,"Certified Tram Operators only.","< 번역 누락 : 0xAA329B66 >"
0xAA339BA4,"To Flight Lounge","< 번역 누락 : 0xAA339BA4 >"
0xAA339BA5,"No live tools beyond this point","< 번역 누락 : 0xAA339BA5 >"
0xAA33D9BD,"Use the ADS Cannon to Clear the Blast Doors","ADS캐논으로 방화문을 확보하라"
0xAA349BE3,"Cargo Hallway","화 물 실 복 도"
0xAA349BE4,"Danger:  Automated Cargo Track","< 번역 누락 : 0xAA349BE4 >"
0xAA359C22,"Tram Control Room","전동차 조종실"
0xAA359C23,"Certified Tram Operators only","< 번역 누락 : 0xAA359C23 >"
0xAA369C61,"Cargo Hallway","화 물 실 복 도"
0xAA369C62,"Danger:  Automated Cargo Track","< 번역 누락 : 0xAA369C62 >"
0xAA379CA0,"Tram Control Room","전동차 조종실"
0xAA379CA1,"Certified Tram Operators only","< 번역 누락 : 0xAA379CA1 >"
0xAA506A3A,"REL","< 번역 누락 : 0xAA506A3A >"
0xAA596C6C,"RNG","< 번역 누락 : 0xAA596C6C >"
0xAA684322,"Load Damage Report?","피 해 보 고 실 행?"
0xAAA0E065,"From bad to worse.  We're no longer going to crash, but we're going to get smashed to pieces by the asteroid field surrounding the planet.  I've got to get to the Bridge and meet up with Hammond.","끝이 없다.그야말로 산넘어 산이로군."
0xAAACA9EA,"Tram Tunnel","전 동 차 터 널"
0xAAACA9EB,"Warning: Live Tramway","< 번역 누락 : 0xAAACA9EB >"
0xAAADAA29,"Maintenance Bay","관 리 구 역"
0xAAADAA2A,"Authorized Repair Personnel Only","< 번역 누락 : 0xAAADAA2A >"
0xAAAEAA68,"Tram Tunnel","전 동 차 터 널"
0xAAAEAA69,"Warning: Live Tramway","< 번역 누락 : 0xAAAEAA69 >"
0xAAAFAAA7,"Cargo Hallway","화 물 실 복 도"
0xAAAFAAA8,"Danger:  Automated Cargo Track","< 번역 누락 : 0xAAAFAAA8 >"
0xAAB0AAE6,"Tram Station Hall","정 거 장 현 관"
0xAAB0AAE7,"WARNING: DOOR MALFUNCTION DETECTED.  USE STASIS BEFORE SERVICING","< 번역 누락 : 0xAAB0AAE7 >"
0xAAB1AB25,"Tram Tunnel","전 동 차 터 널"
0xAAB1AB26,"WARNING: DOOR MALFUNCTION DETECTED.  USE STASIS BEFORE SERVICING","< 번역 누락 : 0xAAB1AB26 >"
0xAAB2AB64,"Tram Tunnel","전 동 차 터 널"
0xAAB2AB65,"Warning: Live Tramway","< 번역 누락 : 0xAAB2AB65 >"
0xAAB3ABA3,"Tram Repair Room","정 비 실"
0xAAB3ABA4,"Qualified Tram Repair Operators Only","< 번역 누락 : 0xAAB3ABA4 >"
0xAAB4ABE2,"Tram Station Hall","정 거 장 현 관"
0xAAB4ABE3,"Authorized Personnel only. Please have ID ready.","< 번역 누락 : 0xAAB4ABE3 >"
0xAAB5AC21,"Cargo Room","화 물 실"
0xAAB5AC22,"SECURED BY ORDER OF CAPTAIN MATHIUS","< 번역 누락 : 0xAAB5AC22 >"
0xAAC3B74A,"I need a mobile loading platform to move the Marker.  There should be one attached to the track somewhere around here.","마커를 옮기려면 운반기가 필요하다."
0xAAD97C68,"SPD","< 번역 누락 : 0xAAD97C68 >"
0xAB070A63,"[MenuA_InGame]","< 번역 누락 : 0xAB070A63 >"
0xAB070A64,"[MenuB_InGame]","< 번역 누락 : 0xAB070A64 >"
0xAB2AB96B,"Tram Station Hall","정 거 장 현 관"
0xAB2AB96C,"Authorized Personnel only. Please have ID ready.","< 번역 누락 : 0xAB2AB96C >"
0xAB2BB9AA,"Tram Station","정 거 장"
0xAB2BB9AB,"Please stow all tools and torches","< 번역 누락 : 0xAB2BB9AB >"
0xAB2CB9E9,"Tram Station Hall","정 거 장 현 관"
0xAB2CB9EA,"Authorized Personnel only. Please have ID ready.","< 번역 누락 : 0xAB2CB9EA >"
0xAB2DBA28,"To Flight Lounge","< 번역 누락 : 0xAB2DBA28 >"
0xAB2DBA29,"Thank you for visiting the USG Ishimura","< 번역 누락 : 0xAB2DBA29 >"
0xAB2EBA67,"Cargo Hallway","화 물 실 복 도"
0xAB2EBA68,"Danger:  Automated Cargo Track","< 번역 누락 : 0xAB2EBA68 >"
0xAB2FBAA6,"Maintenance Bay","관 리 구 역"
0xAB2FBAA7,"Authorized Repair Personnel Only","< 번역 누락 : 0xAB2FBAA7 >"
0xAB30BAE5,"Bay Office","사 무 실"
0xAB30BAE6,"CEC Officers Only, Please","< 번역 누락 : 0xAB30BAE6 >"
0xAB31BB24,"Elevator to Crane Control","< 번역 누락 : 0xAB31BB24 >"
0xAB31BB25,"Certified Crane Operators Only","< 번역 누락 : 0xAB31BB25 >"
0xAB32BB63,"Elevator to Main Bay","< 번역 누락 : 0xAB32BB63 >"
0xAB32BB64,"Authorized Repair Personnel Only","< 번역 누락 : 0xAB32BB64 >"
0xAB33BBA2,"To Tram Station","< 번역 누락 : 0xAB33BBA2 >"
0xAB33BBA3,"Welcome to the USG Ishimura","< 번역 누락 : 0xAB33BBA3 >"
0xAB49D49E,"Kill 30 enemies with the Force Gun","포스건으로 적 30명 제거"
0xAB531866,"Stasis Gun","감 속 장 비"
0xAB789A9A,"Unable to save %1.\nRetry or Continue without Saving?","< 번역 누락 : 0xAB789A9A >"
0xAB9AD435,"< > Select    ^ ! Scroll   (A) View Selected  (B) Back","< 번역 누락 : 0xAB9AD435 >"
0xABA8C8EC,"Flight Lounge","대 합 실"
0xABA8C8ED,"Thank you for visiting the USG Ishimura","< 번역 누락 : 0xABA8C8ED >"
0xABA9C92B,"Flight Lounge","대 합 실"
0xABA9C92C,"Welcome to the USG Ishimura","< 번역 누락 : 0xABA9C92C >"
0xABAAC96A,"Flight Hangar","격 납 고"
0xABAAC96B,"Thank you for visiting the USG Ishimura","< 번역 누락 : 0xABAAC96B >"
0xABABC9A9,"Runway 2","< 번역 누락 : 0xABABC9A9 >"
0xABABC9AA,"Manifest Passengers only beyond this point","< 번역 누락 : 0xABABC9AA >"
0xABACC9E8,"Flight Lounge","대 합 실"
0xABACC9E9,"Welcome to the USG Ishimura","< 번역 누락 : 0xABACC9E9 >"
0xABADCA27,"Runway 2","< 번역 누락 : 0xABADCA27 >"
0xABADCA28,"Manifest Passengers only beyond this point","< 번역 누락 : 0xABADCA28 >"
0xABAECA66,"To Control Room","< 번역 누락 : 0xABAECA66 >"
0xABAECA67,"Authorized Personnel only. Please have ID ready.","< 번역 누락 : 0xABAECA67 >"
0xABAFCAA5,"Flight Hangar","격 납 고"
0xABAFCAA6,"Please stow all tools and torches","< 번역 누락 : 0xABAFCAA6 >"
0xABB0CAE4,"To Control Room","< 번역 누락 : 0xABB0CAE4 >"
0xABB0CAE5,"Manifest Passengers only beyond this point","< 번역 누락 : 0xABB0CAE5 >"
0xABB1CB23,"Service Areas","< 번역 누락 : 0xABB1CB23 >"
0xABB1CB24,"Authorized Personnel only. Please have ID ready.","< 번역 누락 : 0xABB1CB24 >"
0xAC149751,"Audio Engineers","< 번역 누락 : 0xAC149751 >"
0xAC26D86D,"To Control Room","< 번역 누락 : 0xAC26D86D >"
0xAC26D86E,"Authorized Personnel only. Please have ID ready.","< 번역 누락 : 0xAC26D86E >"
0xAC27D8AC,"Flight Hangar","격 납 고"
0xAC27D8AD,"Authorized Personnel only. Please have ID ready.","< 번역 누락 : 0xAC27D8AD >"
0xAC28D8EB,"Control Room A","< 번역 누락 : 0xAC28D8EB >"
0xAC28D8EC,"Authorized Personnel only. Please have ID ready.","< 번역 누락 : 0xAC28D8EC >"
0xAC29D92A,"To Flight Hangar","< 번역 누락 : 0xAC29D92A >"
0xAC29D92B,"Authorized Personnel only. Please have ID ready.","< 번역 누락 : 0xAC29D92B >"
0xAC2AD969,"Control Room B","< 번역 누락 : 0xAC2AD969 >"
0xAC2AD96A,"Flight Controllers Only","< 번역 누락 : 0xAC2AD96A >"
0xAC2BD9A8,"Control Room A","< 번역 누락 : 0xAC2BD9A8 >"
0xAC2BD9A9,"Authorized Personnel only. Please have ID ready.","< 번역 누락 : 0xAC2BD9A9 >"
0xAC5EB6C1,"Gameplay Engineering","< 번역 누락 : 0xAC5EB6C1 >"
0xAC8C1F3F,"Emergency: geo-orbital gravity tethers offline. Tectonic load released. Impact imminent. Evacuate this area immediately.","< 번역 누락 : 0xAC8C1F3F >"
0xACB15FCD,"CONTROLS OFFLINE","< 번역 누락 : 0xACB15FCD >"
0xACCAB8B3,"WID","< 번역 누락 : 0xACCAB8B3 >"
0xACD69606,"DEACTIVATE","작 동 중 지"
0xAD272C3C,"Complete Chapter 10 on any difficulty setting","< 번역 누락 : 0xAD272C3C >"
0xAD2DC8A5,"Z-BALL RULES","무 중 력 농 구 요 령"
0xAD450A3D,"Plant the Beacon","신호기를 설치하라"
0xAD795D56,"RIG Mode Controls","R I G 키 설 정"
0xADADDF43,"Sprint","달 리 기"
0xADDBCD43,"RELAY CIRCUIT (SPD)","< 번역 누락 : 0xADDBCD43 >"
0xADDBCD44,"This will upgrade your SPEED by %g sec.","< 번역 누락 : 0xADDBCD44 >"
0xAE14628A,"Devlopment QA Assistant Lead","< 번역 누락 : 0xAE14628A >"
0xAE5B9648,"HAMMOND RETURNS","헤 먼 드 복 귀"
0xAE5E0473,"Dead Space","데드 스페이스"
0xAE73FC1D,"INFECTED SOLDIERS","감 연 된 군 인"
0xAE7CB982,"Bret Robbins","< 번역 누락 : 0xAE7CB982 >"
0xAEA3EEB0,"CLAMP CONTROL","고정 장치 조종"
0xAEA86F06,"Development QA Testers","< 번역 누락 : 0xAEA86F06 >"
0xAEFA1FCC,"GOT THE POISON","독 극 물 입 수"
0xAF1285A1,"CROSS REPORT 4","크 로 스 의 기 록 4"
0xAF2616A0,"I finally convinced Jurgens to show me the video feed from the colony.  And what I saw was glorious.  Breathtaking.  Miners undergoing a transformation into something extraordinary.  I must know more.  Even as the believer within me wants to become one of them, the scientist needs to uncover their secrets.  I need to study one of these... necromorphs, as Kyne so clinically puts it.  I need to witness this infection first hand.  Perhaps that patient from the colony...","주르겐스를 겨우 설득해서 콜로니의 영상을 보았다.실로 숨이막힐 정도로 대단했다.광부들이 기이한 것으로 변하고 있었다.더 알아내야겠어.나의 믿음 마저도 저들처럼 되기를 원하고 있다.과학자라면 저 비밀을 풀어야만 한다.하나라도 연구해볼 필요가 있어…네크로모프.카인이 임상실험을 한다던데.감염을 직접 봐야겠어.아마도 저 환자가 콜로니에서 온…"
0xAF2616D4,"You found something down there, didn't you?","저 아래에서 뭔가 발견했군,안그래?"
0xAF558730,"LOCKED","잠 김"
0xAF8CB8CA,"Ready","준 비"
0xAF98A950,"KYNE AND THE CAPTAIN","카 인 과 선 장"
0xAFA225D7,"You can't stand in the way of God's plan... The natural order... Are you... Are you blind, like the rest?","신의 계획 앞에 저항할수는 없어…이건 자연의 섭리야…네놈도…다른 놈들처럼 눈이 먼거냐？"
0xAFA325E2,"Personal log, Dr. Challus Mercer. I now have a live subject for my study. I'm eager to validate my tissue regeneration theory.  Initial restraint was problematic, but now the patient is resting comfortably.  HE trusts me, Doctor Kyne. He puts his life in MY hands! He knows his part in all of this, understands what I'm doing! The forehead has been swabbed clean and marked...","개인기록.챌러스 머서 박사. 연구를 위한 살아있는 실험체를 입수했다.나의 조직재생이론을 입증하고자 한다.처음 억제가 문제지만 지금 환자는 나를 믿고 편안히 쉬고있다.카인 박사가 자신의 생명을 내손에 맡겼다.박사는 자신의 역할을 알고있고 나의 의도를 이해하고 있다.이마를 깨끗이 닦고 표시를…"
0xAFA325E4,"...and I am now attempting to create a passage to insert the sample tissue into...","…이제 샘플조직을 넣을 구멍을 만들어야…"
0xAFA325E6,"What ARE you doing? Your fight for survival is admirable but pointless. And yet you keep on going. It almost makes me think that we had hope, as a species. Am I the only one who sees that we have died out a long time ago? We just haven't accepted it yet. Stop running. Stop your struggle. Our future, your future, the future of our race, ends here. Allow me to introduce you to humanity's child. The children that will replace us. Our greatest creation.","무슨짓인가?생존을 위한 싸움이야 칭찬할만 하지만 부질없는 짓이야.그래도 계속 하겠지.그런 면이 종으로서 아직 희망이 있다고 생각하는가.나만이 인류가 먼옛날 멸종했단걸 목격한 유일한 사람이란 말인가?아직은 납득할 수 없겠지.저항을 멈춰.우리의 미래,너와 인류의 미래는 여기서 끝이야.인류의 자손을 소개하지.우리를 대신할 아이들이다.우리의 위대한 창조물."
0xAFA325E8,"Your persistence surprises me. Holding on to your final breath, you claw your way along! You hold onto what was once your world. But now, it belongs to the children. Be glad of the knowledge that your death... will bring their birth!  Listen! Can you hear it? It is coming. Say your prayers.","고집이 강하군.마지막 한숨까지 잡아,고생길 일테니!한낱 과거였던 세상에 그렇게나 집착하다니.허나 이제는 아이들의 것.설레여 미치겠어.네놈의 죽음이…아이들의 탄생을 가져올테니.들리나,죽음이 다가오는게? 기도나 하거라."
0xAFA325EA,"Personal log, Doctor Challus Mercer. The specimen continues to respond well to my experiments. Its cellular fortitude, not to mention elasticity, is remarkable. Doctor Kyne, I am sure, would disapprove. But I do not anticipate that issue, as the good doctor is busying himself with the Marker... As if that matters now! He has also succumbed to the same dementia that afflicted the colony. Only yesterday, he told me he had spoken to his wife... but Amelia Kyne has been dead for some years.","개인기록.챌러스 머서 박사.표본이 실험에 잘 반응하고 있다.세포의 자생력은 두말할것도 없이 놀랍다.카인 박사는 확실히 불만일 것이야.하지만 거기에 미리 걱정하지는 않는다.그 훌륭하신 박사께서는 마커 일로 바쁘시니까…설사 당장 문제가 되더라도 콜로니인들과 같은 정신착란에 시달리고 있지.바로 어제,자기 아내와 이야기했다고…허나 아멜리아 카인은 몇년전에 죽었다."
0xAFA32612,"My subject grows restless. Patience. Your time is soon. Very soon.","나의 실험체는 쉴새없이 성장하고 있다.참아라.곧 너의 시대다.이제 곧."
0xAFA32613,"This has gone far enough! Accept your part in god's plan! Embrace your own extinction!","이건 도가 지나치군!신의 뜻을 받아 들여라.자신의 소멸을 받아 들여."
0xAFA42625,"I'm beginning to truly admire your spirit, misplaced as it may be! I think... I think you should see... The whole plan.  You should not spurn the Hive Mind's offerings.  You deserve to witness that, at least.","그대의 의지는 존경스럽군.잘못된 곳에 있지만 말야.아마도…내 생각에…모든 계획을 아는 건가…하이브 마인드의 선물을 거부해선 안돼.적어도 그대는 지켜볼 자격이 있어."
0xAFA42626,"Perhaps now you will understand. The work I have done must continue... will continue! I, Dr. Challus Mercer, shall serve as the catalyst to the salvation of our species!  These specimens will return to Earth with me. I will spread their divine glory across the entire planet! I'll leave you with my creation.  Embrace the inevitable.","아마도 이젠 그대도 이해할거야.내가 해온 일들은 반드시 계속…돼야해.나,챌러스 머서 박사는 우리 종의 구원을 위한 기폭제로서 이바지하리니.이 표본들은 나와 함께 지구로 돌아갈 것이다.온누리에 신의 영광을!나의 창조물과 함께 하라.운명을 받아들여."
0xAFB10F25,"TEMPLE REPORT 5","템 플 의 보 고 5"
0xAFC211EC,"[RStick]","< 번역 누락 : 0xAFC211EC >"
0xAFEE964D,"Bring this schematic to the store to unlock the Force Energy.","상점에 가져가면 잠금이 해제됩니다."
0xAFF42A85,"What do you cling to when all must seem so utterly hopeless around you? Dr. Cross was a true believer. She had faith. And now she awaits her transformation. Her rebirth. Are you ready to ascend, Mr. Temple? Of course you are. Have no fear. You will play your part soon enough. Witness the conviction of a true believer! They are ready! Take them! Embrace them!","가망이 전혀 없을때 무엇에 매달리겠나?크로스 박사야 말로 진정한 신봉자였지.그래서 지금 변화를,자신의 부활을 기다리는 거야.진화의 준비는 되어있나,템플?물론 그렇겠지.두려움이 없어.너는 곧 자신의 역할을 다하게 될거야.진정한 신봉자임을 증명해. 준비가 되었습니다.데려가소서.받아주소서!"
0xAFF52A94,"How can you be turning away from the Church in this vital hour. Do not abandon your faith! What's happening on the colony is not a tragedy. It is God's work!","이런 중대한 시기에 어떻게 교회를 외면할 수 있겠는가.그대들의 신념을 버리지 마라!콜로니에서 일어난 일은 비극이 아니다.신의 뜻이다!"
0xAFF52A95,"The truth is even more fantastic! On the planet below us, we have found a Marker!","진실은 더욱더 환상적이다!우리의 발밑에서 우리는 마커를 발견했다!"
0xAFF52A96,"Can't you see, god's plan is unfolding, and we are its inheritors! We will ascend, as we always knew we would! UNITOLOGY IS TRUTH! And your death is the first phase of this transformation.","보이지 않는가,신의 계획이 펼쳐졌다.우리가 그 후계자들이다!항상 그래 왔듯 우리는 진화하리라!유니톨로지가 진리다!그대들의 죽음이 이 변화의 첫걸음이다."
0xAFF52A97,"Do not be deterred by the physical methods of transformation. Soon, you will be beyond any physical concerns! You must have faith in the procecss.","육체의 변화에 단념은 금물이다.이내 육체에 대한 중시를 초월할테니!필연적 과정임을 믿어야만 한다."
0xAFF52ABF,"Where are you going? You fools! This is what we've been searching for all these years! This is what we have been waiting for. Don't listen to them! Come back! COME BACK!!!","어디로 가는가?멍청한 놈들!이거야 말로 우리가 그토록 찾던 것이다.우리가 그토록 기다리던 것이다.그놈들 말은 듣지마! 돌아와라,돌아와!"
0xAFF52AC0,"This time there will be no escape for you, my friend. You have been most resourceful up until now, but my creation is free, reborn in the fierce heat of life itself! Now it's time to play your part...","이번에는 더 이상 달아날 곳이 없을 거야,친구. 지금까지는 정말 대단한 능력을 보여주었지만 나의 작품이 자유를 찾았다. 스스로 생명의 격렬한 열 속에서 다시 태어났다! 이제는 너의 역할을 수행 할 시간이다……"
0xAFF62AD4,"Your time has come. No need to be frightened! No reason to fight!  Many have gone before us, and now it's time for us to take the voyage together, transcend death... and let the future take its course. Join me, as I gaze upon the face of God!","때가 되었다. 두려워 할 필요는 없다! 싸울 이유도! 우리 보다 수 많은 사람들이 먼저 떠났다.이제는 우리가 그 여행을 함께 할 시간이다.죽음을 초월하여… 미래를 받아들여라.나와 함께하라. 신의 얼굴을 보러 가는 것이야!"
0xB00AF9A4,"Burnout Ultimate Paradise","< 번역 누락 : 0xB00AF9A4 >"
0xB0563ABD,"Go to the Mining Deck","채굴구역으로 이동하라"
0xB06016A2,"Mercer got away.  I can only hope one of his beloved necromorphs finds him before I do.  Now that I've got the poison, it's time to go to the Hydroponics deck and kill that Leviathan creature before the air is totally contaminated.","재배구역으로 가서 독극물로 괴물을 제거해야한다."
0xB08F1BB9,"\nRecover Marker 3A.\nCleanse USG Ishimura and planetary mining operation by most thorough means.\nUse of nuclear capabilities authorized and advised. Ensure deep cleansing. No exceptions.\nFull debrief on return. This mission classed DENIABLE and STRICTLY NEED TO KNOW.\nNOTES:\nCadigan -\nI can't stress enough how much weight the brass is giving this. I wish I could tell you more, but you know how it is. Just know that the whole Earth Council is counting on you, and there could be a promotion waiting for you afterward. Remember, this is totally deniable. Destroy this log before you return.\n- Huang","< 번역 누락 : 0xB08F1BB9 >"
0xB0A74AF2,"Keith Jamerson","< 번역 누락 : 0xB0A74AF2 >"
0xB0D729E0,"Speakers","스 피 커"
0xB10EC225,"VIDEOLOG\nADDED","< 번역 누락 : 0xB10EC225 >"
0xB17704B7,"Meet Hammond on the Bridge","브릿지에서 해먼드를 만나라"
0xB1999732,"SHOCK PAD","충 격 기"
0xB1AFCCE6,"PROXIMITY ERROR!","접근 오류!"
0xB1AFCCE7,"No adjacent node detected! Unable to process request","인접한 노드가 없습니다!"
0xB1C21747,"Line Ammo Schematic","라인 건 탄약 설계도"
0xB1C9174D,"Down Arrow","방향키 아래"
0xB247172B,"Press Any Key","아 무 키 나 누 르 시 오"
0xB26D233C,"16","< 번역 누락 : 0xB26D233C >"
0xB273B1B8,"POWER CELL DISENGAGED","< 번역 누락 : 0xB273B1B8 >"
0xB286563D,"What in god's name is going on down there?","저 아래에 무슨 일이 일어나고 있는지 아십니까?"
0xB286563F,"I'm not so sure of that... We have to assume that the colony's problems are somehow connected to the Marker.","확신이 서질 않습니다… 우린 마커와 연관된 콜로니 문제를 책임져야만 합니다."
0xB2865641,"God moves in mysterious ways...","신의 뜻이란 참으로 묘하군요…"
0xB2865643,"Worried? Captain, people are dying down there. Killing each other. Is this madness the ""transformation"" Unitology teaches us? ","< 번역 누락 : 0xB2865643 >"
0xB286566C,"That's what worries me. ","그래서 걱정이란 말입니다."
0xB2865671,"Yes...we found something.","그래… 뭔가 찾긴 찾았지."
0xB28756B0,"Science log, Chief Science Officer Dr. Kyne reporting. The colony's problems concern me greatly. I have no doubt they are somehow linked to discovery of the marker, but the exact nature of that connection is still unknown. Almost 40 percent of the colonists are experiencing a form of dementia. The obvious symptoms are acute depression, insomnia and hallucination.  Incidence of violence and even murder also indicate extreme paranoia.  Dr. Mercer has advised that I bring some of the affected on board for study.  Dr. Welland, the planetside psychiatrist, has reported that his own analysis has been fruitless. I'm hesitant to rely on Dr. Mercer at this point, but I need his expertise. We need solutions and we need them quickly.","연구기록.수석과학자 카인박사 보고.콜로니의 문제로 무척이나 괴롭다.그 사람들이야 어찌됐든 마커의 발견과 연관된건 분명하다.하지만 이 연관성의 본질은 아직도 모르겠다.거의 절반에 가까운 콜로니인들이 일종의 정신이상을 겪고있다.확실한 증상은 우울증과 불면증,환각이다.폭력은 물론 살인발생률 또한 극도의 망상증을 겪고있단걸 보여주고 있다.머서 박사의 조언대로 연구를 위해 영향력 있는 과학자 몇명을 승선시켰다.행성관련 정신학자인 웰런드박사는 자신의 분석이 무의미하다고 보고했다.이 시점에서 내키진 않지만 머서박사의 전문기술이 필요하다.우리에겐 하루라도 빨리 해법이 필요하다."
0xB29C0830,"\n","< 번역 누락 : 0xB29C0830 >"
0xB2C02EBE,"Impossible","불 가 능"
0xB2D75AAE,"Settle down, Ben. Hold him! By maritime law article 5469 I hereby declare Captain Benjamin Mathius unfit for duty.","진정하십시오,선장님.붙잡아! 해양법 5469조에 의거해 벤자민 머싸이어스 선장의 직무해임을 선언한다."
0xB2D75AB1,"I'm sorry, Ben, but I can't let you do this.","송구합니다.선장님.하지만 저도 어쩔수 없습니다."
0xB2D75ADC,"Hold his head!","머리를 잡아!"
0xB2D85AE8,"No! It was an accident! I had to stop him...","아냐,이건 사고였어.난 진정시키려고…"
0xB2D9C3AB,"Stefano Mozzi","< 번역 누락 : 0xB2D9C3AB >"
0xB2D9C3AC,"Daniele Sacco","< 번역 누락 : 0xB2D9C3AC >"
0xB2EC44B9,"MERCER'S LAST SERMON","머 서 의 마 지 막 설 교"
0xB2F6B164,"[LDDown]","< 번역 누락 : 0xB2F6B164 >"
0xB3166F64,"Brian Burke","< 번역 누락 : 0xB3166F64 >"
0xB3166F65,"Addison Eisenbarth-Debolt","< 번역 누락 : 0xB3166F65 >"
0xB3166F66,"Cameron Folds","< 번역 누락 : 0xB3166F66 >"
0xB3166F67,"Jeep Naarkom","< 번역 누락 : 0xB3166F67 >"
0xB3166F68,"Neal Thibodeaux","< 번역 누락 : 0xB3166F68 >"
0xB3166F69,"Shane Ushiyama","< 번역 누락 : 0xB3166F69 >"
0xB3166F6A,"Mang Vue","< 번역 누락 : 0xB3166F6A >"
0xB3166F6B,"Ryan Walker","< 번역 누락 : 0xB3166F6B >"
0xB3166F6C,"Kyle Winkelman","< 번역 누락 : 0xB3166F6C >"
0xB326BAA8,"There's some thermite stored near the Main Lab.  A small amount of that, plus a timed electrical charge, and I should be able to blow through that barricade.","주연구실 가까이에 폭약이 보관되어 있다."
0xB34E6871,"Get back! Come any closer and... and I'll shoot him! Give me the access codes to the cargo bay!","오지마!누구든 가까이 오면… 이놈을 쏘겠다!화물실 접속코드를 넘겨!"
0xB34E6873,"Don't lie to me! I'm sick of everyone lying to me! It is imperative that I get the marker! Give me those codes!","거짓말!네놈들 거짓말은 지긋지긋해! 마커는 처음부터 내꺼었단 말이다.코드를 내놔!"
0xB34E6875,"IDIOTS! It's the only way to stop it... The only way to end this!","바보놈들!멈추려면 이럴수 밖에는…끝장내버릴 유일한 방법이란 말이다!"
0xB34F4EE6,"CREATING THE POISON","독 극 물 제 조"
0xB3514396,"Chapter 7: Into the Void","< 번역 누락 : 0xB3514396 >"
0xB35369B2,"Mr. Clarke! I need to speak with you... My name is Terrance Kyne... Doctor Kyne. Listen to me, there isn't much time... If you really can repair the shuttle... there is a better use for it than just running away. You must understand, the forces at work here are... greater than you can imagine. If you leave now...you condemn all humanity! The planet will never stop, never rest, unless the Marker is returned. Don't you see? The Church is wrong! This is all a trap! I've seen it... Please, you must help me!","아이작!중요한 얘기가 있다…나는 테런스 카인 박사야.시간이 없으니 잘들어…정말 그 우주선을 고칠 수 있다면… 그냥 달아나는 것 보다 중요한 일이 있네. 꼭 명심하게. 여기서 작용하는 힘은… 자네가 상상할 수도 없을 만큼 훨씬 대단하니까. 지금 가버리면… 인류를 비난할 것이야! 행성은 마커가 돌아오지 않는 한 절대 멈추지도 쉬지도 않아. 모르겠나? 교회가 틀렸다는 걸! 모든 게 함정이야! 난 보았어… 제발… 자네 도움이 꼭 필요하네!"
0xB3546A1D,"Mr. Clarke! I really... must speak with you! I'm very close to your position, and... and I know you'll want to hear what I have to say. I can explain all this! I know what happened!","아이작! 정말… 꼭 말해야 할 것이 있어! 지금 아주 가까운 곳에 있는데… 틀림없이 내가 무슨 이야기를 할 지 궁금할 거야.내가 모든 걸 설명해 줄 수 있어! 나는 무슨 일이 일어났었는 지 아니까 말이야!"
0xB3546A1E,"When you have the Nav cards, I'll let you into the Security Station.  We must talk. Hurry!","운항 카드를 구하는 데로 보안 구역에 들여보내 주겠네. 우린 얘길 해야 해. 서둘러!"
0xB3546A20,"Amelia? No...No no NO NO! The shuttle is mine. I control access to the shuttle! If it could make the journey... I could fix everything... I'm sorry, Mr. Clarke. Unless you can prove to me you can get it space worthy again, I'm afraid I can't let you through. I need to know you're on my side!","아멜리아? 안돼…안돼 안돼 안돼! 우주선은 내꺼야.내 허락 없인 안돼! 여행이라도 했더라면… 모든 걸 바로 잡았을 텐데… 미안하게 됐네,아이작. 난 자네가 다시 우주 항해를 견딜 수 있을 지 확신이 없는 한 보내줄 수 없었어. 자네가 내 편인 지 알아야 했어!"
0xB3556A5D,"Excellent work, Mr. Clarke! Excellent work. Now... come and meet me in the Executive area. The door is unlocked. Be quick. ","정말 잘 했어,아이작! 정말 훌륭해. 이제… 간부 구역으로 오면 나와 만날 수 있어. 문은 열려 있으니. 서둘러."
0xB3556A5F,"Ameila, I knew that you would know what to do, I knew, I love you so... You made it! Thank god, you made it... I've been following your progress. I know you want to repair the Executive shuttle and  leave this place, but... Escape is impossible at this point. The... the shuttle's shockpoint drive is destroyed.   No no no no no no no, don't lose hope! Don't lose hope... At first I lost hope, I tried to scuttle the ship, sabotage the systems... but Amelia... she changed things. The church! They think the Marker is divine, but they don't know what's happened here! What's been released! Look, look, look... Look at this:","< 번역 누락 : 0xB3556A5F >"
0xB3566A69,"That is what we found, in the core of the planet... Mercer calls it the Hive Mind.  It's the source...controlling the necromorphs telepathically! We were so STUPID! But Amelia, she knew! She knew it could be stopped... by returning the Marker to the planet!  The Marker was containing it within the planet.  Return the Marker, and seal the Hive Mind! Please, I'm sorry Amelia... I bear much of the responsibility for this tragedy. Now, I must take responsibility for ending it, and atone for my sins. But you can help me. If you repair the shuttle, and bring the Marker back on board... We can end this. Forever.","이것이 행성의 중심부에서 우리가 발견한 거야… 머서가 하이브 마인드라고 부르더군. 이것이… 네크로모프들을 조종하고 있는 원천이야!우리가 너무 어리석었어!하지만 아멜리아는 알았어!행성에 마커를 돌려놓아야… 멈출 수 있다는 걸 알았던 거야! 마커는 행성안에 있어야 돼. 마커를 돌려 놓아야 하이브 마인드가 멈춘다! 제발,미안해 아멜리아… 나는 이 비극에 대한 책임을 안고 있다. 이제는 내가 반드시 책임을 지고 이 비극을 끝내고 내 죄도 속죄할 것이다. 하지만 자넨 날 도와줄 수 있어.우주선을 고쳐준다면 마커를 실어서 되돌려 보낼 수 있어… 우리가 모든 걸 끝낼 수 있어. 영원히 말야."
0xB3566A6C,"Excellent! Excellent! Wait there for me, I'm on my way.","훌륭해! 훌륭해! 거기서 기다리게. 가는 중이야."
0xB3566A6D,"It works?  Yes, this will work! There's still time to make things right! The shuttle needs to be released before launch... The Control Platform, there! I need you to guide the undocking procedure while I start the shuttles engines. This will make us whole again. Hurry! I'll take the shuttle up to the Flight Deck where the Marker is being held!","작동하나? 그래,작동할 거야!아직은 일을 바로잡을 시간이 있어! 우주선은 출발하기 전에 고정장치를 풀어야 돼… 조종 장치는…거기야! 내가 우주선 엔진을 가동 시키는 동안에 자네가 고정 장치를 해제해야 돼.이걸로 우린 다시 하나가 될거야. 서둘러! 우주선을 마커가 있는 비행 갑판으로 가져 가겠다!"
0xB3566A6E,"I'm en route to the Flight Deck. Meet me there, and we can load the Marker on board.  Yes, Amelia. Soon, we'll take it home...","지금 비행 갑판으로 가고 있다. 거기서 만나지. 마커를 실을 수 있어. 그래,아멜리아. 곧 이걸 집으로 가져갈 테니…"
0xB3566A72,"Mr. Clarke, I'm approaching the shuttle hangar. You must... You must find your way to the Cargo Bay! The Marker... it's being stored in there. There's a cargo loading lift there you can use to deliver the Marker up to the hangar. Please... you must help me with this! It's the only way...","아이작. 지금 우주선 격납고로 가고 있네. 반드시…! 꼭 화물칸으로 가는 길을 찾아야 돼! 마커가 거기에 보관돼 있어. 거기 화물 운반용 승강기를 사용하면 마커를 격납고 위로 올릴 수 있을 거야. 제발! 반드시 날 도와줘야만 하네! 이것만이 유일한 방법이야."
0xB3566A9D,"The cargo lift has arrived! The Marker is in the hangar bay. Now you can load it into the shuttle.  Hurry!","화물용 승강기가 도착했어! 마커는 격납고에 있다. 이젠 우주선에 실을 수 있어. 서둘러!"
0xB3566A9E,"Excellent!  I'm going to dock the shuttle.  Got to be careful now...careful...","정말 잘 했어! 우주선 도킹을 시작할 거야. 신중하게… 조심조심…"
0xB3566A9F,"It's on board! Please, come and join me. Together we can stop this Hive Mind! We can end this nightmare! At last!","마커를 실었어! 제발 같이 가세. 함께 라면 하이브 마인드를 멈출 수 있어! 우리가 이 악몽을 끝낼 수 있어! 드디어 말야!"
0xB3691702,"Complete Chapter 5 on any difficulty setting","< 번역 누락 : 0xB3691702 >"
0xB37E7441,"Over here! Hurry, there's no time to waste, we must do it... Wait... Amelia... where are you going... wait.","여기야!지체할 시간 없어.우리가 해내야돼… 잠깐…아멜리아… 어딜 가는거야…기다려"
0xB390173A,"SOS BEACON","구 조 신 호 장 치"
0xB396EDC4,"[Paths]Paths","< 번역 누락 : 0xB396EDC4 >"
0xB3BC9CB0,"SUIT","보 호 복"
0xB3BD1047,"Tim Comerford","< 번역 누락 : 0xB3BD1047 >"
0xB3C75C29,"CHAMBER SCAN SYSTEM","< 번역 누락 : 0xB3C75C29 >"
0xB3EDD86A,"MERCER AND KYNE","머 서 와 카 인"
0xB3FA823C,"Medium","보 통"
0xB40084BE,"What are you waiting for? Hit the switch to release the shuttle.","뭘 멍하니 있는 건가? 스위치를 눌러서 고정 장치를 풀어야지."
0xB40084BF,"We can't fix any of this unless you release the shuttle. ","< 번역 누락 : 0xB40084BF >"
0xB40084C1,"The button is on the console. Are you blind? ","< 번역 누락 : 0xB40084C1 >"
0xB40084C2,"I'm bringing the shuttle down now. The automated loading controls aren't responding. You'll have to shut down gravity in the hangar bay and then manually bring the Marker directly beneath the shuttle.","지금 우주선을 가지고 내려간다. 자동 운반 장치가 반응이 없군. 우선 격납고 중력을 변환시킨 다음 아래로 내려가서 마커를 우주선 바로 밑에 까지 직접 가져와 주겠나."
0xB40084C3,"Okay, it's in position. Eh, still having trouble with these damn loading controls. Isaac, restore gravity to the room.  I should be able to load the marker then.","좋아.적당한 위치야. 이런. 망할 놈의 운반 장치에 아직 문제가 있네. 아이작,여기의 중력을 회복시켜 주겠나. 그래야 마커를 실을 수 있을 거야."
0xB40084EF,"Hold him!","잡으라니까!"
0xB410B241,"QA Database Administrator","< 번역 누락 : 0xB410B241 >"
0xB41B0701,"CORRUPTION","오 염"
0xB42E2018,"[RDDown]SYSTEMS ONLINE.","< 번역 누락 : 0xB42E2018 >"
0xB4883537,"Re-Fuel the Engine","엔진에 연료를 넣어라"
0xB4A8B291,"Chapter 2: Intensive Care","< 번역 누락 : 0xB4A8B291 >"
0xB4DFD7BE,"Antonio Moya","< 번역 누락 : 0xB4DFD7BE >"
0xB4DFD7BF,"Ferran Pons","< 번역 누락 : 0xB4DFD7BF >"
0xB4DFD7C0,"Daniel Santos Fonseca","< 번역 누락 : 0xB4DFD7C0 >"
0xB54AEC2A,"- 100","< 번역 누락 : 0xB54AEC2A >"
0xB5590CA3,"Personal log, acting Chief Engineer Jacob Temple. It's been two days since they pulled that planet open... since the captain died. The panic, the riots... they were nothing compared with what came after.  Our friends, our co-workers, started coming back... Changed... coming back to kill us, drag us away. Rucker disappeared this morning, and I have to assume he's dead. My crew... they're starting to crack.  I'm trying to keep an eye on them, but right now I have bigger problems- we're hemorrhaging fuel and the primary engine is laboring. Danvers and I are going to try to reach the fuel depot to see if we can fix it. Temple out.","개인기록.임시 수석기술자 제이콥 템플.㉠채굴을 시작한지 이틀이 지났다,선장이 죽은 이후로.공황상태,폭동…하지만 그뒤의 일들에 비하면 아무것도 아니었다.친구들,동료들이 돌아오기 시작했다…변해버렸다…우리를 죽이려고,우리를 끌고 가려고 돌아온 것이었다.러커가 오늘 아침에 사라졌다.분명 죽었을거라 생각한다.우리 선원들…모두 미쳐가기 시작했다.항상 주시하려고 노력중이다.그런데 더 큰 문제가 생겼다.연료가 새고 주엔진도 엉망이다.덴버스와 내가 고칠수 있을지 보려고 연료저장소로 가는 중이다.템플 종료."
0xB5590CA4,"What in hell is going on here? Danvers!","이게 무슨 난리야? 덴버스!"
0xB5590CA7,"Henderson! For god's sake!","핸더슨!제발 좀!"
0xB5590CD1,"Relax, he's alive. But he hit that door pretty hard.","진정해,살아있어.하지만 문에 정말 세게 부딪쳤는데."
0xB5590CD3,"Leave that to the shrinks. All we can do is get him to sick bay.","< 번역 누락 : 0xB5590CD3 >"
0xB55A0CDE,"Shut it, Danvers! Shut... it! Engineering log. Temple reporting. Someone has shut off the fuel lines to the primary engine, and damaged the valves in the process. They need to be repaired before I can re-open them, but we're running out of time. With the engine offline, orbit decay will begin in less than ten hours. I just can't understand who would do this.  If it's one of those crazy Unitologist bastards, I'll break their neck.","좀 닥쳐,덴버스!닥-쳐!정비기록.템플이다.누군가 주엔진과 연결된 연료선을 뽑고는 작동밸브를 망가뜨렸다.재가동 하려면 수리가 필요하다.하지만 시간이 없다.엔진이 꺼져버리면 궤도이탈이 10시간 이내로 시작될 판인데.어떤 새끼가 이따위 짓을 한거야?또라이 유니톨로지 새끼 소행이면 목을 부러뜨려 버리겠어."
0xB55A0CE0,"Shut up, Danvers and help me with the tools. Temple out.","닥치랬잖아,덴버스!공구나 들고 도와줘.템플 종료."
0xB55A0CE1,"This is Temple. Now the centrifuge is offline! We've got four trillion tons of rock hanging off our ass, and without that centrifuge to balance the ship, the gravity tethers will pull us straight down to the colony! I'm heading in there now to see if I can fix it.","여긴 템플.현재 원심분리기가 꺼졌다!우리 엉덩이에 4조톤이나 되는 바위가 달려있고 함선 균형을 유지하려면 원심분리기 없이는 중력올가미가 우리를 곧장 콜로니로 끌어내리게 된다.정비가 가능한지 보러 가고 있다."
0xB55A0D13,"This is Temple. Screw the engine. I can't restart it by myself, and with all the other shit going on, it's obvious this is  sabotage. I'm heading for the bridge, and then I need to find Elizabeth. I've got to get her off this ship, it's not safe.","여긴 템플.엔진을 고정시켜.혼자서는 재가동도 할수없고 상황이 악화되고 있다.이건 명백한 방해공작이야.브릿지에서 엘리자베스를 찾으면 여기서 내려야겠어.너무 위험해."
0xB55F0E1A,"This is Temple. The bridge is fucked. I don't know what went on in there, but I'm not sticking around in case whatever did it comes back. I'm heading for Hydroponics, to find Elizabeth.","여기는 템플.브릿지는 끝장났다.무슨 영문인지 모르겠다.하지만 그놈들이 돌아올수도 있으니 여기서 지체할순 없다.엘리자베스를 찾으러 수경재배실로 가고있다."
0xB560F793,"Skate 2","< 번역 누락 : 0xB560F793 >"
0xB563C7C7,"Travis Fike","< 번역 누락 : 0xB563C7C7 >"
0xB563C7C8,"Carlos Fuentes","< 번역 누락 : 0xB563C7C8 >"
0xB563C7C9,"Jonathan Goodlow","< 번역 누락 : 0xB563C7C9 >"
0xB563C7CA,"Matthew Hutchinson","< 번역 누락 : 0xB563C7CA >"
0xB563C7CB,"Nathan Kennedy","< 번역 누락 : 0xB563C7CB >"
0xB563C7CC,"John Kuraica","< 번역 누락 : 0xB563C7CC >"
0xB563C7CD,"Matt McCulloch","< 번역 누락 : 0xB563C7CD >"
0xB563C7CE,"Geoffrey Nahashon","< 번역 누락 : 0xB563C7CE >"
0xB563C7CF,"Masashi Otake","< 번역 누락 : 0xB563C7CF >"
0xB58834AD,"Additional Design","< 번역 누락 : 0xB58834AD >"
0xB58C89AC,"CHEM LAB REPORT\nFROM: PROF. JAGERWALD, H.\nATTN: DR. CROSS, E.\nElizabeth -\nNo doubt you're aware of the organic growth found in some parts of the ship. I've been examining the substance and thought the results would interest you.\nThe cells most closely resemble bacteria, with viral behavior. Like bacteria, the organism infects other cells through osmosis, then mutates and reproduces agamogenetically.","< 번역 누락 : 0xB58C89AC >"
0xB58D199F,"This is Temple, Acting Chief Engineer. I came down here to find Dr Elizabeth Cross, but she's not here. In fact, I can't find anyone. Just more of this organic shit everywhere. I'm going to check the Mining deck, it's about the only place I haven't looked yet.","임시 수석기술자 템플이다. 엘리자베스 크로스를 찾으려 내려왔지만 여기엔 없다.사실 아무도 없다.그저 이상한 유기물만 사방에 깔려있다.채굴구역으로 가겠다.아직 찾아보지 않은 유일한 장소니까."
0xB5AF5C26,"[RDRight]Cancel","< 번역 누락 : 0xB5AF5C26 >"
0xB5D51BA8,"This is Temple. I found Elizabeth, but there isn't a single spaceworthy vessel in the whole goddamn bay!","여기는 템플. 엘리자베스는 찾았지만 어디에도 타고갈 게 없다!"
0xB5D51BAA,"There's got to be one around here somewhere.","어딘가 하나 있었는데."
0xB61F4CDF,"The beacon's on its way, broadcasting loud and clear.  Now we cross our fingers and hope someone picks up the signal.  The chances are slim, but it's our only hope.  Kendra says there's something wrong with the Communications Array, which means if someone tries to reach us, we can't hear them.  Got to get back to the Bridge and fix it.","브릿지로 돌아가 통신배열을 점검해야 한다."
0xB633893E,"Checkpoint","체 크 포 인 트"
0xB68A847A,"GIVE UP ISAAC!","포기해! 아이작!"
0xB68B0FCE,"You can replay your logs from the Database Screen.","자료실 화면에서 기록을 재생할 수 있다."
0xB68B0FCF,"Dismember enemies to kill them quickly and conserve ammo.","적의 사지를 절단하면 빠르게 제거할 수 있고 탄약을 절약할 수 있다."
0xB68B0FD0,"Find Schematics to buy new weapons and items at the Store.","설계도를 찾아 새로운 무기와 아이템을 상점에서 구입할 수 있다."
0xB68B0FD1,"Use Stasis to slow down enemies, making them easier to kill.","감속장비를 사용하면 적들을 느리게 하고 쉽게 제거할 수 있다."
0xB68B0FD2,"Use Secondary Fire modes on your weapons to discover new combat strategies.","무기의 다른 사격 방식으로 새로운 전투 방법을 플레이 할 수 있다."
0xB68B0FD3,"Upgrade your weapons by spending Power Nodes at the Upgrade Bench.","벤치에서 노드로 무기를 업그레이드 하십시오."
0xB68B0FD4,"Buy a new uniform at the Store to increase your Inventory Slots and Armor.","보호복을 구입하면 가방의 공간과 방어력이 증가한다."
0xB68B0FD5,"Select your weapons on the Inventory Screen to assign them to different Quick Menu Slots.","가방 화면에서 무기를 선택하면 무기만 표시되는 메뉴가 따로 있다."
0xB68B0FD6,"Use Kinesis to grab enemy body parts and shoot them as weapons.","유도장비로 적들의 신체조각을 무기로 사용할 수 있습니다."
0xB68C100C,"Move items to the Safe from the Store menu if your inventory is full.","소지할 공간이 부족하면 상점에서 보관함을 이용하라."
0xB68C100D,"Check Isaac's Commentary on the Objectives screen for additional information on your objectives.","목표에 대한 자세한 내용은 목표 화면에서 아이작의 개인기록을 참고하라."
0xB6C0740E,"SHUTTLE CONTROL","@ 운 송 선 조 종 기"
0xB6C327D6,"Scott Whitney","< 번역 누락 : 0xB6C327D6 >"
0xB6C66E0B,"Czech Translator","< 번역 누락 : 0xB6C66E0B >"
0xB6C76E3C,"German Translator","< 번역 누락 : 0xB6C76E3C >"
0xB6C86E89,"Spanish Translator","< 번역 누락 : 0xB6C86E89 >"
0xB6C96EC7,"French Translator","< 번역 누락 : 0xB6C96EC7 >"
0xB6CB6F48,"Hungarian Translator","< 번역 누락 : 0xB6CB6F48 >"
0xB6CC6F86,"Italian Translator","< 번역 누락 : 0xB6CC6F86 >"
0xB6D37137,"Polish Translator","< 번역 누락 : 0xB6D37137 >"
0xB6D571BE,"Russian Translator","< 번역 누락 : 0xB6D571BE >"
0xB6ED8EA7,"TEMPLE AND ELIZABETH","템 플 과 엘 리 자 베 스"
0xB6EEA6DE,"ADS IS BACK ONLINE","< 번역 누락 : 0xB6EEA6DE >"
0xB74D69DA,"Slugger","< 번역 누락 : 0xB74D69DA >"
0xB79965B7,"Find the Shock Pad","충격기를 찾아라"
0xB7B590F9,"QUARANTINE!","격 리 중 !"
0xB7BDD610,"Bring this schematic to the store to unlock the Line Racks.","상점에 가져가면 잠금이 해제됩니다."
0xB7FB128D,"Full Contact","< 번역 누락 : 0xB7FB128D >"
0xB806871A,"POWER CONTROL","@ 전 원 조 종 기"
0xB818A4EE,"Continue","계 속"
0xB84983E4,"Environment Art Lead","< 번역 누락 : 0xB84983E4 >"
0xB857CF1D,"Are you sure you want to delete %1?","< 번역 누락 : 0xB857CF1D >"
0xB8704D42,"Engineering","< 번역 누락 : 0xB8704D42 >"
0xB88115F2,"Chris Stone","< 번역 누락 : 0xB88115F2 >"
0xB8858E6C,"Glen A. Schofield","< 번역 누락 : 0xB8858E6C >"
0xB8972561,"STASIS DOOR","고장난 문"
0xB8A251CD,"FORCE GUN\nSchematic Acquired\nDownload at the Store","포스건 설계도 획득"
0xB8AF0390,"///brightness","/// 밝 기"
0xB8C35616,"He's... he's dead...","서…선장님이 죽었어…"
0xB8C45621,"Arrest the Doctor!","박사를 체포해."
0xB8E5F0E5,"One of the cannons has failed to start, which means a big portion of the ship is unprotected.  I've got to take manual control and buy Hammond enough time to fix it on his end.","캐논 중 하나가 말썽이다.수동으로 조작해야 한다."
0xB8E99343,"Chris Brown","< 번역 누락 : 0xB8E99343 >"
0xB929EFC5,"Quick Health Pack","빠 른 치 료"
0xB9366DF5,"Jasper Kaw","< 번역 누락 : 0xB9366DF5 >"
0xB9366DF6,"Tim Olson","< 번역 누락 : 0xB9366DF6 >"
0xB9366DF7,"Jonathan Simas","< 번역 누락 : 0xB9366DF7 >"
0xB9940F44,"Pull Down","당 기 시 오"
0xB99F0BA0,"140","< 번역 누락 : 0xB99F0BA0 >"
0xB99FB917,"Move to Safe","< 번역 누락 : 0xB99FB917 >"
0xB99FB918,"Move to Inventory","< 번역 누락 : 0xB99FB918 >"
0xB9A9B0D0,"RIPPER AMMO","< 번역 누락 : 0xB9A9B0D0 >"
0xB9C92A8C,"Technical Artist","< 번역 누락 : 0xB9C92A8C >"
0xBA01162C,"Integration Engineers","< 번역 누락 : 0xBA01162C >"
0xBA388328,"Make us whole again.","우리 다시 하나로…"
0xBA4ACE86,"New Game","새 게 임"
0xBA6F9A16,"Invert X-axis","좌 우 반 전"
0xBA6F9A17,"Invert Y-axis","상 하 반 전"
0xBA7BDF28,"Vamsee Kiran","< 번역 누락 : 0xBA7BDF28 >"
0xBA7BDF29,"Chaitanya Reddy","< 번역 누락 : 0xBA7BDF29 >"
0xBA85C365,"Survive the ADS Cannon with over 50% shield strength remaining","ADS 캐논방어력 50% 이상"
0xBAAA9637,"Find the Data Board","데이터보드를 찾아라"
0xBAC3059A,"RIPPER","리 퍼"
0xBB1EED4E,"QA Manager","< 번역 누락 : 0xBB1EED4E >"
0xBB5F7DA3,"Dave Koerner","< 번역 누락 : 0xBB5F7DA3 >"
0xBBA227F5,"David Farmer","< 번역 누락 : 0xBBA227F5 >"
0xBBA227F6,"William Rudolph","< 번역 누락 : 0xBBA227F6 >"
0xBBA227F7,"Soundelux","< 번역 누락 : 0xBBA227F7 >"
0xBBAE193B,"Alex Charlow","< 번역 누락 : 0xBBAE193B >"
0xBBDF2A20,"///downloads","< 번역 누락 : 0xBBDF2A20 >"
0xBBE77BBA,"MOVE, LOOK, RUN","< 번역 누락 : 0xBBE77BBA >"
0xBBF75CED,"Debug Load Level","< 번역 누락 : 0xBBF75CED >"
0xBC2AA65A,"11","< 번역 누락 : 0xBC2AA65A >"
0xBC688A1E,"STATUS UPDATE...","< 번역 누락 : 0xBC688A1E >"
0xBC698A5D,"PRIMARY MISSION ASSETS...","< 번역 누락 : 0xBC698A5D >"
0xBC81E019,"SMALL CURRENCY","< 번역 누락 : 0xBC81E019 >"
0xBCA09BBD,"Brightness","밝 기"
0xBCD1BB10,"Zero-G Jump over 100 times","< 번역 누락 : 0xBCD1BB10 >"
0xBCD38F50,"Missions Hotkey","임 무"
0xBCD708E0,"Yes","네"
0xBD1504AF,"%1 appears to be damaged and cannot be used.","< 번역 누락 : 0xBD1504AF >"
0xBD2BDBAB,"Jay Wells","< 번역 누락 : 0xBD2BDBAB >"
0xBD433678,"OFFLINE","중 지"
0xBD5A67AE,"requires %d node(s)","< 번역 누락 : 0xBD5A67AE >"
0xBD5A67AF,"use %d node(s)","< 번역 누락 : 0xBD5A67AF >"
0xBD6EFF8B,"Han Xiao Yu","< 번역 누락 : 0xBD6EFF8B >"
0xBD6EFF8C,"Jin Yue","< 번역 누락 : 0xBD6EFF8C >"
0xBD83AEA7,"[Plus]","< 번역 누락 : 0xBD83AEA7 >"
0xBDAAA059,"Test Lead","< 번역 누락 : 0xBDAAA059 >"
0xBDBB1B7D,"Log Database","기 록 자 료"
0xBDBD77F0,"Select a device","< 번역 누락 : 0xBDBD77F0 >"
0xBDE9A1D1,"Basic Controls","기 본 조 작"
0xBE17DBB8,"EFFICIENCY CIRCUIT (CAP)","< 번역 누락 : 0xBE17DBB8 >"
0xBE17DBB9,"This will upgrade your CAPACITY by %g pts.","< 번역 누락 : 0xBE17DBB9 >"
0xBE1CB51A,"Achieve a perfect score in the Shooting Gallery","< 번역 누락 : 0xBE1CB51A >"
0xBE2B2795,"Map","지 도"
0xBE827977,"Port Corridors","좌 현 통 로"
0xBE827978,"Torpedo Room","어 뢰 실"
0xBE827979,"Ore Storage","광 석 보 관 실"
0xBE82797A,"Tram Station","정 거 장"
0xBE82797B,"Barracks Corridors","막 사 통 로"
0xBE82797C,"Cargo Bay","화 물 실"
0xBE82797D,"Armory","무 기 고"
0xBEA52722,"The poison dissolved some of the corruption, enough to allow me inside Food Storage.  But the Leviathan is still alive.  ","독이 약했다.레비아단이 아직 살아있다."
0xBF2ABD78,"Chemical Lab","화 학 연 구 실"
0xBF2ABD79,"Cryogenics","극 저 온 실"
0xBF2ABD7A,"Cryogenics Tram Hall","극저온 구역 전동차 현관"
0xBF2ABD7B,"Cryogenics Tram Station","극저온 구역 정거장"
0xBF7AC865,"CLUTCH ENGAGED","장치 연결"
0xBF82AC09,"Kristine Barrett","< 번역 누락 : 0xBF82AC09 >"
0xBF82AC0A,"Larry Chandler","< 번역 누락 : 0xBF82AC0A >"
0xBF937A42,"VMC India","< 번역 누락 : 0xBF937A42 >"
0xBFA56F99,"Ammo for the Ripper.","리퍼 탄약"
0xBFBF8B15,"BETRAYAL","배 신"
0xBFCC33C0,"EMERGENCY OVERRIDE SYSTEM","-- 비 상 해 제 장 치 --"
0xC0346324,"UPGRADE BENCH","업 그 레 이 드 벤 치"
0xC0B272A5,"STASIS MODULE","감 속 장 비"
0xC0C50F54,"Kill the Hive Mind","< 번역 누락 : 0xC0C50F54 >"
0xC105D803,"\nThis is classic sociopathic behavior, but Harris exhibits no other symptoms. He is affable and friendly, able to empathize and offer original opinions. When questioned about the murder, however, he becomes withdrawn and intransigent, displaying schizophrenic behavior. He also undergoes intermittent hallucinatory periods, again similar to those experienced by other colonists.\nHarris claims he threatened the Doctor because he ""had to stop the dreams and the faces"", and that he'll kill again to ""Make it whole again"". What that means, I haven't determined yet. A most intriguing case.","< 번역 누락 : 0xC105D803 >"
0xC112117F,"Complete Chapter 2 on any difficulty setting","< 번역 누락 : 0xC112117F >"
0xC11777EE,"Ron Booth","< 번역 누락 : 0xC11777EE >"
0xC11777EF,"Rolando Chan-Law","< 번역 누락 : 0xC11777EF >"
0xC11777F0,"Chris Chu","< 번역 누락 : 0xC11777F0 >"
0xC11777F1,"Marc David","< 번역 누락 : 0xC11777F1 >"
0xC11777F2,"John Melvin","< 번역 누락 : 0xC11777F2 >"
0xC1308226,"FUSES","< 번역 누락 : 0xC1308226 >"
0xC136252E,"Easy","쉬 움"
0xC14D4166,"Bloom","후 광 효 과"
0xC15EB5DF,"ON","켜기"
0xC16A4B54,"Gravity offline","중력 작동 중지"
0xC16BCB28,"Hammond's right about this one. Ships like the Ishimura use massive centrifuges to negate the pull of dismantled pieces of planet. Undoubtedly, it's offline so I'll need to assess the problem and get it restarted.\n","원심분리기는 행성파편의 인력을 무효화하기 위한 장치다."
0xC18C48BE,"This will upgrade your CHARGE by %g sec.","< 번역 누락 : 0xC18C48BE >"
0xC1920218,"CREW KEY","승 무 원 열 쇠"
0xC192D768,"Volker Prott","< 번역 누락 : 0xC192D768 >"
0xC198E620,"Please stand still while decontamination is in progress.","오 염 제 거 진 행 중"
0xC1ACFC4C,"[Exit_Rig]Exit","< 번역 누락 : 0xC1ACFC4C >"
0xC1AE91A7,"HEALTH","생 명 력"
0xC1D21A33,"Complete the game on the hardest difficulty setting","< 번역 누락 : 0xC1D21A33 >"
0xC210A9FF,"I wish I could just talk to someone. It's all falling apart here.","< 번역 누락 : 0xC210A9FF >"
0xC23DFEF8,"CHEMICAL CAPSULE W/DNA","DNA 혼합 약품 캡슐"
0xC27D9EE2,"N/A","< 번역 누락 : 0xC27D9EE2 >"
0xC2D4C761,"Marcel Elsner","< 번역 누락 : 0xC2D4C761 >"
0xC35A29E4,"WHITE'S LIST","화 이 트 의 목 록"
0xC40924ED,"Christian Teichmann","< 번역 누락 : 0xC40924ED >"
0xC40924EE,"Kerstin Mueller","< 번역 누락 : 0xC40924EE >"
0xC454B880,"ENTER?","입 장"
0xC454B881,"Purchase, sell, and store your items.","아이템을 구입,판매,보관합니다."
0xC487F787,"SUPERCAP OBJECTIVES","< 번역 누락 : 0xC487F787 >"
0xC48E105F,"RETRIEVE CARGO","-화 물 회 수 준 비-"
0xC48E1060,"RETRIEVING CARGO","-화 물 회 수 중-"
0xC48E1061,"CRANE OFFLINE","< 번역 누락 : 0xC48E1061 >"
0xC4AA544F,"Kinesis\nRequired","유도장비가 필요함"
0xC4C94577,"Malfunction!","고 장 !"
0xC4FAB449,"This is a connector node.","< 번역 누락 : 0xC4FAB449 >"
0xC515B84D,"KP /","< 번역 누락 : 0xC515B84D >"
0xC53EE6E0,"GETTING TO THE LEVIATHAN","레 비 아 단 에 접 근"
0xC56A3613,"UNITED WE... ASCEND?\nIs Unitology a new hope, or just another scam?\nBy Carrie Van Ottken\n\nIf you've been living on Mars for the past 200 years, you might have missed the fastest-growing religious movement in history.\nUnitology boasts a following of millions, counts powerful CEOs and officials in its ranks, claims $78 billion of stock in multiglobal companies, and owns two of Earth's largest financial institutions (GPSG Financial and Unitas Energy Investments). From its beginnings as a cult of personality, Unitology has become a respected, established religion.","< 번역 누락 : 0xC56A3613 >"
0xC5717CF0,"23","< 번역 누락 : 0xC5717CF0 >"
0xC5AD2B4A,"ANOMOLIES DETECTED!","이상 변화 감지!"
0xC5C50A8F,"NICOLE'S REPORT","니 콜 의 요 청"
0xC5CDB100,"Wreckage","< 번역 누락 : 0xC5CDB100 >"
0xC5DD7064,"STRANGE TRANSMISSION","이 상 한 송 신"
0xC5E8233E,"NODES","노드"
0xC5F0EE69,"Equip","장 착"
0xC6341CF0,"Environment Artists","< 번역 누락 : 0xC6341CF0 >"
0xC641E682,"Controls","키 설 정"
0xC6685A1A,"     ISHIMURA TRAM SYSTEM     ISHIMURA TRAM SYSTEM","< 번역 누락 : 0xC6685A1A >"
0xC6A59643,"TEXTLOG\nADDED","< 번역 누락 : 0xC6A59643 >"
0xC6B6EE23,"30","< 번역 누락 : 0xC6B6EE23 >"
0xC72B0165,"There is a sample of the necromorph's DNA somewhere on this deck.  Kendra needs me to find it to mix with the Chemical Capsule, in order to target the creature's pathology.","DNA샘플을 찾아 혼합해야한다."
0xC78DC0E1,"Key to the Elevators on the Crew Deck.","승무원 갑판의 엘리베이터 열쇠."
0xC79B28EE,"Cursor Left","왼 쪽"
0xC7E433FE,"Level 6 Suit Schematic","레벨 6 보호복 설계도"
0xC8917643,"Hypnos Entertainment","< 번역 누락 : 0xC8917643 >"
0xC8C4C0CC,"DISTRESS CALL","조 난 신 호"
0xC8DE6920,"OVERRIDE\nDOOR LOCK","--잠금 장치 작동중--"
0xC8DE6921,"DOOR LOCK\nOVERRIDDEN","--잠금 장치 해제--"
0xC918A5F8,"LOCKED EXECUTIVE DOOR","간 부 구 역 폐 쇄"
0xC94084A8,"[Use]USE","< 번역 누락 : 0xC94084A8 >"
0xC949EC18,"Restore Power to the Bridges","다리의 전원을 복구하라"
0xC967202F,"Tool Time","< 번역 누락 : 0xC967202F >"
0xC97BB025,"MERCER'S EXPERIMENT 2","머 서 의 실 험 2"
0xC9F2A758,"LINE RACKS","라 인 랙"
0xCA1584E5,"When Isaac was born, Poul was given a temporary reassignment to an Earth-based GUMMC ship production facility. During the four-year tour, Poul and Octavia raised Isaac together. When the tour was over, Poul shipped off for an extended off-world tour.\n\nPoul's influence on his son must have rubbed off. Records indicate Isaac pursued studies in mechanical and electrical engineering and achieved high honors.\n\nAccording to medical and psychiatric reports, Poul Clarke's absence had a profound effect on Octavia. She suffered from depression and personal anguish until doctors encouraged her to find fulfillment by working with charitable organizations. It is believed that this is how she ended up coming in contact with the Church of Unitology.\n\n","< 번역 누락 : 0xCA1584E5 >"
0xCA1584E6,"Her association with the Church appears to have alleviated her mental condition. The cancellation of her therapy sessions corresponds with the local parish announcements of her initiation ceremony.\n\nAt this point, records on her become somewhat scarce. There are indications that she sold off much of the family estate to finance her full membership in the church.\n\nIsaac appears to have been selected to a prominent engineering school but we surmise that he was unable to afford the tuition, as records show that he instead attended a lesser-known school with the help of scholarships and financial assistance.\n\n","< 번역 누락 : 0xCA1584E6 >"
0xCA1584E7,"After graduating with high honors, Isaac enlisted in the Merchant Marines. He quickly gained a reputation for his resourceful engineering solutions and after two years was promoted to a higher-profile position closer to the major shipping lanes.\n\nThere are several inquiries about the location of his father that have been logged by his contacts at the GUMMC. Isaac appears to have been trying to re-unite with him unsuccessfully for years. It's doubtful he ever got far in his investigation as Poul Clarke's service record has been mysteriously classified by an executive order.\n\n","< 번역 누락 : 0xCA1584E7 >"
0xCA1584E8,"Octavia continues to be a contributing member of her church and has managed to purchase a Vested-level title.\n\nIsaac's career stagnates at this point. There are records that he cohabited with a medical officer named Nicole Brennan for a couple of years. Records indicate she moved out after receiving a promotion and is currently serving on the USG Ishimura.\n\nKENDRA DANIELS\n\nI couldn't find anything on her in the time I had but Darlton swears by her. She is on the mission with his recommendation. If he thinks she has the necessary skills, who am I to argue?\n","< 번역 누락 : 0xCA1584E8 >"
0xCA1A39A9,"FOUND THE SHOCK PAD","충 격 기 발 견"
0xCA40C791,"Audio","오 디 오"
0xCA454FFF,"MPEG Layer-3 audio coding technology licensed from Fraunhofer IIS and THOMSON multimedia.","< 번역 누락 : 0xCA454FFF >"
0xCA6AB612,"Find the Navigation Cards","운항 카드를 찾아라"
0xCB14B4FA,"Object Artists","< 번역 누락 : 0xCB14B4FA >"
0xCB2E9A17,"SMALL AIR CAN","소형 산소통"
0xCB364EDF,"Most people know the basics. Two hundred years ago Michael Altman, a professor of anthropology, blew the whistle on what he claimed was the biggest cover-up ever instituted by Earth Government--the discovery of an artifact, or ""Marker"", which proved beyond any doubt there is alien life in the Universe. The Government labelled Altman a kook, but his claims struck a chord with some, and his mysterious death soon afterwards fueled that interest.\nUnitologists believe the Marker contained a code, the key to eternal life, through rebirth and ascension to heaven (The kicker is you have to die first). ","< 번역 누락 : 0xCB364EDF >"
0xCB364EE0,"They say the Government is hiding the Marker somewhere, keeping its secrets for themselves. Across all of human space, Unitologists praise Altman's martyrdom and await the day God comes to take them to their new life beyond death.\nIt all sounds pretty harmless. But, like any cult, there's a dark side.\nUnitologists are ""ranked"" in the Church. Nobody ever talks about it, but most of its critics believe there are at least three ranks above the average believer, or ""Initiate"". With each new rank, more of the Church's inner workings and research is revealed to a follower. And these ranks are achieved by one simple criteria--giving money and power to the Church.","< 번역 누락 : 0xCB364EE0 >"
0xCB364EE1,"\nThink taking all your money's bad? The Church also requires members to donate their bodies after death. Why? What do they do with them? Nobody will say, and attempts to infiltrate the inner circle have failed. With their emphasis on ""transformation and rebirth"", maybe we wouldn't like the answer even if they told us.\nOne rumor that also refuses to die says the Church is funding a secret shipbuilding program. Some claim to have seen the fleet. No documentary evidence has ever been supplied, but the claimants all say these ""mausoleum ships"", despite their huge size (Cont'd on p94)","< 번역 누락 : 0xCB364EE1 >"
0xCB640576,"Gravity Boot series BD-041","< 번역 누락 : 0xCB640576 >"
0xCB640577,"Engineering Helmet EEH-C1","< 번역 누락 : 0xCB640577 >"
0xCB71CE5C,"Neo Tools Team","< 번역 누락 : 0xCB71CE5C >"
0xCB77472F,"THERMITE","고열폭약"
0xCBD71F85,"I can override Kendra's control of the shuttle from here, and bring the shuttle back.","여기서 우주선을 복귀 시킬 수 있다"
0xCBDA90D5,"NAV CARD 2","운 항 카 드 2"
0xCBE214F7,"Use Switch/Open Doors","스위치 사용 / 문 열기"
0xCC173123,"OFFLINE","중 지"
0xCC22A5F7,"Are you sure?","계 속 진 행 ?"
0xCC57746F,"DECK LOG\nHALLOW, F. (AB)\nDon't know what's going on around here. Someone said the ship's been attacked. Who the hell would attack us out here? First the Captain dies, now we get attacked? Carmack says someone on Bridge staff killed him. Can't believe that.\nGoddamn chaos now. Can't get through to the bridge. Can't get through to anyone. Everyone's running. Getting the hell out of here. Should probably join them. ","< 번역 누락 : 0xCC57746F >"
0xCC5B1C98,"Meet Nicole in Flight Control","비행 조종실에서 니콜을 만나라"
0xCC602478,"Look","보기"
0xCC602479,"Walk","걷기"
0xCC60247A,"Run","달리기"
0xCC939C55,"Brandon Ehle","< 번역 누락 : 0xCC939C55 >"
0xCC939C56,"Fred Ehnow","< 번역 누락 : 0xCC939C56 >"
0xCC939C57,"Jonathan Hudgins","< 번역 누락 : 0xCC939C57 >"
0xCC939C58,"Aki Morita","< 번역 누락 : 0xCC939C58 >"
0xCC939C59,"Scott Randolph","< 번역 누락 : 0xCC939C59 >"
0xCC939C5A,"Larry St. Lezin","< 번역 누락 : 0xCC939C5A >"
0xCC939C5B,"Timothy Weisser","< 번역 누락 : 0xCC939C5B >"
0xCCB15E41,"POWER NODE","파 워 노 드"
0xCCB24B98,"Unable to save %1.","< 번역 누락 : 0xCCB24B98 >"
0xCCB6E5B9,"THE PEDESTAL","받 침 대"
0xCCBF8BF9,"Upgrade equipment.","장 비 성 능 향 상"
0xCCDE33F9,"Aim Mode","조 준"
0xCCEA37A2,"Kendra located the Mining Access Key on the Processing Sub Deck.  That must be where the mining supervisor died...I knew these men.  I can't believe they are all dead.","열쇠는 처리작업구역 보조갑판에 있다."
0xCD119543,"Are you sure you want to Exit to Windows? ","종료합니다."
0xCD19EFE6,"KEY FOUND","열 쇠 발 견"
0xCD34C0B7,"Betrayed","< 번역 누락 : 0xCD34C0B7 >"
0xCD57CD49,"Lift 1","승강기 1"
0xCD5C437A,"Map Hotkey","지 도"
0xCD910407,"Special Thanks","< 번역 누락 : 0xCD910407 >"
0xCDB8796A,"INITIAL ATTACK","공 격 시 작"
0xCDC3F646,"Joe Arcovitch","< 번역 누락 : 0xCDC3F646 >"
0xCDC949CD,"Vivian Wei-Chun Ding","< 번역 누락 : 0xCDC949CD >"
0xCDC949CE,"Rachel Mina","< 번역 누락 : 0xCDC949CE >"
0xCDC949CF,"Joe Palrang","< 번역 누락 : 0xCDC949CF >"
0xCDC949D0,"Atsushi Seo","< 번역 누락 : 0xCDC949D0 >"
0xCDD762DA,"Consell Pannonia Ltd.","< 번역 누락 : 0xCDD762DA >"
0xCDDA52FB,"Locator","추 적"
0xCDDFF2C7,"Bring this schematic to the store to unlock the Level 6 Suit.","상점에 가져가면 잠금이 해제됩니다."
0xCE3788DB,"SMALL MED PACK","소형 회복제"
0xCE58627C,"Access Store","상 점 입 장"
0xCEC386A0,"REPLACING THE TRAM","교 체 작 업"
0xCED671FD,"Cut off limbs to kill quickly","사지를 잘라내어 빠르게 제거한다."
0xCED671FE,"TOOLS","< 번역 누락 : 0xCED671FE >"
0xCED671FF,"KEY ITEMS","주 요 물 품"
0xCED67200,"CURRENCY","< 번역 누락 : 0xCED67200 >"
0xCEDD6C0E,"DIAMOND SEMICONDUCTOR","다이아몬드 반도체"
0xCEDDEB8C,"Manually Attach Claws to Initiate Repairs","기계팔을 수동으로 연결하십시오"
0xCF024391,"Steve Schmidt","< 번역 누락 : 0xCF024391 >"
0xCF54817E,"KEY DOORS","< 번역 누락 : 0xCF54817E >"
0xCF54817F,"USE KEY","< 번역 누락 : 0xCF54817F >"
0xCF6C4D18,"Test Fire the Shuttle Engines","우주선 엔진 점화를 테스트 하라"
0xD0216B12,"Test Speakers","스 피 커 테 스 트"
0xD03F7C04,"Laura Larson","< 번역 누락 : 0xD03F7C04 >"
0xD062CA97,"//load game","// 불 러 오 기"
0xD0DA0DE8,"Regina Gao","< 번역 누락 : 0xD0DA0DE8 >"
0xD0DBEE40,"MEDIUM MED PACK\nSchematic Acquired\nDownload at the Store","중형 회복제 설계도 획득"
0xD0F7BABC,"Enter the Military Ship","군함에 진입하라"
0xD100CB4A,"SYSTEM OFFLINE","< 번역 누락 : 0xD100CB4A >"
0xD122D7C0,"Flight Lounge","대 합 실"
0xD122D7C1,"Hall to Lift Room","승 강 기 방 면"
0xD122D7C5,"Hallway To Tram","전 동 차 방 면"
0xD122D7C6,"Tram Station","정 거 장"
0xD122D7C7,"Access Hallway","연 결 복 도"
0xD122D7C8,"Cargo Bay","화 물 실"
0xD12A58E0,"Small air canister that replenishes the air meter.","산소미터 보충용 작은 산소통"
0xD17D10DE,"Justin Prazen","< 번역 누락 : 0xD17D10DE >"
0xD194E677,"NAVIGATION","< 번역 누락 : 0xD194E677 >"
0xD1C2160B,"[ a.m.]","< 번역 누락 : 0xD1C2160B >"
0xD1D64F9E,"Holo-card containing shuttle navigation data.","< 번역 누락 : 0xD1D64F9E >"
0xD1E6CC21,"Cancel","아 니 오"
0xD213DCF9,"ACTION BUTTON","< 번역 누락 : 0xD213DCF9 >"
0xD2A96DDF,"I've got the Singularity Core now.  Removing it may cause some bad side effects to the Valor's power system, so I should get out of here quickly.  I'm heading to the Crew Deck now, in hopes of repairing the shuttle docked there.","코어를 입수했다.승무원 갑판으로 가야한다."
0xD2AB85F0,"Spend 300,000 credits at the store","< 번역 누락 : 0xD2AB85F0 >"
0xD2AD1D0A,"A circuit node used to upgrade items.","장비의 업그레이드에 사용하는 회로 노드."
0xD2C8661A,"Initiate Tram Repairs","전동차 교체 시작"
0xD30B18A0,"STORAGE KEY","보관실 열쇠"
0xD35E8A03,"Brute Force","< 번역 누락 : 0xD35E8A03 >"
0xD376AB7D,"Greenhouse Effect","< 번역 누락 : 0xD376AB7D >"
0xD3BCCEBF,"No gamer profile signed-in.   You will need to sign-in to save your game.","< 번역 누락 : 0xD3BCCEBF >"
0xD3EDE6BE,"DATABASE","자료실"
0xD408EB3C,"Fix the Array","배열을 수정하라"
0xD40CED41,"Move Left","왼 쪽 으 로"
0xD40EE02F,"//options","// 설 정"
0xD43347A4,"Medical gel pack that restores a small amount of health.","약간의 체력을 치료해주는 회복제."
0xD43A22E3,"The Kellion is completely destroyed.  There's no way out of here.  If I can find the Captain's RIG on the Medical Deck, maybe Hammond can figure out just what the hell happened.","의료구역에 가서 선장의 RIG를 찾아야한다."
0xD45CF9C8,"Kyne's onboard and ready to fly.  I have to release the docking clamps holding the shuttle in place.","우주선을 움직이려면 고정장치를 풀어야 한다."
0xD4B3A0E3,"MALFUNCTION","고 장"
0xD4DAF976,"SAVE","저장"
0xD4DAF977,"BENCH","벤 치"
0xD4DAF978,"STORE","상 점"
0xD4DAF979,"STASIS","충 전 기"
0xD4DCDE21,"Medium","보 통"
0xD4E84047,"HP","< 번역 누락 : 0xD4E84047 >"
0xD53495EC,"VALIDATING...","< 번역 누락 : 0xD53495EC >"
0xD542E300,"Christopher Chin","< 번역 누락 : 0xD542E300 >"
0xD568CF90,"Look","보기"
0xD57011E5,"According to Hammond, the necromorphs have transformed some of the crew into these ""poison pods,"" which are contaminating the air.  I need to find and destroy them.","< 번역 누락 : 0xD57011E5 >"
0xD5A3EFF6,"It's, it's Henderson... He's crazy! Pulling his own... teeth out!","그,그게…핸더슨이…미쳤나 봐.자기…강냉이를 털었다구."
0xD5A3F021,"Oh, god. Is he dead?","아,이런… 죽은 거 아냐?"
0xD5A3F023,"Man... Why would he do something like that? I don't get it.","망할놈…왜이러는 거야? 이해가 안가."
0xD5A4F02E,"Never should have let him live. Never should have let him live. ","그놈을 살려두면 안돼.절대로 그놈을 살려두면 안된다구."
0xD5A4F030,"Henderson said they were coming. We never should have let him live.","핸더슨 말이 그놈들이 오고 있대.절대 그놈을 살려두면 안돼."
0xD5B7A128,"Are you sure you want to quit?  You will lose any unsaved data.","종료 하시겠습니까? 저장되지 않은 자료는 사라집니다."
0xD5D5F799,"In Memory - Christian Teichmann","< 번역 누락 : 0xD5D5F799 >"
0xD5EBEC54,"NICOLE'S ALIVE","니 콜 의 생 존"
0xD612D705,"Mission","임 무"
0xD650EF79,"[Right_Toggle]","< 번역 누락 : 0xD650EF79 >"
0xD6D063CB,"ATMOSPHERIC PURITY INCREASED","< 번역 누락 : 0xD6D063CB >"
0xD6D22B83,"Lawrence Mai","< 번역 누락 : 0xD6D22B83 >"
0xD6D22B84,"Joey Spiotto","< 번역 누락 : 0xD6D22B84 >"
0xD6D22B85,"Andy Wang","< 번역 누락 : 0xD6D22B85 >"
0xD6E07F1F,"LEVEL 2 SUIT","레벨 2 보호복"
0xD701A383,"/main menu","/ 주 메 뉴"
0xD71A1BBC,"Find the Mining Access Key","채굴구역 접속열쇠를 찾아라"
0xD71F1EB2,"Make us whole again.","우리 다시 하나로…"
0xD7204EEB,"Translator","< 번역 누락 : 0xD7204EEB >"
0xD72B33EF,"QA Embedded Team","< 번역 누락 : 0xD72B33EF >"
0xD7512B01,"Look out!","조심해!"
0xD75E794E,"KINESIS MODULE","유 도 장 비"
0xD7B96DEC,"Rich Briggs","< 번역 누락 : 0xD7B96DEC >"
0xD7E8109C,"Activate","작 동"
0xD7EDF876,"SCANNING. PLEASE STAND BY","< 번역 누락 : 0xD7EDF876 >"
0xD7F1C95C,"Associate Producer","< 번역 누락 : 0xD7F1C95C >"
0xD817DB66,"KILL THE LEVIATHAN","레 비 아 단 을 죽 여 라"
0xD862FD5B,"KP .","< 번역 누락 : 0xD862FD5B >"
0xD8761415,"[Elev_Navigate]Navigate","< 번역 누락 : 0xD8761415 >"
0xD8A13ECC,"Special thanks to the Crewmembers serving\nsince the christening of the USG Ishimura","< 번역 누락 : 0xD8A13ECC >"
0xD8EEBB9C,"RIPPER\nSchematic Acquired\nDownload at the Store","리퍼 설계도 획득"
0xD94A2E0E,"MINING ACCESS KEY","채굴작업 접속 열쇠"
0xD9501C41,"Mike Quigley","< 번역 누락 : 0xD9501C41 >"
0xD9609226,"Spanish Product Manager","< 번역 누락 : 0xD9609226 >"
0xD97174F7,"ELECTRONIC ARTS PRESENTS","제 공: ELECTRONIC ARTS"
0xD97174F8,"AN EA REDWOOD SHORES PRODUCTION","제 작: EA REDWOOD SHORES 프로덕션"
0xD97174F9,"DEAD SPACE","< 번역 누락 : 0xD97174F9 >"
0xD98605B1,"Diff","< 번역 누락 : 0xD98605B1 >"
0xDA248EB4,"BRIDGE CONTROL","@ 다 리 조 종 기"
0xDA2B4C3C,"Kill the Leviathan","거대괴물을 제거하라"
0xDA45E377,"Kill 30 enemies with the Ripper","리퍼로 적 30명 제거"
0xDA6056E3,"EA CAT Lab","< 번역 누락 : 0xDA6056E3 >"
0xDA6056E4,"EA Certification Team","< 번역 누락 : 0xDA6056E4 >"
0xDA6056E5,"EA Mastering Lab","< 번역 누락 : 0xDA6056E5 >"
0xDA6056E6,"EAC Game Lab","< 번역 누락 : 0xDA6056E6 >"
0xDA6056E7,"EARS Game Lab","< 번역 누락 : 0xDA6056E7 >"
0xDA6056E8,"EA Desktop Support","< 번역 누락 : 0xDA6056E8 >"
0xDA6056E9,"EAC Motion Capture Services","< 번역 누락 : 0xDA6056E9 >"
0xDA63B055,"UPGRADE BENCH TRAINING","벤 치 사 용"
0xDA63B056,"STASIS MODULE TRAINING","감 속 장 비"
0xDA63B057,"FUSE TRAINING","< 번역 누락 : 0xDA63B057 >"
0xDA63B058,"HEALTH TRAINING","생 명 수 치"
0xDAE85FBC,"Production","< 번역 누락 : 0xDAE85FBC >"
0xDB10673B,"Load Chemical Agents","약 품 혼 합 준 비"
0xDB2B17E3,"QA Assistant Leads","< 번역 누락 : 0xDB2B17E3 >"
0xDB2F4822,"The communication dishes have taken some damage.  I need to swap out the broken dishes and create a circle of working ones.  That should align the signal and allow us to transmit to the ship.","손상된 안테나와 정상적인 것을 재배열 해야한다."
0xDB731E09,"Becky Chow","< 번역 누락 : 0xDB731E09 >"
0xDB969752,"Z-BALL RULES\n\nStep on the lighted platform and activate it to start the game!\n\nJump to as many scoring platforms as possible to increase your score multiplier.  Then use your Kinesis Module to grab the ball and shoot it into the active basket before the shot timer runs out.  Beating each level opens a locker with a reward inside.","< 번역 누락 : 0xDB969752 >"
0xDBF16BCE,"ENGINE PROBLEMS","엔 진 문 제"
0xDBF4DB0A,"Guy Perkins","< 번역 누락 : 0xDBF4DB0A >"
0xDC09D1A3,"DOOR UNLOCKED","< 번역 누락 : 0xDC09D1A3 >"
0xDC175F8C,"PG DN","< 번역 누락 : 0xDC175F8C >"
0xDC1DF9B6,"SECURITY LEVEL HIGH","< 번역 누락 : 0xDC1DF9B6 >"
0xDC2863BD,"PG UP","< 번역 누락 : 0xDC2863BD >"
0xDC354796,"DOOR #1 LOCKED\nDOOR #2 UNLOCKED\nDOOR #3 UNLOCKED\nDOOR #4 UNLOCKED\nDOOR #5 UNLOCKED","< 번역 누락 : 0xDC354796 >"
0xDC411194,"Character Concept Artists","< 번역 누락 : 0xDC411194 >"
0xDCB09AE3,"[Stasis]","< 번역 누락 : 0xDCB09AE3 >"
0xDCCAEC4F,"Hey! Hey! Hey,what're what are you doing? You, you can't hold me here! Please, please, just let me out! I need to speak to my wife! Please just tell her I'm in here! She'll know who to talk to! Oh god, oh god! I can't move my head! Please just undo these straps! Please! Please! Please! You've got the wrong person! I'm not supposed to be in here! Please, just, just call my wife. Please, please, just let me out of here. Please!","< 번역 누락 : 0xDCCAEC4F >"
0xDCCAEC51,"What are you... what are you doing with that?","…그걸로 뭘하려는 거야?"
0xDCCAEC53,"No! No! Nooaaaaaaaaaaaaahhhhh!","하지마! 안돼-!"
0xDCDC3DE8,"Increases Inventory slots and Armor.","가방의 용량과 방어력이 증가한다."
0xDD24CAE4,"UNITOLOGY EXPOSED","유 니 톨 로 지 폭 로"
0xDD3C7CBC,"Go to Hydroponics","재배구역으로 가라"
0xDD5A3817,"N/A","< 번역 누락 : 0xDD5A3817 >"
0xDD61BF36,"START THE ENGINE SEQUENCE","엔 진 점 화 준 비"
0xDD709328,"CONTACT ENERGY","컨택트 에너지"
0xDD7947F2,"NEW ITEM","새 아이템"
0xDDA6EE9F,"[Press]","< 번역 누락 : 0xDDA6EE9F >"
0xDDEE79C3,"Hazardous anomaly detected. Quarantine activated.","위험 요소 감지. 자동 격리 작동."
0xDE01C361,"%gPts.","< 번역 누락 : 0xDE01C361 >"
0xDE07C216,"Executive Thanks","< 번역 누락 : 0xDE07C216 >"
0xDE23E1A9,"////aim mode controls","//// 조 준 키 설 정"
0xDE5D46B6,"Activate the Centrifuge","원심분리기를 작동시켜라"
0xDE6B288F,"Jon Goddard","< 번역 누락 : 0xDE6B288F >"
0xDE6B2890,"Sophie Orlando","< 번역 누락 : 0xDE6B2890 >"
0xDE94DFBA,"Force Gun Schematic","포스건 설계도"
0xDE99999D,"Mike Bullen","< 번역 누락 : 0xDE99999D >"
0xDE99999E,"Collin Carey","< 번역 누락 : 0xDE99999E >"
0xDE99999F,"Pedro Castro","< 번역 누락 : 0xDE99999F >"
0xDE9999A0,"Sandra Champanhet","< 번역 누락 : 0xDE9999A0 >"
0xDE9999A1,"Lawinjeya Chandrakumarb","< 번역 누락 : 0xDE9999A1 >"
0xDE9999A2,"Kwang-Hi Cho","< 번역 누락 : 0xDE9999A2 >"
0xDE9999A3,"Andy Chung","< 번역 누락 : 0xDE9999A3 >"
0xDE9999A4,"Nic Cobb","< 번역 누락 : 0xDE9999A4 >"
0xDE9999A5,"Jason Collins","< 번역 누락 : 0xDE9999A5 >"
0xDE9999A6,"Steve Cook","< 번역 누락 : 0xDE9999A6 >"
0xDE9A99DC,"Rob Cooke","< 번역 누락 : 0xDE9A99DC >"
0xDE9A99DD,"Benjamin Crick","< 번역 누락 : 0xDE9A99DD >"
0xDE9A99DE,"Ricardo De Avila","< 번역 누락 : 0xDE9A99DE >"
0xDE9A99DF,"Lawrence Donohue","< 번역 누락 : 0xDE9A99DF >"
0xDE9A99E0,"James Featherstone","< 번역 누락 : 0xDE9A99E0 >"
0xDE9A99E1,"Mike Fenton","< 번역 누락 : 0xDE9A99E1 >"
0xDE9A99E2,"David Fielding","< 번역 누락 : 0xDE9A99E2 >"
0xDE9A99E3,"Seferino Gallardo","< 번역 누락 : 0xDE9A99E3 >"
0xDE9A99E4,"Eron Garcia","< 번역 누락 : 0xDE9A99E4 >"
0xDE9A99E5,"Juan Antonio Garcia de Quinto","< 번역 누락 : 0xDE9A99E5 >"
0xDE9B9A1B,"Laura George","< 번역 누락 : 0xDE9B9A1B >"
0xDE9B9A1C,"Daniel Green","< 번역 누락 : 0xDE9B9A1C >"
0xDE9B9A1D,"Wes Hendrix","< 번역 누락 : 0xDE9B9A1D >"
0xDE9B9A1E,"Allen Horton","< 번역 누락 : 0xDE9B9A1E >"
0xDE9B9A1F,"Joseph Huggett","< 번역 누락 : 0xDE9B9A1F >"
0xDE9B9A20,"Morgan Hughes","< 번역 누락 : 0xDE9B9A20 >"
0xDE9B9A21,"Errol Ismail","< 번역 누락 : 0xDE9B9A21 >"
0xDE9B9A22,"Ben Jackson","< 번역 누락 : 0xDE9B9A22 >"
0xDE9B9A23,"Ryan Jacobson","< 번역 누락 : 0xDE9B9A23 >"
0xDE9B9A24,"Darryl Jenkins","< 번역 누락 : 0xDE9B9A24 >"
0xDE9C9A5A,"Harry Kashouli","< 번역 누락 : 0xDE9C9A5A >"
0xDE9C9A5B,"Amy Kenah","< 번역 누락 : 0xDE9C9A5B >"
0xDE9C9A5C,"Kyle Killion","< 번역 누락 : 0xDE9C9A5C >"
0xDE9C9A5D,"Mike Kushner","< 번역 누락 : 0xDE9C9A5D >"
0xDE9C9A5E,"Raymond Langford","< 번역 누락 : 0xDE9C9A5E >"
0xDE9C9A5F,"Alex Lawson","< 번역 누락 : 0xDE9C9A5F >"
0xDE9C9A60,"Conrad Leiden","< 번역 누락 : 0xDE9C9A60 >"
0xDE9C9A61,"Matt Loft","< 번역 누락 : 0xDE9C9A61 >"
0xDE9C9A62,"Damon Lumley","< 번역 누락 : 0xDE9C9A62 >"
0xDE9C9A63,"Anh Luong","< 번역 누락 : 0xDE9C9A63 >"
0xDE9D9A99,"Daniel Martell","< 번역 누락 : 0xDE9D9A99 >"
0xDE9D9A9A,"Shaun McCourt","< 번역 누락 : 0xDE9D9A9A >"
0xDE9D9A9B,"Adam McIntosh","< 번역 누락 : 0xDE9D9A9B >"
0xDE9D9A9C,"Russell Medeiros","< 번역 누락 : 0xDE9D9A9C >"
0xDE9D9A9D,"James Melling","< 번역 누락 : 0xDE9D9A9D >"
0xDE9D9A9E,"Garrett Muldoon","< 번역 누락 : 0xDE9D9A9E >"
0xDE9D9A9F,"Mitchell Munter","< 번역 누락 : 0xDE9D9A9F >"
0xDE9D9AA0,"Stuart Oswald","< 번역 누락 : 0xDE9D9AA0 >"
0xDE9D9AA1,"Dee Patel","< 번역 누락 : 0xDE9D9AA1 >"
0xDE9D9AA2,"Eduardo Ponz","< 번역 누락 : 0xDE9D9AA2 >"
0xDE9E9AD8,"Andy Pritchard","< 번역 누락 : 0xDE9E9AD8 >"
0xDE9E9AD9,"Lucas Richard","< 번역 누락 : 0xDE9E9AD9 >"
0xDE9E9ADA,"Ryan Roque","< 번역 누락 : 0xDE9E9ADA >"
0xDE9E9ADB,"Joyce Sacman","< 번역 누락 : 0xDE9E9ADB >"
0xDE9E9ADC,"Joaquin Sanz Jimenez","< 번역 누락 : 0xDE9E9ADC >"
0xDE9E9ADD,"Seb Serrano","< 번역 누락 : 0xDE9E9ADD >"
0xDE9E9ADE,"Chance Shiflett","< 번역 누락 : 0xDE9E9ADE >"
0xDE9E9ADF,"Richard Silva","< 번역 누락 : 0xDE9E9ADF >"
0xDE9E9AE0,"Julie Staub","< 번역 누락 : 0xDE9E9AE0 >"
0xDE9E9AE1,"Jonas Stockfleth","< 번역 누락 : 0xDE9E9AE1 >"
0xDE9F9B17,"Chris Strong","< 번역 누락 : 0xDE9F9B17 >"
0xDE9F9B18,"Timo Tolonen","< 번역 누락 : 0xDE9F9B18 >"
0xDE9F9B19,"Eduardo Varela","< 번역 누락 : 0xDE9F9B19 >"
0xDE9F9B1A,"Robin Volker","< 번역 누락 : 0xDE9F9B1A >"
0xDE9F9B1B,"Tim Wileman","< 번역 누락 : 0xDE9F9B1B >"
0xDE9F9B1C,"Bobby Willams","< 번역 누락 : 0xDE9F9B1C >"
0xDEE62CBA,"Advanced Render Settings","고 급 설 정"
0xDEE668A2,"INSERT MIXING AGENTS","< 번역 누락 : 0xDEE668A2 >"
0xDEF1220B,"MISSION FAILED","< 번역 누락 : 0xDEF1220B >"
0xDF0987E0,"BIG PROBLEMS","커 다 란 문 제"
0xDF360BC3,"Adjust slider until logo barely appears in the center of the screen.","로고가 화면중앙에 나타날 때까지 슬라이더 바를 조종 하십시오."
0xDF450737,"KENDRA'S WARNING","켄 드 라 의 경 고"
0xDF818498,"Resolution","해 상 도"
0xDF8FAB8F,"THE MARKER","마 커"
0xDFA81164,"HAMMOND ON HYDROPONICS","재 배 구 역 의 해 먼 드"
0xDFE89B5B,"You Have Died","사망 했습니다"
0xE0469AE8,"BARRICADE DESTROYED","방 어 벽 파 괴"
0xE04C1AE8,"102","< 번역 누락 : 0xE04C1AE8 >"
0xE04DAD3C,"Activate the Elevators","엘리베이터 작동"
0xE09EE72A,"Use Power Nodes to upgrade your weapons and RIG.","파워노드를 사용하여 무기와 RIG를 업그레이드 한다."
0xE11CF6AB,"Stasis will slow down fast objects and enemies.","감속장비는 빠른 물체나 적의 속도를 느리게 한다."
0xE11FA5FA,"All Systems Go","< 번역 누락 : 0xE11FA5FA >"
0xE16E7736,"Find the Thermite","고열폭약을 찾아라"
0xE19B062C,"Destroy fuses to override ship systems.","퓨즈를 파괴하여 우주선 시스템을 통과할 수 있다."
0xE1B8E408,"PLASMA CUTTER series 2700","< 번역 누락 : 0xE1B8E408 >"
0xE21915AD,"Collect and use health packs to replenish your health bar.","회복제를 사용하여 생명력을 보충한다."
0xE25988EE,"VALUE","< 번역 누락 : 0xE25988EE >"
0xE27154B4,"[Navigate]Navigate        [Mouse_Accept]Select        [Mouse_Cancel]Back","< 번역 누락 : 0xE27154B4 >"
0xE2827B24,"CEO","< 번역 누락 : 0xE2827B24 >"
0xE283D5AE,"ENGINEERING LOG\nDANVERS, C. (QMED)\nRe: Organic growth in engineering (Update)\nThe unidentified growth seen in other parts of the ship has now reached engineering. I don't know what the hell this stuff is--looks like someone threw up their guts all over the walls--but it's spreading faster than we can cut it up, which is pretty disgusting in itself. \nIt's already in the engine spoke, and if we can't find a way to stop it soon, it'll hit the main chamber by the day after tomorrow.\nI hope the docs are looking into it, because it's way beyond me.","< 번역 누락 : 0xE283D5AE >"
0xE2A20A48,"Kyne can't get the Marker onboard until I restore gravity to the Hangar Bay.","중력을 복구하지 않으면 마커를 실을 수 없다"
0xE2CE8925,"FORCE GUN","포 스 건"
0xE2E346F8,"RESTORE POWER","전 원 복 구"
0xE3465125,"SUPERVISOR'S CHOICE","감 독 관 의 선 택"
0xE36C51F1,"Ammo for the Contact Beam.","컨택트빔 탄약"
0xE377FB20,"[Break_Grapple]","< 번역 누락 : 0xE377FB20 >"
0xE38DEEE3,"test","< 번역 누락 : 0xE38DEEE3 >"
0xE3E4DAA9,"TEMPLE ON THE BRIDGE","브 릿 지 의 템 플"
0xE404AB30,"THIS MODE IS NORMAL","< 번역 누락 : 0xE404AB30 >"
0xE4120940,"NULL","< 번역 누락 : 0xE4120940 >"
0xE4157334,"One Gun","< 번역 누락 : 0xE4157334 >"
0xE42811D1,"Build Engineering","< 번역 누락 : 0xE42811D1 >"
0xE431363C,"QA Administrative Assistant","< 번역 누락 : 0xE431363C >"
0xE439301D,"CEET","< 번역 누락 : 0xE439301D >"
0xE478EA0E,"13","< 번역 누락 : 0xE478EA0E >"
0xE47FA7B6,"Activate the Security Console","보안 장치를 작동시켜라"
0xE483642D,"VENT WARNING","환 풍 구"
0xE4909E83,"Bring this schematic to the store to unlock the Force Gun.","상점에 가져가면 잠금이 해제됩니다."
0xE4A9F900,"TK Module","유 도 장 비"
0xE4DC431E,"An EA Redwood Shores Production","< 번역 누락 : 0xE4DC431E >"
0xE4EFE7DF,"MAINTENANCE BAY UNLOCKED","관리구역 열림"
0xE4F21A08,"R1","< 번역 누락 : 0xE4F21A08 >"
0xE50FAD5B,"COMPOUND PROCESSING","< 번역 누락 : 0xE50FAD5B >"
0xE52AEC24,"Product Authentication Failed","< 번역 누락 : 0xE52AEC24 >"
0xE52CB039,"A sign-in change occurred. You are now being returned to the main menu.","< 번역 누락 : 0xE52CB039 >"
0xE5414679,"Contact Energy Schematic","컨택트 에너지 설계도"
0xE546DBB3,"[MenuA]","< 번역 누락 : 0xE546DBB3 >"
0xE546DBB4,"[RDRight]","< 번역 누락 : 0xE546DBB4 >"
0xE546DBCA,"[RDLeft]","< 번역 누락 : 0xE546DBCA >"
0xE546DBCB,"[RDUp]","< 번역 누락 : 0xE546DBCB >"
0xE57B52F8,"Grab Item","목표물 잡기"
0xE57B52F9,"PICK UP/RELEASE OBJECTS","< 번역 누락 : 0xE57B52F9 >"
0xE57B52FA,"REPEL","< 번역 누락 : 0xE57B52FA >"
0xE592FA77,"Tram Station","정 거 장"
0xE592FA78,"Atrium Hallway","관 제 실 복 도"
0xE592FA79,"Main Atrium","중 앙 관 제 실"
0xE592FA7A,"Lift to Captain's Nest","< 번역 누락 : 0xE592FA7A >"
0xE592FA7B,"ADS Hallway","A D S 복 도"
0xE592FA7F,"Security Station","보 안 구 역"
0xE5B9D1AF,"////basic controls","//// 기 본 조 작"
0xE5E3FECF,"MAX LOAD:","최대 적재량:"
0xE5E3FED0,"CARGO LIFT","승 강 기"
0xE5E88374,"International Marketing Manager","< 번역 누락 : 0xE5E88374 >"
0xE5EB8431,"International Product Manager","< 번역 누락 : 0xE5EB8431 >"
0xE5F96279,"Use Refill Canisters","보충용 용기 사용"
0xE64D6586,"CANCEL","취 소"
0xE67771FB,"JUMP","< 번역 누락 : 0xE67771FB >"
0xE67771FC,"NO-JUMP ZONE","< 번역 누락 : 0xE67771FC >"
0xE67D81C5,"TEST ALL","모두 테스트"
0xE691FB23,"LEVEL 6 SUIT","레벨 6 보호복"
0xE6A30E70,"Volatile chemical mixture.","불안정한 혼합화학약품"
0xE6A5597B,"Level 5 Suit Schematic","레벨 5 보호복 설계도"
0xE6C92695,"Chapter 6: Environmental Hazard","< 번역 누락 : 0xE6C92695 >"
0xE7403DE0,"Robert Bierman","< 번역 누락 : 0xE7403DE0 >"
0xE751D83D,"Lucas Dupleix","< 번역 누락 : 0xE751D83D >"
0xE7B21077,"Playing Catch","< 번역 누락 : 0xE7B21077 >"
0xE7E0E7B2,"[Stomp]","< 번역 누락 : 0xE7E0E7B2 >"
0xE80781E0,"Kill the Slug Boss with more than 50% shield strength remaining","< 번역 누락 : 0xE80781E0 >"
0xE8209590,"Chapter 1: New Arrivals","< 번역 누락 : 0xE8209590 >"
0xE8403E38,"AIM, FIRE, ALT FIRE","< 번역 누락 : 0xE8403E38 >"
0xE863B82F,"We've been attacked!  I'm cut off from Hammond and Kendra.  I've got to find somewhere safe, somewhere to hide...","두 사람과 떨어졌다.안전한 곳을 찾아야 한다."
0xE886E814,"Tonantzin Carmelo as Kendra Daniels","< 번역 누락 : 0xE886E814 >"
0xE886E815,"J.G. Hertzler as Captain Benjamin Mathius","< 번역 누락 : 0xE886E815 >"
0xE886E816,"Iyari Limon as Nicole Brennan","< 번역 누락 : 0xE886E816 >"
0xE886E817,"Peter Mensah as Sgt. Zach Hammond","< 번역 누락 : 0xE886E817 >"
0xE886E818,"Navid Negahban as Dr. Challus Mercer","< 번역 누락 : 0xE886E818 >"
0xE886E819,"Keith Szarabajka as Dr. Terrence Kyne","< 번역 누락 : 0xE886E819 >"
0xE89404C5,"Exit","< 번역 누락 : 0xE89404C5 >"
0xE8B52A93,"Kill 30 enemies with the Contact Beam","컨택트 빔으로 적 30명 제거"
0xE8B5F91B,"DATA BOARD","데이터 보드"
0xE8BD0E2E,"CHAPTER 01","001"
0xE8BD0E2F,"CHAPTER 02","002"
0xE8BD0E30,"CHAPTER 03","003"
0xE8BD0E31,"CHAPTER 04","004"
0xE8BD0E32,"CHAPTER 05","005"
0xE8BD0E33,"CHAPTER 06","006"
0xE8BD0E34,"CHAPTER 07","007"
0xE8BD0E35,"CHAPTER 08","008"
0xE8BD0E36,"CHAPTER 09","009"
0xE8BE0E6C,"CHAPTER 10","010"
0xE8BE0E6D,"CHAPTER 11","011"
0xE8BE0E6E,"CHAPTER 12","012"
0xE8BE0E6F,"TRAINING","조작 방법"
0xE8DDEBC1,"The storage device was removed during use. Load failed.","< 번역 누락 : 0xE8DDEBC1 >"
0xE90474C4,"PENG","< 번역 누락 : 0xE90474C4 >"
0xE911AEA8,"Luke Carpenter","< 번역 누락 : 0xE911AEA8 >"
0xE92432D9,"MAP","지 도"
0xE947AB3F,"Downloads","< 번역 누락 : 0xE947AB3F >"
0xE94C7182,"Featured Cast","< 번역 누락 : 0xE94C7182 >"
0xE97458A2,"The military ship USG Valor slammed into the Cargo Bay of the Ishimura.  The ship tore right through the Ishimura's hull.  I need to find a way inside.","군함 USM-밸러가 화물칸으로 충돌했다."
0xE9813EBC,"Install the Data Board","데이터보드를 설치하라"
0xE9D7E574,"OBJECTIVE\nINVALID","< 번역 누락 : 0xE9D7E574 >"
0xE9DB3588,"USE KINESIS\nTO MOVE LARGE OBJECTS","유도장비로 대형 목표물을 움직인다"
0xE9FB2466,"Lead Visual Effects Artist","< 번역 누락 : 0xE9FB2466 >"
0xEA32D602,"Associate Art Director - Environments","< 번역 누락 : 0xEA32D602 >"
0xEA628869,"FEEDING SYSTEM","@ 영 양 분 공 급"
0xEAA78A34,"Mathieu Pasteran","< 번역 누락 : 0xEAA78A34 >"
0xEAB10108,"Production Coordinator","< 번역 누락 : 0xEAB10108 >"
0xEAC3E360,"Marketing Intern","< 번역 누락 : 0xEAC3E360 >"
0xEB050DA6,"A broken tram car is blocking the whole system.  Looks like it got delivered to Tram Repair, but never got switched off the tracks.","부서진 전동차가 모든 시스템을 막고 있다."
0xEB27E48B,"Once I find the Crew Key, I'll be able to access the elevators down to the various Sleep Blocks on the deck.","취침실로 가려면 우선 승무원 열쇠를 찾아야 한다 ."
0xEB3D0542,"Bring this schematic to the store to unlock the Contact Energy.","상점에 가져가면 잠금이 해제됩니다."
0xEB487D34,"Senior Localization Testing Project Manager","< 번역 누락 : 0xEB487D34 >"
0xEB893556,"Key to the Maintenance Storage room.","관리구역 보관실 열쇠"
0xEBAC19ED,"Enter","Enter"
0xEC51671E,"Czech Localization Coordinator","< 번역 누락 : 0xEC51671E >"
0xEC52674F,"German Localization Coordinator","< 번역 누락 : 0xEC52674F >"
0xEC53679C,"Spanish Localization Coordinator","< 번역 누락 : 0xEC53679C >"
0xEC5467DA,"French Localization Coordinator","< 번역 누락 : 0xEC5467DA >"
0xEC56685B,"Hungarian Localization Coordinator","< 번역 누락 : 0xEC56685B >"
0xEC576899,"Italian Localization Coordinator","< 번역 누락 : 0xEC576899 >"
0xEC5E6A4A,"Polish Localization Coordinator","< 번역 누락 : 0xEC5E6A4A >"
0xEC606AD1,"Russian Localization Coordinator","< 번역 누락 : 0xEC606AD1 >"
0xEC8DB9EC,"Military Suit, Level 6","전 투 복. 레 벨 6"
0xECA11844,"Bring this schematic to the store to unlock the Level 5 Suit.","상점에 가져가면 잠금이 해제됩니다."
0xECDE4216,"Senior Engineer","< 번역 누락 : 0xECDE4216 >"
0xED022F3A,"Lighters","< 번역 누락 : 0xED022F3A >"
0xED1DD7B9,"Anne Vaganay","< 번역 누락 : 0xED1DD7B9 >"
0xED8DC50B,"Brad Trosin","< 번역 누락 : 0xED8DC50B >"
0xEDC266E5,"(Terrified, wordless moan)","< 번역 누락 : 0xEDC266E5 >"
0xEDC2670E,"Unh...","으아…"
0xEE443CA5,"TRUST","믿 음"
0xEE9589D5,"Kickin it","< 번역 누락 : 0xEE9589D5 >"
0xEF00338D,"There's always Peng!","언제나 Peng이 있다!"
0xEF139FC3,"Decals","탄 흔"
0xEF1C916F,"50\n\n40\n\n30\n\n20\n\n10\n\n00","< 번역 누락 : 0xEF1C916F >"
0xEF34BEEB,"On","켬"
0xEF3C9594,"Make us whole again.","우리 다시 하나로…"
0xEF43971B,"Make us whole again.","우리 다시 하나로…"
0xEF43971C,"Make us whole again.","우리 다시 하나로…"
0xEF629AC8,"///stereo","/// 스 테 레 오"
0xEF639B14,"///5.1 surround","/// 5.1 서라운드"
0xEF6EA1E1,"Look out!","조심해!"
0xEF6EA1E4,"They're coming out of the vents!","< 번역 누락 : 0xEF6EA1E4 >"
0xEF88D398,"PLAYBACK AUDIOLOG","재 생 중"
0xEFC2A58B,"Rich Ridlen","< 번역 누락 : 0xEFC2A58B >"
0xEFC2A58C,"Hans ten Cate","< 번역 누락 : 0xEFC2A58C >"
0xEFC2A58D,"Jeff Eith","< 번역 누락 : 0xEFC2A58D >"
0xF05516D8,"FIND THE NAV CARDS","운 항 카 드 를 찾 아 라"
0xF08AF134,"Kana","< 번역 누락 : 0xF08AF134 >"
0xF0927846,"Magyar","< 번역 누락 : 0xF0927846 >"
0xF09EA0D2,"Animators","< 번역 누락 : 0xF09EA0D2 >"
0xF0C4C270,"EA Games Senior Vice President","< 번역 누락 : 0xF0C4C270 >"
0xF0D67DDB,"Pack Rat","< 번역 누락 : 0xF0D67DDB >"
0xF0E71AC8,"Nicole said something about a Pedestal Chamber.  I need to bring the Marker there and plug it back into the pedestal somehow.  According to Dr. Kyne, that should trap the Hive Mind back into the core of the planet.  Kendra had said that the Marker was responsible for starting the necromorph infection.  Somehow it must have the power to also contain the creatures.","작업장의 받침대로 마커를 옮겨야 한다"
0xF11408BA,"ALERT ALERT ALERT","비상 비상 비상"
0xF14FC1D0,"There is no Dead Space Saved Game file on the selected storage device.\n\nYou will need to select a storage device with a valid Dead Space Saved Game file to proceed.","< 번역 누락 : 0xF14FC1D0 >"
0xF168ED83,"%1 appears to be damaged and cannot be used.","< 번역 누락 : 0xF168ED83 >"
0xF1883025,"CARGO CONTROL","@ 화 물 조 종 기"
0xF1C2F891,"PERSONAL LOG\nWHITE, D. (FIRST OFFICER)\nGoddamn Unis are running the ship. Known so far:\nCaptain Mathius\nCSO Kyne\n2SO Mercer\nLCDR Holt\nLT Carrillo\nLTJG Pitts\nLTJG Wrede\nENS Maynard\nENS Shande\nENS Espeleta\nENS Natividad","< 번역 누락 : 0xF1C2F891 >"
0xF25E5799,"Dena Ashbaugh","< 번역 누락 : 0xF25E5799 >"
0xF25E579A,"Kay Bess","< 번역 누락 : 0xF25E579A >"
0xF25E579B,"Claudia Besso","< 번역 누락 : 0xF25E579B >"
0xF25E579C,"Bryan Bloom","< 번역 누락 : 0xF25E579C >"
0xF25E579D,"Patrick Cavanaugh","< 번역 누락 : 0xF25E579D >"
0xF25E579E,"Dustin James","< 번역 누락 : 0xF25E579E >"
0xF25E579F,"April Jones","< 번역 누락 : 0xF25E579F >"
0xF25E57A0,"Matt Kaminsky","< 번역 누락 : 0xF25E57A0 >"
0xF25E57A1,"Scott MacDonald","< 번역 누락 : 0xF25E57A1 >"
0xF27E644C,"OUTPUT CIRCUIT (DMG)","< 번역 누락 : 0xF27E644C >"
0xF27E644D,"This will upgrade your DAMAGE by %g pts.","< 번역 누락 : 0xF27E644D >"
0xF31EFD97,"Return to the Shuttle","우주선으로 돌아가라"
0xF33C778E,"Core Engineering","< 번역 누락 : 0xF33C778E >"
0xF3512C23,"THE USG ISHIMURA","USG 이 시 무 라"
0xF36341CA,"Poski","< 번역 누락 : 0xF36341CA >"
0xF3982AEA,"Doug Brooks","< 번역 누락 : 0xF3982AEA >"
0xF3CE969C,"Processing log. Supervisor 2nd Engineer Dallas reporting. This will be my last report.  I've seen what they do...to the bodies.  What they become.  I can't let that happen to me.  At least if I don't have any limbs...I won't be able to kill anyone when I'm infected...","처리작업기록.보조기술자 감독관 달라스 보고. 이게 마지막 기록이 될것이다.그놈들이 시체에 한짓을…변화를 보고말았다.나한테는 어림도 없다.적어도 내가 팔다리가 없으면…감염되더라도 누굴 죽이진 못하겠지…"
0xF3CE969D,"Please, tell Dawn... and the kids... that I love them.","제발,던과 아이들에게…사랑한다고 전해줘."
0xF3CE969E,"Oh God...","신이시여…"
0xF3CE969F,"One more...one more...","한번 더… 하나만 더…"
0xF3CE96A0,"Dr. Kyne! What the hell are you... Aaah!","카인 박사님! 대체 무슨 짓을… 아악!"
0xF3CF96AA,"You... idiot! This is... processing! Why the hell... would I have codes... to cargo?","…멍청한! 이건…작동중이야! 난 코드를…몰라"
0xF3CF96AC,"I don't... have them! Is this... what you did... to the captain? Go on... shoot me if you've got... the balls!","난…모른다니까!대체…선장님한테 무슨짓을 했어? 어디…쏴봐!배짱도 없는 주제에!"
0xF3CF96AE,"He's completely lost it... Somebody call security!","완전히 돌았구나… 경비를 불러!"
0xF3E22A8C,"Butcher","< 번역 누락 : 0xF3E22A8C >"
0xF409F963,"20","< 번역 누락 : 0xF409F963 >"
0xF430DF4C,"Character Rigger","< 번역 누락 : 0xF430DF4C >"
0xF43A7A5D,"Shader Quality","쉐 이 더 수 준"
0xF45BC2AE,"Back","뒤 로"
0xF48AD758,"PLASMA CUTTER","플라즈마 커터"
0xF498FCDC,"Jakub Nowicki","< 번역 누락 : 0xF498FCDC >"
0xF4BCA820,"Tim Clifford","< 번역 누락 : 0xF4BCA820 >"
0xF4BCA821,"Adam Gousetis","< 번역 누락 : 0xF4BCA821 >"
0xF4BCA822,"Ian Patterson","< 번역 누락 : 0xF4BCA822 >"
0xF4CCB620,"Make us whole again.","우리 다시 하나로…"
0xF4FEC269,"They just keep coming!","< 번역 누락 : 0xF4FEC269 >"
0xF4FEC26A,"Look out!","조심해!"
0xF4FEC26D,"Captain, we can't hold this position","< 번역 누락 : 0xF4FEC26D >"
0xF51D834A,"ASTEROID LAUNCHED","소 행 성 발 사 완 료"
0xF531E5FD,"Custom","사 용 자"
0xF5716876,"KENDRA AGREES","< 번역 누락 : 0xF5716876 >"
0xF5884116,"Drop","버리기"
0xF58B1F6C,"STASIS PACK","감속장비 팩"
0xF5BC0CCE,"CAPTAIN'S DEMISE","선 장 의 죽 음"
0xF5D472A3,"FINISH THE POISON","독 을 완 성 하 라"
0xF5F1F7D9,"QA Compliance Leads","< 번역 누락 : 0xF5F1F7D9 >"
0xF6302E17,"Meet Kyne at the Shuttle","우주선에서 카인을 만나라"
0xF649C65B,"Space","Space"
0xF6556E3F,"Comms Array Chamber","통 신 배 열 장 치"
0xF65A9652,"MESSAGE FROM NICOLE","니콜의 메시지"
0xF66CF075,"Control Room Barracks","< 번역 누락 : 0xF66CF075 >"
0xF66CF076,"Authorized Personnel Only","< 번역 누락 : 0xF66CF076 >"
0xF66DF0B4,"Gravity Tether Control Room","< 번역 누락 : 0xF66DF0B4 >"
0xF66DF0B5,"Warning: Sensitive Equipment","< 번역 누락 : 0xF66DF0B5 >"
0xF66EF0F3,"Gravity Tether Computer Room","< 번역 누락 : 0xF66EF0F3 >"
0xF66EF0F4,"Authorized Personnel Only","< 번역 누락 : 0xF66EF0F4 >"
0xF66FF132,"Landing Pad","착 륙 장"
0xF66FF133,"Warning: Active Flight Operations","< 번역 누락 : 0xF66FF133 >"
0xF670F171,"Control Room Barracks","< 번역 누락 : 0xF670F171 >"
0xF670F172,"Authorized Personnel Only","< 번역 누락 : 0xF670F172 >"
0xF671F1B0,"Gravity Tether Operations A","< 번역 누락 : 0xF671F1B0 >"
0xF671F1B1,"Authorized Personnel Only","< 번역 누락 : 0xF671F1B1 >"
0xF672F1EF,"Landing Pad","착 륙 장"
0xF672F1F0,"Warning: Active Flight Operations","< 번역 누락 : 0xF672F1F0 >"
0xF672FC27,"WE'LL FIND HER","그녀를 찾을 것이다"
0xF673F22E,"Gravity Tether Operations A","< 번역 누락 : 0xF673F22E >"
0xF673F22F,"Authorized Personnel Only","< 번역 누락 : 0xF673F22F >"
0xF674F26D,"Landing Pad","착 륙 장"
0xF674F26E,"Warning: Active Flight Operations","< 번역 누락 : 0xF674F26E >"
0xF679E30A,"This will upgrade your DURATION by %g pts.","< 번역 누락 : 0xF679E30A >"
0xF687C906,"Complete Chapter 9 on any difficulty setting","< 번역 누락 : 0xF687C906 >"
0xF69DF003,"THERMITE BOMB","고열폭탄"
0xF6C56FCB,"FORCE GUN","포 스 건"
0xF6E9FFB7,"Gravity Tether Operations A","< 번역 누락 : 0xF6E9FFB7 >"
0xF6E9FFB8,"Authorized Personnel Only","< 번역 누락 : 0xF6E9FFB8 >"
0xF6EAFFF6,"Landing Pad","착 륙 장"
0xF6EAFFF7,"Warning: Active Flight Operations","< 번역 누락 : 0xF6EAFFF7 >"
0xF6EC0035,"Gravity Tether Operations A","< 번역 누락 : 0xF6EC0035 >"
0xF6EC0036,"Authorized Personnel Only","< 번역 누락 : 0xF6EC0036 >"
0xF6ECC4D4,"Loading...","실행중---"
0xF6ED0074,"Landing Pad","착 륙 장"
0xF6ED0075,"Warning: Active Flight Operations","< 번역 누락 : 0xF6ED0075 >"
0xF6EE00B3,"Gravity Tether Core","< 번역 누락 : 0xF6EE00B3 >"
0xF6EE00B4,"Authorized Personnel Only","< 번역 누락 : 0xF6EE00B4 >"
0xF6EF00F2,"Gravity Tether Operations A","< 번역 누락 : 0xF6EF00F2 >"
0xF6EF00F3,"Authorized Personnel Only","< 번역 누락 : 0xF6EF00F3 >"
0xF6F00131,"Gravity Tether Core","< 번역 누락 : 0xF6F00131 >"
0xF6F00132,"Authorized Personnel Only","< 번역 누락 : 0xF6F00132 >"
0xF6F10170,"Gravity Tether Operations A","< 번역 누락 : 0xF6F10170 >"
0xF6F10171,"Authorized Personnel Only","< 번역 누락 : 0xF6F10171 >"
0xF6F201AF,"Gravity Tether Core","< 번역 누락 : 0xF6F201AF >"
0xF6F201B0,"Authorized Personnel Only","< 번역 누락 : 0xF6F201B0 >"
0xF6F301EE,"Gravity Tether Operations A","< 번역 누락 : 0xF6F301EE >"
0xF6F301EF,"Authorized Personnel Only","< 번역 누락 : 0xF6F301EF >"
0xF71CB862,"Continue without saving","< 번역 누락 : 0xF71CB862 >"
0xF72A51F3,"Senior QA Test Lead","< 번역 누락 : 0xF72A51F3 >"
0xF7680F38,"Gravity Tether Core","< 번역 누락 : 0xF7680F38 >"
0xF7680F39,"Authorized Personnel Only","< 번역 누락 : 0xF7680F39 >"
0xF7690F77,"Gravity Tether Operations A","< 번역 누락 : 0xF7690F77 >"
0xF7690F78,"Authorized Personnel Only","< 번역 누락 : 0xF7690F78 >"
0xF76A0FB6,"Gravity Tether Operations B","< 번역 누락 : 0xF76A0FB6 >"
0xF76A0FB7,"Authorized Personnel Only","< 번역 누락 : 0xF76A0FB7 >"
0xF76B0FF5,"Gravity Tether Core","< 번역 누락 : 0xF76B0FF5 >"
0xF76B0FF6,"Authorized Personnel Only","< 번역 누락 : 0xF76B0FF6 >"
0xF76C1034,"Gravity Tether Operations B","< 번역 누락 : 0xF76C1034 >"
0xF76C1035,"Authorized Personnel Only","< 번역 누락 : 0xF76C1035 >"
0xF76D1073,"Gravity Tether Core","< 번역 누락 : 0xF76D1073 >"
0xF76D1074,"Authorized Personnel Only","< 번역 누락 : 0xF76D1074 >"
0xF76E10B2,"Gravity Tether Operations B","< 번역 누락 : 0xF76E10B2 >"
0xF76E10B3,"Authorized Personnel Only","< 번역 누락 : 0xF76E10B3 >"
0xF76F10F1,"Gravity Tether Core","< 번역 누락 : 0xF76F10F1 >"
0xF76F10F2,"Authorized Personnel Only","< 번역 누락 : 0xF76F10F2 >"
0xF7701130,"Gravity Tether Operations B","< 번역 누락 : 0xF7701130 >"
0xF7701131,"Authorized Personnel Only","< 번역 누락 : 0xF7701131 >"
0xF771116F,"Gravity Tether Core","< 번역 누락 : 0xF771116F >"
0xF7711170,"Authorized Personnel Only","< 번역 누락 : 0xF7711170 >"
0xF778F78E,"\n","< 번역 누락 : 0xF778F78E >"
0xF78C5C08,"Space","Space"
0xF78C5C15,"Space","Space"
0xF7955E3F,"Space","Space"
0xF7955E4C,"Space","Space"
0xF7E61EB9,"Excavation Site","< 번역 누락 : 0xF7E61EB9 >"
0xF7E61EBA,"WARNING:  SEALED BY ORDER OF CAPTAIN MATHIUS","< 번역 누락 : 0xF7E61EBA >"
0xF7E71EF8,"Gravity Tether Operations B","< 번역 누락 : 0xF7E71EF8 >"
0xF7E71EF9,"Authorized Personnel Only","< 번역 누락 : 0xF7E71EF9 >"
0xF7E81F37,"Excavation Site","< 번역 누락 : 0xF7E81F37 >"
0xF7E81F38,"WARNING:  SEALED BY ORDER OF CAPTAIN MATHIUS","< 번역 누락 : 0xF7E81F38 >"
0xF7E91F76,"Gravity Tether Operations B","< 번역 누락 : 0xF7E91F76 >"
0xF7E91F77,"Authorized Personnel Only","< 번역 누락 : 0xF7E91F77 >"
0xF7EA1FB5,"Excavation Site","< 번역 누락 : 0xF7EA1FB5 >"
0xF7EA1FB6,"WARNING:  SEALED BY ORDER OF CAPTAIN MATHIUS","< 번역 누락 : 0xF7EA1FB6 >"
0xF7EB1FF4,"Gravity Tether Operations B","< 번역 누락 : 0xF7EB1FF4 >"
0xF7EB1FF5,"Authorized Personnel Only","< 번역 누락 : 0xF7EB1FF5 >"
0xF7EC2033,"Excavation Site","< 번역 누락 : 0xF7EC2033 >"
0xF7EC2034,"WARNING:  SEALED BY ORDER OF CAPTAIN MATHIUS","< 번역 누락 : 0xF7EC2034 >"
0xF7ED2072,"Gravity Tether Operations B","< 번역 누락 : 0xF7ED2072 >"
0xF7ED2073,"Authorized Personnel Only","< 번역 누락 : 0xF7ED2073 >"
0xF7EE20B1,"Return to Landing Pad","< 번역 누락 : 0xF7EE20B1 >"
0xF7EE20B2,"Personnel must undergo decontamination when leaving Excavation Site","< 번역 누락 : 0xF7EE20B2 >"
0xF7EF20F0,"Return to Landing Pad","< 번역 누락 : 0xF7EF20F0 >"
0xF7EF20F1,"Personnel must undergo decontamination when leaving Excavation Site","< 번역 누락 : 0xF7EF20F1 >"
0xF804FD1C,"SCHEMATIC\nACQUIRED","< 번역 누락 : 0xF804FD1C >"
0xF82B121E,"Alt","< 번역 누락 : 0xF82B121E >"
0xF840712E,"Pako Barreras","< 번역 누락 : 0xF840712E >"
0xF8570D15,"[Elev_Select]Select","< 번역 누락 : 0xF8570D15 >"
0xF8642E3A,"Return to Landing Pad","< 번역 누락 : 0xF8642E3A >"
0xF8642E3B,"Authorized Personnel Only","< 번역 누락 : 0xF8642E3B >"
0xF8652E79,"Control Room Barracks","< 번역 누락 : 0xF8652E79 >"
0xF8652E7A,"Authorized Personnel Only","< 번역 누락 : 0xF8652E7A >"
0xF8662EB8,"Emergency Supplies","< 번역 누락 : 0xF8662EB8 >"
0xF8662EB9,"Authorized Personnel Only","< 번역 누락 : 0xF8662EB9 >"
0xF8767439,"Timothy Weisser","< 번역 누락 : 0xF8767439 >"
0xF894EA3C,"Senior Level Designer","< 번역 누락 : 0xF894EA3C >"
0xF89E46A0,"Online Marketing Manager","< 번역 누락 : 0xF89E46A0 >"
0xF8C4B09D,"Gravity\nactivated","< 번역 누락 : 0xF8C4B09D >"
0xF8F2A963,"Exterminator","< 번역 누락 : 0xF8F2A963 >"
0xF8F72F54,"Power System","전 원 장 치"
0xF9415E97,"Go to the Flight Deck","비행 갑판으로 가라"
0xF945DE7C,"External Airlock","< 번역 누락 : 0xF945DE7C >"
0xF945DE7D,"Prepare for Deployment","< 번역 누락 : 0xF945DE7D >"
0xF946DEBB,"Elevator to Upper Deck","< 번역 누락 : 0xF946DEBB >"
0xF946DEBC,"Proper Rank Required","< 번역 누락 : 0xF946DEBC >"
0xF947DEFA,"Cargo Room","화 물 실"
0xF947DEFB,"Danger:  Automatic machinery in operation","< 번역 누락 : 0xF947DEFB >"
0xF948DF39,"To External Airlock","< 번역 누락 : 0xF948DF39 >"
0xF948DF3A,"Prepare for Deployment","< 번역 누락 : 0xF948DF3A >"
0xF949DF78,"Torpedo Room","어 뢰 실"
0xF949DF79,"Explosives Rated Marines ONLY","< 번역 누락 : 0xF949DF79 >"
0xF94A1E26,"Once I've put together an explosive, I can blow up the barricade.   Then I need to make my way through the Emergency wing and find the Morgue.","방어벽을 파괴하고 영안실로 가는 길을 찾아야 한다."
0xF94ADFB7,"Cargo Room","화 물 실"
0xF94ADFB8,"Danger:  Automatic machinery in operation","< 번역 누락 : 0xF94ADFB8 >"
0xF94BDFF6,"To Elevator to Upper Deck","< 번역 누락 : 0xF94BDFF6 >"
0xF94BDFF7,"Proper Rank Required","< 번역 누락 : 0xF94BDFF7 >"
0xF94CE035,"Torpedo Room","어 뢰 실"
0xF94CE036,"Explosives Rated Marines ONLY","< 번역 누락 : 0xF94CE036 >"
0xF94DE074,"To Elevator to Upper Deck","< 번역 누락 : 0xF94DE074 >"
0xF94DE075,"Proper Rank Required","< 번역 누락 : 0xF94DE075 >"
0xF96CF50B,"The Marker is being stored in the Cargo Bay of the Flight Deck.  I have to transfer it from there up to the Hangar Bay.  Kendra seems more interested in the shuttle than in Kyne's plan to trap the Hive Mind.  I can't really blame her.  We need to get off the Ishimura.","화물칸에 보관된 마커를 격납고로 옮겨야 한다"
0xF972B264,"KYNE'S HOSTAGE","카 인 의 인 질"
0xF984BA0B,"Shift","< 번역 누락 : 0xF984BA0B >"
0xF984BA18,"Shift","< 번역 누락 : 0xF984BA18 >"
0xF98DBC42,"Shift","< 번역 누락 : 0xF98DBC42 >"
0xF98DBC4F,"Shift","< 번역 누락 : 0xF98DBC4F >"
0xF99E3EE0,"Delete","< 번역 누락 : 0xF99E3EE0 >"
0xF9C2EDBE,"Torpedo Room","어 뢰 실"
0xF9C2EDBF,"Explosives Rated Marines ONLY","< 번역 누락 : 0xF9C2EDBF >"
0xF9C3EDFD,"Elevator to Upper Deck","< 번역 누락 : 0xF9C3EDFD >"
0xF9C3EDFE,"Proper Rank Required","< 번역 누락 : 0xF9C3EDFE >"
0xF9C4EE3C,"Cargo Room","화 물 실"
0xF9C4EE3D,"Danger:  Automatic machinery in operation","< 번역 누락 : 0xF9C4EE3D >"
0xF9C5EE7B,"Elevator to Lower Deck","< 번역 누락 : 0xF9C5EE7B >"
0xF9C5EE7C,"Proper Rank Required","< 번역 누락 : 0xF9C5EE7C >"
0xF9C6EEBA,"To Elevator to Lower Deck","< 번역 누락 : 0xF9C6EEBA >"
0xF9C6EEBB,"Proper Rank Required","< 번역 누락 : 0xF9C6EEBB >"
0xF9C7EEF9,"To Elevator to Lower Deck","< 번역 누락 : 0xF9C7EEF9 >"
0xF9C7EEFA,"Proper Rank Required","< 번역 누락 : 0xF9C7EEFA >"
0xF9C8EF38,"Engine Room","엔 진 실"
0xF9C8EF39,"WARNING: EXTREME RADIATION LEAK DETECTED","< 번역 누락 : 0xF9C8EF39 >"
0xF9C9EF77,"Access to Lower Engine Room","< 번역 누락 : 0xF9C9EF77 >"
0xF9C9EF78,"Proper Rank Required","< 번역 누락 : 0xF9C9EF78 >"
0xF9CAEFB6,"To Barracks","< 번역 누락 : 0xF9CAEFB6 >"
0xF9CAEFB7,"Proper Rank Required","< 번역 누락 : 0xF9CAEFB7 >"
0xF9CBEFF5,"To Engine Room","< 번역 누락 : 0xF9CBEFF5 >"
0xF9CBEFF6,"WARNING: EXTREME RADIATION LEAK DETECTED","< 번역 누락 : 0xF9CBEFF6 >"
0xF9D1016E,"Raven Cao","< 번역 누락 : 0xF9D1016E >"
0xF9D1016F,"Gloria Chen","< 번역 누락 : 0xF9D1016F >"
0xF9D10170,"Spark Chen","< 번역 누락 : 0xF9D10170 >"
0xF9D10171,"Saja Fu","< 번역 누락 : 0xF9D10171 >"
0xF9D10172,"Arvin He","< 번역 누락 : 0xF9D10172 >"
0xF9D10173,"Andrew Hu","< 번역 누락 : 0xF9D10173 >"
0xF9D10174,"Lily Huang","< 번역 누락 : 0xF9D10174 >"
0xF9D10175,"Morgan Li","< 번역 누락 : 0xF9D10175 >"
0xF9D10176,"Vane Li","< 번역 누락 : 0xF9D10176 >"
0xF9D38ABD,"Post Processing","후 처 리"
0xFA113BE8,"ASTROGATION MODULE PLACED","항 해 장 치 수 정"
0xFA213835,"Kill 30 enemies with the Plasma Cutter","< 번역 누락 : 0xFA213835 >"
0xFA255090,"End","< 번역 누락 : 0xFA255090 >"
0xFA2A51CA,"Esc","< 번역 누락 : 0xFA2A51CA >"
0xFA40FD3F,"To Barracks","< 번역 누락 : 0xFA40FD3F >"
0xFA40FD40,"Proper Rank Required","< 번역 누락 : 0xFA40FD40 >"
0xFA41FD7E,"To Engine Room","< 번역 누락 : 0xFA41FD7E >"
0xFA41FD7F,"WARNING: EXTREME RADIATION LEAK DETECTED","< 번역 누락 : 0xFA41FD7F >"
0xFA42FDBD,"To Barracks","< 번역 누락 : 0xFA42FDBD >"
0xFA42FDBE,"Proper Rank Required","< 번역 누락 : 0xFA42FDBE >"
0xFA43FDFC,"To Engine Room","< 번역 누락 : 0xFA43FDFC >"
0xFA43FDFD,"WARNING: EXTREME RADIATION LEAK DETECTED","< 번역 누락 : 0xFA43FDFD >"
0xFA44FE3B,"Barracks","막 사"
0xFA44FE3C,"Proper Rank Required","< 번역 누락 : 0xFA44FE3C >"
0xFA45FE7A,"Exit","< 번역 누락 : 0xFA45FE7A >"
0xFA45FE7B,"Check All Gear","< 번역 누락 : 0xFA45FE7B >"
0xFA46FEB9,"Elevator to Lower Deck","< 번역 누락 : 0xFA46FEB9 >"
0xFA46FEBA,"Proper Rank Required","< 번역 누락 : 0xFA46FEBA >"
0xFA47FEF8,"To Armory","< 번역 누락 : 0xFA47FEF8 >"
0xFA47FEF9,"Danger: Volatile Ammunition","< 번역 누락 : 0xFA47FEF9 >"
0xFA48FF37,"To Elevator to Lower Deck","< 번역 누락 : 0xFA48FF37 >"
0xFA48FF38,"Proper Rank Required","< 번역 누락 : 0xFA48FF38 >"
0xFA49FF76,"To Armory","< 번역 누락 : 0xFA49FF76 >"
0xFA49FF77,"Danger: Volatile Ammunition","< 번역 누락 : 0xFA49FF77 >"
0xFA6650DA,"F10","< 번역 누락 : 0xFA6650DA >"
0xFA6650DB,"F11","< 번역 누락 : 0xFA6650DB >"
0xFA6650DC,"F12","< 번역 누락 : 0xFA6650DC >"
0xFA869621,"High-energy mineral cutter.","고출력 광물 절단기"
0xFAAFC56C,"SHOOT THE LIMBS","사 지 절 단"
0xFAB020BD,"Isaac, it's me.  I wish I could talk to you.  I'm sorry.  I'm sorry about everything. I wish I could just talk to someone. It's all falling apart here.  I can't believe what's happening... It's strange...such a little thing...","아이작,나야.자기한테 말하고 싶었는데.미안해,전부…그저 누구라도 얘기할 사람을 원했는데…여긴 엉망이야.무슨 일이 일어나고 있는지 모르겠어… 이상해…그런 사소한 일이…"
0xFABF0CC0,"To Elevator to Lower Deck","< 번역 누락 : 0xFABF0CC0 >"
0xFABF0CC1,"Proper Rank Required","< 번역 누락 : 0xFABF0CC1 >"
0xFAC00CFF,"To Infirmary","< 번역 누락 : 0xFAC00CFF >"
0xFAC00D00,"All Marines must undergo examination","< 번역 누락 : 0xFAC00D00 >"
0xFAC10D3E,"Armory","무 기 고"
0xFAC10D3F,"Danger: Volatile Ammunition","< 번역 누락 : 0xFAC10D3F >"
0xFAC20D7D,"Infirmary","의 무 실"
0xFAC20D7E,"All Marines must undergo examination","< 번역 누락 : 0xFAC20D7E >"
0xFAC30DBC,"To Armory","< 번역 누락 : 0xFAC30DBC >"
0xFAC30DBD,"Danger: Volatile Ammunition","< 번역 누락 : 0xFAC30DBD >"
0xFAC40DFB,"To Barracks","< 번역 누락 : 0xFAC40DFB >"
0xFAC40DFC,"Proper Rank Required","< 번역 누락 : 0xFAC40DFC >"
0xFAC50E3A,"Infirmary","의 무 실"
0xFAC50E3B,"All Marines must undergo examination","< 번역 누락 : 0xFAC50E3B >"
0xFAC60E79,"Barracks","막 사"
0xFAC60E7A,"Proper Rank Required","< 번역 누락 : 0xFAC60E7A >"
0xFAC70EB8,"To Infirmary","< 번역 누락 : 0xFAC70EB8 >"
0xFAC70EB9,"All Marines must undergo examination","< 번역 누락 : 0xFAC70EB9 >"
0xFAC80EF7,"To Tram Station","< 번역 누락 : 0xFAC80EF7 >"
0xFAC80EF8,"All cargo logs must be reconsiled before leaving","< 번역 누락 : 0xFAC80EF8 >"
0xFACCA373,"WELD NODE","노드 주입"
0xFACCA374,"Commit node to this circuit?\n\n[Upgrade_Accept]YES  [Upgrade/Cancel]NO","< 번역 누락 : 0xFACCA374 >"
0xFADCF403,"MARKER OVERVIEW","마 커 개 요"
0xFB173452,"Holo-cards containing shuttle navigation data.","운송선의 항해 자료가 들어있는 카드."
0xFB17CAD6,"German Product Manager","< 번역 누락 : 0xFB17CAD6 >"
0xFB17CADB,"German Public Relations","< 번역 누락 : 0xFB17CADB >"
0xFB313102,"This is Senior Medical Officer Nicole Brennan, transmitting ship wide.  We need more help! We don't have the resources to deal with this many cases. Nobody will tell us what's happening. These wounds...we're not equipped to deal with this...","여기는 선임의료관 니콜 브레넌.선내 전체에 송신중입니다.지원이 필요합니다.환자가 너무 많아 인원이 부족합니다.상황을 전혀 알수가 없어요! 이런 상처는…어떻게 치료를 해야…"
0xFB31312A,"God... Get him to the table! Hold him! Nurse, you hold him down!","정말… 침대로 옮겨요!꽉 잡아요! 간호사,잡으라니까!"
0xFB31312B,"Christ! End recording!","미치겠어! 녹화종료!"
0xFB3D1C41,"Zero-G Ore Storage","< 번역 누락 : 0xFB3D1C41 >"
0xFB3D1C42,"WARNING: RAW MATERIALS STORED IN ZERO GRAVITY","< 번역 누락 : 0xFB3D1C42 >"
0xFB3E1C80,"To Zero-G Ore Storage","< 번역 누락 : 0xFB3E1C80 >"
0xFB3E1C81,"WARNING: RAW MATERIALS STORED IN ZERO GRAVITY","< 번역 누락 : 0xFB3E1C81 >"
0xFB3F1CBF,"To Tram Station","< 번역 누락 : 0xFB3F1CBF >"
0xFB3F1CC0,"All cargo logs must be reconsiled before leaving","< 번역 누락 : 0xFB3F1CC0 >"
0xFB52192C,"Dave Feise","< 번역 누락 : 0xFB52192C >"
0xFB52192D,"Andrew Lackey","< 번역 누락 : 0xFB52192D >"
0xFB52192E,"David Swenson","< 번역 누락 : 0xFB52192E >"
0xFB7D342F,"Isaac...Isaac...where are you...it's me...Nicole...","아이작… 아이작… 어디있어… 나야… 니콜…"
0xFBE02418,"Synthesis International S.r.l.","< 번역 누락 : 0xFBE02418 >"
0xFBEAB774,"ITEM","아 이 템"
0xFBF742B1,"Isaac... Where are you? Help me...","아이작… 어디있어? 도와줘…"
0xFBF842F6,"Isaac! Is that really you? It feels like it's been so long... But I can help you, now.  Come with me.","아이작!정말 자기야?정말 오랜만인것 같아… 내가 도와줄수 있어.같이 가자."
0xFBF842F7,"The Beacon's in the storage room next to you.  I think I can disable the lock from here.  Hold on!","신호기는 옆 보관실에 있어.여기서 문을 열수 있을 거야. 기다려!"
0xFBF842F8," Okay, the door's unlocked, Isaac.  I can't get over to you...but I'll find a  way. I love you...this will all be over soon... ","열렸어,아이작.자기한테 갈수가 없어…방법을 찾아볼게.사랑해…곧 모든게 끝날거야…"
0xFBFE4470,"Isaac... Make us whole again...","아이작… 우리 다시 하나로…"
0xFC1C8ADE,"Access Bench","벤 치 접 속"
0xFC1C8ADF,"TOOL SELECT","< 번역 누락 : 0xFC1C8ADF >"
0xFC1C8AE0,"SLOT TYPES","< 번역 누락 : 0xFC1C8AE0 >"
0xFC1C8AE1,"MAP PATHS","< 번역 누락 : 0xFC1C8AE1 >"
0xFC1D8EA3,"Insert","< 번역 누락 : 0xFC1D8EA3 >"
0xFC284EC3,"Isaac! It's Nicole!  I need you to help me, help us! Now! I'm... I'm in the flight control room! Please, Isaac hurry! Please... I love you...","아이작! 니콜이예요! 도움이 필요해요,우릴 도와줘요!지금! 나…나는 비행 조종실에 있어요! 제발,아이작 서둘러요! 제발… 사랑해요…"
0xFC284EC5,"Isaac! Is that really you? I never thought we'd be together again! God, I'm -  I'm so sorry! I'm so sorry for what I did... I never wanted to hurt you...You need to get it back now, Isaac. You can pilot the shuttle remotely from here! Make us whole again!! Make us whole again...","아이작!정말 자기지?다시 만나리라곤 생각치도 못했어.정말,아- 정말 미안해.내가 그랬던 것…자기를 아프게할 마음은 없었는데…운송선을 복귀시켜야돼,아이작.여기서 원격조종이 가능해.우린 다시 하나가 되는거야.다시…"
0xFC284EC8,"It doesn't matter. She can't escape her fate... None of us can.","상관 없어.저 여자도 우리도…운명에서 벗어날 순 없어…"
0xFC284EF1," Here it comes! I'll reprogram the shuttle so we can fly down to the colony. We're so close Isaac. Now go! Get on shuttle! I'll meet you there!","왔어.콜로니로 가려면 운송선 재입력이 필요해.아주 가까워,아이작.먼저 가서 타.금방 따라갈게."
0xFC284EF2,"You're doing the right thing, Isaac. We're together now, the way it always should have been. I  knew you would come back for me. Nothing can stop us now...","올바른 일을 하는거야,아이작.언제나처럼 이제 우린 함께야.돌아올줄 알았어.이젠 아무것도 우릴 막지 못해…"
0xFC284EF3,"Isaac! Use one of the loaders to get the Marker off the shuttle!","아이작!운반기를 써서 마커를 운송선에서 내려."
0xFC294EFF,"Thank you, Isaac. I always believed in you. I knew you would return to me. We are whole again, Isaac. We are whole...","고마워,아이작.언제나 믿었어.돌아오리라고.우리 다시 하나가 되는거야,아이작.다시 하나가…"
0xFC294F02,"In the end, it all comes down to this one little thing... I didn't want it to end like this.  I really wanted to see you again, just once.  I loved you.  I always loved you. ","결국 모든게 사소한 일 때문에…이렇게 끝내고 싶지는 않았어.다시 만나길 간절히 원했는데,한번만이라도.사랑했어.언제나 사랑했어."
0xFC9A9A5F,"Aim Mode","조 준"
0xFCA95F07,"Isaac, it's me.  I wish I could talk to you.  I'm sorry.  I'm sorry about everything.  I wish I could just... talk to someone. It's all falling apart here.  I can't believe what's happening... It's strange... such a little thing...","아이작.자기한테 말하고 싶었는데.미안해,전부… 그저 누구라도 얘기할 사람을 원했는데… 여긴 엉망이야.무슨 일이 일어났는지 모르겠어…이상해…그런 사소한 일 때문에…"
0xFCAA5F43,"Isaac, the Marker needs to be returned to the Pedestal Chamber. Use the loader to bring it there and place it on the pedestal. Replace what was taken, and make us whole again.","아이작,마커를 작업장에 돌려놔야돼.운반기로 옮기고 나서 거기있는 받침대 위에 올려.그러면 우린 다시 하나가 되는 거야."
0xFCAB5F82,"Isaac, you're almost there.  You'll have to restore power to the bridges to move the Marker through this area.  Look for a control station at the end of the maintenance tube.","아이작,거의 다 됐어.다리를 작동시킬 수 있게 전원을 복구해야만 마커가 그 지역을 지나갈수 있어.관리튜브 끝에있는 조종장치를 찾아."
0xFCAEEFE7,"Armstrong","< 번역 누락 : 0xFCAEEFE7 >"
0xFCC12E94,"Short range kinetic booster device.","단거리 추진 장비"
0xFCC8106C,"CHARGE","충 전"
0xFCD08ED7,"Andy Milder","< 번역 누락 : 0xFCD08ED7 >"
0xFCD08ED8,"Steve Rifkin","< 번역 누락 : 0xFCD08ED8 >"
0xFCD08ED9,"Christopher Smith","< 번역 누락 : 0xFCD08ED9 >"
0xFCD08EDA,"Heidi Sulzmann","< 번역 누락 : 0xFCD08EDA >"
0xFCE7FB5F,"Key to the Mining Control room.","채굴작업 통제실 열쇠"
0xFCF361E4,"[Scream]","< 번역 누락 : 0xFCF361E4 >"
0xFCFC63F3,"Stop, Issac, why are you doing this?","< 번역 누락 : 0xFCFC63F3 >"
0xFCFC641B,"No, Isaac, you're hurting us.","< 번역 누락 : 0xFCFC641B >"
0xFD046CD0,"AIR RECYCLING ACTIVATED...","공 기 순 환 작 동"
0xFD18A9E0,"Fuse Cells","< 번역 누락 : 0xFD18A9E0 >"
0xFD1BADE0,"KP 0","< 번역 누락 : 0xFD1BADE0 >"
0xFD1BADE1,"KP 1","< 번역 누락 : 0xFD1BADE1 >"
0xFD1BADE2,"KP 2","< 번역 누락 : 0xFD1BADE2 >"
0xFD1BADE3,"KP 3","< 번역 누락 : 0xFD1BADE3 >"
0xFD1BADE4,"KP 4","< 번역 누락 : 0xFD1BADE4 >"
0xFD1BADE5,"KP 5","< 번역 누락 : 0xFD1BADE5 >"
0xFD1BADE6,"KP 6","< 번역 누락 : 0xFD1BADE6 >"
0xFD1BADE7,"KP 7","< 번역 누락 : 0xFD1BADE7 >"
0xFD1BADE8,"KP 8","< 번역 누락 : 0xFD1BADE8 >"
0xFD1BADE9,"KP 9","< 번역 누락 : 0xFD1BADE9 >"
0xFD276E84,"Isaac, it's me.  I wish I could talk to you.   I'm sorry.  I'm sorry about us.  I love you. It's all falling apart here.  I can't believe what's happening... It's strange...such a little thing...\n","아이작,나야.얘기하고 싶었어.미안해,우리 일은.사랑해.여긴 엉망이야.무슨 일이 일어났는지 모르겠어…이상해… 그런 사소한 일이…"
0xFD276E85,"Isaac, it's Nicole.  I wish I could just tell you.  I'm sorry.  I'm sorry about everything.  You're falling apart here.  I can't believe what's happening... It's strange...such a little thing...","아이작,니콜이야.얘기하고 싶었어.미안해.모든 게 미안해.자기도 여기서 엉망이 되겠지.무슨 일이 일어나고 있는지 모르겠어… 이상해…그런 사소한 일이…"
0xFD286EC3,"Isaac... Make us whole again...","아이작… 우리 다시 하나로…"
0xFD286EC4,"Isaac... Make us whole again...","아이작… 우리 다시 하나로…"
0xFD4C717C,"MARKER TRANSFERRED","마 커 이 동"
0xFD5DBE19,"David Mosher","< 번역 누락 : 0xFD5DBE19 >"
0xFD5DBE1A,"Brian McSweeney","< 번역 누락 : 0xFD5DBE1A >"
0xFD900BAE,"Paul Mathus","< 번역 누락 : 0xFD900BAE >"
0xFD96B961,"Health Bar","생 명 력 표 시"
0xFDABCDC3,"NICOLE ON MONITOR","< 번역 누락 : 0xFDABCDC3 >"
0xFDC170E3,"Andrew Bao","< 번역 누락 : 0xFDC170E3 >"
0xFDC170E4,"Rolando Chan-Law","< 번역 누락 : 0xFDC170E4 >"
0xFDC170E5,"Matt Fite","< 번역 누락 : 0xFDC170E5 >"
0xFDC170E6,"Mike Gaugy","< 번역 누락 : 0xFDC170E6 >"
0xFDC170E7,"Mark Orillaneda","< 번역 누락 : 0xFDC170E7 >"
0xFDDDFCBB,"Contact the Military Ship","군함선에 연락하라"
0xFDE2C9CC,"///audio","/// 오 디 오"
0xFDEED8BD,"Complete Chapter 11 on any difficulty setting","< 번역 누락 : 0xFDEED8BD >"
0xFE03365A,"LINE RACKS\nSchematic Acquired\nDownload at the Store","라인 랙 설계도 획득"
0xFE2DC2F4,"[Look]","< 번역 누락 : 0xFE2DC2F4 >"
0xFE6C9F77,"STORE","상 점"
0xFE9ADDDB,"Num Lock","< 번역 누락 : 0xFE9ADDDB >"
0xFEABD275,"[Fire]","< 번역 누락 : 0xFEABD275 >"
0xFEF57AE2,"KP *","< 번역 누락 : 0xFEF57AE2 >"
0xFF095463,"Kendra needs me to go to the Medical deck to create a poison capable of killing whatever is contaminating the ship's atmosphere.","< 번역 누락 : 0xFF095463 >"
0xFF29E1F6,"[Paths]","< 번역 누락 : 0xFF29E1F6 >"
0xFF3F91D3,"Dave Sullivan","< 번역 누락 : 0xFF3F91D3 >"
0xFF435907,"NoConvert","< 번역 누락 : 0xFF435907 >"
0xFF6B2A51,"WARNING","경 고"
0xFFA7F177,"[Map]","< 번역 누락 : 0xFFA7F177 >"
