id,english,translation
0x002600F8,"[Left_Toggle]","[Left_Toggle]"
0x0033E7B4,"Senior Producers","수석 프로듀서"
0x006D74B4,"Downloadable content is being scanned.","다운로드 콘텐츠를 검사하는 중입니다."
0x006E3F1A,"MEDIUM CURRENCY","중간 화폐"
0x00914BC1,"TRACK CONTROL","@ 선로 조종기"
0x00914BC2,"SWITCH TRACKS","--선로 변경--"
0x00914BC3,"SWITCHING TRACKS","-선로 변경 중-"
0x00914BC4,"TRACK CONTROLS OFFLINE","선로 조종기 작동 중지"
0x00CD8701,"Move Back","뒤로 이동"
0x00EF2D3B,"Destroy the Gravity Tethers","중력 올가미를 파괴하라"
0x01295D13,"[Navigate]Navigate   [Use]Select   [Elev_Back]Back","[Navigate]이동   [Use]선택   [Elev_Back]뒤로"
0x0172CD2D,"CREW KEY","승무원 열쇠"
0x017B35EA,"Tab","Tab"
0x01876D3C,"Reconnect Power Modules Throughout Chamber","구역 내 파워 모듈 재연결"
0x0192B046,"Tram Station","정거장"
0x01C0B602,"Chapter 1:\nNew Arrivals","1장:\n새로운 방문객"
0x01C0B603,"Chapter 2:\nIntensive Care","2장:\n집중 치료"
0x01C0B604,"Chapter 3:\nCourse Correction","3장:\n항로 수정"
0x01C0B605,"Chapter 4:\nObliteration Imminent","4장:\n소멸 직전"
0x01C0B606,"Chapter 5:\nLethal Devotion","5장:\n치명적 헌신"
0x01C0B607,"Chapter 6:\nEnvironmental Hazard","6장:\n환경 유해성"
0x01C0B608,"Chapter 7: \nInto the Void","7장: \n공허 속으로"
0x01C0B609,"Chapter 8:\nSearch and Rescue","8장:\n수색 구조"
0x01C0B60A,"Chapter 9: \nDead on Arrival","9장: \n도착시 사망"
0x01CFF869,"I can use my uniform's RIG (Resource Integration Gear) to interface with the Ishimura's holographic display system.","유니폼의 RIG(자원제공 통합장비)를 이용하면 이시무라의 홀로그램 디스플레이 시스템에 접속할 수 있다."
0x02508BFD,"You can add items from the Shop or move items from the Safe here.","상점에서 아이템을 추가하거나 보관함에 있는 아이템을 이곳으로 옮길 수 있다."
0x029BAA62,"INVENTORY","가방"
0x02A0D6FB,"Training Tip:\n TK ","훈련 팁:\n 유도장비 "
0x02A0D6FC,"Training Tip:\n Airless Environments","훈련 팁:\n 진공 환경"
0x02A0D6FD,"Training Tip:\n Zero - G","훈련 팁:\n 무중력"
0x02A74B3F,"Supply Depot","보급품 저장소"
0x02A74B40,"Airlock B","밀폐실 B"
0x02A74B41,"Airlock D","밀폐실 D"
0x02A74B42,"Airlock C","밀폐실 C"
0x02F2CC98,"Get off my ship!","내 배에서 내려!"
0x034134A5,"Punch","휘두르기"
0x03593645,"1<T>QA Immersion\n<L>Craig Helm\nNolberto Meza\nMatt Tomczek\n\n<T>Senior QA Engineer\n<L>Behrang Garakani","1<T>QA 몰입도 검수\n<L>Craig Helm\nNolberto Meza\nMatt Tomczek\n\n<T>수석 QA 엔지니어\n<L>Behrang Garakani"
0x039A6265,"Tom Bai","Tom Bai"
0x03A05F1E,"Standby Mode","대기 상태"
0x03A05F1F,"Approach to activate.","다가가면 작동합니다."
0x03D5A610,"SHOOTING RANGE SCORE","사격장 점수"
0x03D5A611,"LEVEL","레벨"
0x03D5A612,"SCORE","점수"
0x03D5A613,"STATION 2","스테이션 2"
0x03E716A9,"LOAD DNA SAMPLE","DNA 샘플 투입"
0x03F58477,"Yen","엔"
0x04005DBB,"Poison the Leviathan","독극물을 주입하라"
0x0418A209,"Kill a Brute","브루트 제거"
0x0430C383,"Complete Chapter 6 on any difficulty setting","아무 난이도로 6장 완료"
0x04C13D01,"100\n\n90\n\n80\n\n70\n\n60","100\n\n90\n\n80\n\n70\n\n60"
0x04FE1D65,"INDESTRUCTIBLE","불사신"
0x051BCAC1,"Senior Advertising Manager","수석 광고 매니저"
0x0526937F,"PERSONAL JOURNAL","개인 기록"
0x0537B3EF,"Credits","제작진"
0x0578B296,"Assistant Test Leads","보조 테스트 리드"
0x058DFF78,"UK Product Manager","영국 제품 매니저"
0x058DFF7D,"UK Public Relations","영국 홍보"
0x05B11B7E,"Key to the Sleep Block elevators.","숙소 구역 엘리베이터 열쇠."
0x060500C7,"%1 appears to be damaged, are you sure you want to overwrite this data?","%1이(가) 손상된 것 같습니다. 이 데이터를 덮어쓰시겠습니까?"
0x06245AB7,"Weapon Slot Right","무기칸 오른쪽"
0x062F17EA,"Use Kinesis Module","유도장비 사용"
0x0661CB1C,"There's Always Peng!","언제나 팽이 있지!"
0x0669FDE3,"N/A","없음"
0x067406F1,"LOAD?","불러오기?"
0x06817817,"EXECUTIVE AREA UNLOCKED","간부 구역 해제"
0x06E252C7,"Additional Art","추가 아트"
0x07118E3B,"Create the Poison","독극물을 만들어라"
0x0733C97D,"Keith Mutzman","Keith Mutzman"
0x078F2EA6,"Now that the ship has fuel and the centrifuge is working, I just have to re-engage the engines from the Engine Room.  The automatic navigation systems should then correct our orbit.","이제 우주선에 연료도 채웠고 원심분리기도 작동하니, 엔진실에서 엔진만 다시 가동하면 된다. 그러면 자동항해장치가 궤도를 수정할 것이다."
0x07AE824C,"DURATION","지속시간"
0x07E2F716,"PAYLOAD 8772 LAUNCHED","화물 8772 발사"
0x07EF581C,"Wright Bagwell","Wright Bagwell"
0x07F677D9,"Would you like to install the latest EA Download Manager?  If you do not install the latest EA Download Manager, patches and certain features cannot be delivered to your machine.\n","최신 EA 다운로드 매니저를 설치하시겠습니까? 최신 EA 다운로드 매니저를 설치하지 않으면 패치 및 일부 기능을 받을 수 없습니다.\n"
0x08222C2F,"Senior Global VP, EA Games Label Marketing","EA 게임즈 레이블 마케팅 글로벌 수석 부사장"
0x08AFD73F,"[Navigate]Navigate","[Navigate]이동"
0x0918CD61,"[Activate]","[Activate]"
0x096A3A3C,"Tram Station","정거장"
0x096A3A3D,"Security Station","보안 구역"
0x096A3A3E,"Main Lab","주 연구실"
0x096A3A3F,"Bio Lab","생체 연구실"
0x096A3A40,"Clinic","진료실"
0x096A3A41,"Emergency Room","응급실"
0x096A3A42,"Morgue","영안실"
0x096A3A43,"Imaging Diagnostics","영상 진단실"
0x096A3A44,"Zero-G Therapy Hallway","무중력 치료실 복도"
0x09778195,"Senior Gameplay Engineering","수석 게임플레이 엔지니어링"
0x0996DCE2,"[Aim_Mode]","[Aim_Mode]"
0x0A22BEBB,"Go to the Medical Deck","의료 구역으로 가라"
0x0A34D7B8,"Diagnostics Scanner Now Online. Begin Scan?","진단 스캐너 작동. 스캔을 시작하시겠습니까?"
0x0A6BBF05,"MAINTENANCE BAY KEY","관리구역 열쇠"
0x0A92FBE4,"[Quick_Health]","[Quick_Health]"
0x0A94AE9A,"Sound Designers","사운드 디자이너"
0x0B2139E9,"Italian Product Manager","이탈리아 제품 매니저"
0x0B2139EE,"Italian Public Relations","이탈리아 홍보"
0x0B4388B5,"Retrieve the Captain's RIG","선장의 RIG를 회수하라"
0x0B56C2DE,"When an immense mining ship, the USG Ishimura, comes into contact with a mysterious alien artifact in a remote star system, its communications with Earth are mysteriously cut off. Engineer Isaac Clarke is sent to repair the Ishimura's communications array, but he arrives to find a living nightmare-the ship is a floating bloodbath, the crew unspeakably mutilated and infected by an ancient alien scourge. Clarke's repair mission becomes one of survival as he fights not just to save himself, but to return the artifact to the planet ... at any cost.","거대 채굴선 USG 이시무라가 외딴 항성계에서 정체불명의 외계 유물과 접촉한 뒤, 지구와의 통신이 알 수 없는 이유로 끊긴다. 이시무라의 통신배열을 수리하기 위해 기술자 아이작 클라크가 파견되지만, 그가 도착한 곳은 살아있는 악몽이었다. 우주선은 피바다가 된 채 떠돌고 있었고, 승무원들은 고대 외계 재앙에 감염되어 차마 말로 표현할 수 없을 만큼 끔찍하게 훼손되어 있었다. 클라크의 수리 임무는 생존을 위한 싸움으로 바뀌고, 그는 자신을 구하기 위해서뿐만 아니라 어떤 대가를 치르더라도 유물을 행성으로 되돌려 놓기 위해 싸워야 한다."
0x0B6303DE,"New Save","새로 저장"
0x0B8D9991,"(Excerpts from THE FALSE MESSIAH, a book banned on Earth and most colonies)\n\nA RELIGION IS BORN\n\nWhen Michael Altman went public with his research on the Black Marker, the world was teetering on the brink of self-destruction. Many people, myself included, felt civilization was at an end. We couldn't change the world by ourselves and most of us didn't want to. What Altman offered us, this chance at a rebirth for humanity, was exactly what our hungry, empty souls were looking for.\n\n","(지구와 대부분의 콜로니에서 금서로 지정된 책, 『거짓 메시아』에서 발췌)\n\n종교의 탄생\n\n마이클 알트만이 블랙 마커에 대한 연구를 공개했을 때, 세상은 자멸의 벼랑 끝에서 휘청이고 있었다. 나를 포함한 많은 사람들이 문명이 끝났다고 느꼈다. 우리 힘만으로는 세상을 바꿀 수 없었고, 대부분은 바꾸고 싶어하지도 않았다. 알트만이 우리에게 제시한 것, 인류가 다시 태어날 기회야말로 굶주리고 공허한 우리의 영혼이 찾던 바로 그것이었다.\n\n"
0x0B9DC9B5,"NEW ALLY?","새로운 동맹?"
0x0BDB005D,"MIXING COMPLETE","혼합 완료"
0x0BDB27CE,"Anja Heppelmann","Anja Heppelmann"
0x0BE86E0D,"AIM THE ADS CANNON","ADS 캐논 조준"
0x0C29C0CB,"Aim Mode Controls","조준 키 설정"
0x0C46ADD1,"SOB OVERRIDE","개자식의 강제 조작"
0x0C659638,"Scroll Lock","Scroll Lock"
0x0C86F791,"REPAIR THE TRAM SYSTEM","전동차 시스템 수리"
0x0C8FB76B,"Senior Publicist","수석 홍보 담당"
0x0C9F5D66,"EILEEN","아일린"
0x0CA60F2F,"SINGULARITY CORE","특이성 코어"
0x0CA69928,"[UI_Select]Continue","[UI_Select]계속"
0x0CB80C0F,"CENTRIFUGE OFFLINE","원심분리기 작동 중지"
0x0CBF7263,"Yang Qing Hua","Yang Qing Hua"
0x0D301733,"Veerle Taeye","Veerle Taeye"
0x0D4E64E3,"With the DNA combined with Kendra's chemical mixture, I just need to run it through the chemical station again to create the poison.","켄드라가 만든 화학 혼합물에 DNA를 섞었으니, 화학실에서 한 번 더 처리해 독극물을 만들기만 하면 된다."
0x0D8B8DEE,"Dom Regan","Dom Regan"
0x0D8D3DA7,"Save your game and Load it again to play another Round with all of your equipment.","게임을 저장한 뒤 다시 불러오면 모든 장비를 가진 채로 새 회차를 플레이할 수 있습니다."
0x0E3C07DA,"This product contains software technology licensed from On2 Technologies, Inc.","이 제품에는 On2 Technologies, Inc. 사로부터 사용 허가를 받은 소프트웨어 기술이 포함되어 있습니다."
0x0E54B935,"Open the Hangar Door","격납고 문을 열어라"
0x0E9BA8C6,"Gondola","곤돌라"
0x0EC4759C,"Press new key / button","새로운 키/버튼을 누르시오"
0x0EC83B53,"Rene Apperly","Rene Apperly"
0x0EC83B54,"James Arup","James Arup"
0x0EC83B55,"Sherwyn Augustus","Sherwyn Augustus"
0x0EC83B56,"Earl Baker","Earl Baker"
0x0EC83B57,"Stephen Baker","Stephen Baker"
0x0EC83B58,"Dave Beck","Dave Beck"
0x0EC83B59,"James Bolton","James Bolton"
0x0EC83B5A,"Matt Bright","Matt Bright"
0x0EC83B5B,"Phil Brown","Phil Brown"
0x0F1AF918,"MEDIUM AIR CAN","중형 산소통"
0x0F29932C,"DELETE","삭제"
0x0F2FECFB,"Daniele Siciliano","Daniele Siciliano"
0x0F4A3733,"STASIS PACK","감속장비 팩"
0x0F506477,"Aim Mode","조준"
0x0F53C263,"QA Project Lead","QA 프로젝트 리드"
0x0F8C6D2A,"RIPPER BLADES\nSchematic Acquired\nDownload at the Store","리퍼날\n설계도 획득\n상점에서 다운로드"
0x0F9F13A3,"BEACON RECOVERED","신호기 회수"
0x0FC6EFD6,"NAV CARD 3","운항카드 3"
0x0FCE73F8,"Air Timer","산소 타이머"
0x0FCE73F9,"AIR CANISTERS","산소통"
0x0FD78203,"[MapZoomIn]Zoom In","[MapZoomIn]확대"
0x101508E9,"The captain's body made it down to the morgue, probably before the ship was totally compromised.  Nicole worked on this deck.  Maybe I can find something...anything showing that she's still alive.","선장의 시신은 영안실로 옮겨졌다. 아마 우주선이 완전히 장악당하기 전이었을 것이다. 니콜은 이 구역에서 일했다. 어쩌면 그녀가 아직 살아있다는 걸 보여줄 뭔가를… 무엇이든 찾을 수 있을지도 모른다."
0x101FD27A,"This is USM Valor, widecasting on all frequencies to USG Ishimura in response to your SOS. We've picked up your escape pod number 47, and are en route to your position. This message will repeat every thirty seconds until you respond.","여기는 USM 밸러. USG 이시무라의 조난신호에 응답하여 모든 주파수로 광역 송신 중이다. 우리는 귀측의 47번 탈출포드를 회수했으며, 현재 귀측 위치로 이동 중이다. 이 메시지는 응답이 있을 때까지 30초마다 반복된다."
0x101FD2A9,"Ka... What...","크… 뭐야…"
0x1023D3A7,"This is Commander Cadigan! We have hostiles on board! This is NOT a drill! Hostiles are alien, repeat, ALIEN and extremely dangerous! All personnel have weapons ready and fire at will!","카디간 사령관이다! 적이 함내에 침입했다! 이건 훈련이 아니다! 적은 외계 생명체다, 반복한다, 외계 생명체이며 극도로 위험하다! 전 대원은 무기를 준비하고 자유롭게 사격하라!"
0x103D9D27,"CONTROL MODULE PLACED","조종 모듈 설치"
0x10478F37,"English","영어"
0x104C8379,"Zero-G Jump","무중력 점프"
0x106CE7A0,"POWER CELL ENGAGED","파워 셀 연결"
0x1070F0F8,"Rd","번째"
0x10CA92FA,"Kinesis Symbol","유도장비 표식"
0x10D2E854,"Backspace","Backspace"
0x10DC26AB,"TRAM STATUS","전동차 상태"
0x10E9F23B,"[Use]Use","[Use]사용"
0x10ED8F7F,"STASIS MODULE","감속장비"
0x11095542,"INTERESTING RESULTS","흥미로운 결과"
0x11192140,"Live With The Hot Ones","화끈한 녀석들과 함께"
0x11208819,"Michael Gagnon","Michael Gagnon"
0x1120881A,"Ashley Liu","Ashley Liu"
0x11A63A80,"Luciana Stella Boscaratto","Luciana Stella Boscaratto"
0x11D9BE00,"Complete Chapter 3 on any difficulty setting","아무 난이도로 3장 완료"
0x11F450F4,"Hard","어려움"
0x1223E7DC,"MEDIUM MED PACK","중형 회복제"
0x1246B93F,"SCANNER ONLINE","스캐너 작동"
0x126B8134,"Accept","확인"
0x12A75996,"Scott Gamel","Scott Gamel"
0x12AFBDDC,"Print Screen","Print Screen"
0x12E05E17,"I'm trying!","하고 있잖아!"
0x12FA53E0,"STAND BY","점검 중"
0x130D9B20,"The beacon's in place!  Just need to get to the Control Room and launch the asteroid off the ship.","신호기를 설치했다! 이제 통제실로 가서 소행성을 우주선 밖으로 발사하기만 하면 된다."
0x1356503B,"Go to the Medical Deck","의료 구역으로 가라"
0x1378D2BB,"TERRIBLE MISTAKE","끔찍한 실수"
0x1396F21F,"CHEMICAL CAPSULE","약품 캡슐"
0x13AEADB8,"Destroy the Poison Pods (1)","독극물 포드를 파괴하라 (1)"
0x13AEADB9,"Destroy the Poison Pods (2)","독극물 포드를 파괴하라 (2)"
0x13AEADBA,"Destroy the Poison Pods (3)","독극물 포드를 파괴하라 (3)"
0x13AEADBB,"Destroy the Poison Pods (4)","독극물 포드를 파괴하라 (4)"
0x13AEADBC,"Destroy the Poison Pods (5)","독극물 포드를 파괴하라 (5)"
0x13AEADBD,"Destroy the Poison Pods (6)","독극물 포드를 파괴하라 (6)"
0x13AEADBE,"Destroy the Poison Pods (7)","독극물 포드를 파괴하라 (7)"
0x13AEADBF,"Destroy the Poison Pods (8)","독극물 포드를 파괴하라 (8)"
0x13DBDCE8,"CROSS REPORT 1","크로스의 보고 1"
0x14209390,"DATA BOARD INSTALLED","데이터보드 설치 완료"
0x1440E61C,"Secondary Fire","보조 공격"
0x14A0BAB5,"Additional Environment Art","추가 환경 아트"
0x14A8E4D6,"F1","F1"
0x14A8E4D7,"F2","F2"
0x14A8E4D8,"F3","F3"
0x14A8E4D9,"F4","F4"
0x14A8E4DA,"F5","F5"
0x14A8E4DB,"F6","F6"
0x14A8E4DC,"F7","F7"
0x14A8E4DD,"F8","F8"
0x14A8E4DE,"F9","F9"
0x14B7E8C6,"Up Arrow","방향키 위"
0x14B99C13,"Oxygen Canister","산소통"
0x14B99C14,"AUDIO LOG","음성 기록"
0x14B99C17,"FLAME FUEL","기름통"
0x14B99C18,"Medical Supplies","의료품"
0x14B99C19,"POWER NODE","파워 노드"
0x14B99C1A,"PLASMA ENERGY","플라즈마 에너지"
0x14B99C1B,"THERMITE BOMB","고열폭탄"
0x14BA9C51,"TRAM DATA BOARD","전동차 데이터보드"
0x14BA9C52,"TEXT LOG","문서 기록"
0x14BA9C53,"VIDEO LOG","영상 기록"
0x14BA9C55,"SCHEMATIC","설계도"
0x14BA9C56,"STASIS BATTERY","감속 배터리"
0x14BA9C57,"CONTACT ENERGY","컨택트 에너지"
0x14BA9C58,"CURRENCY","화폐"
0x14BA9C59,"LINE RACKS","라인 랙"
0x14BEF59D,"Schematics","설계도"
0x14CB978C,"Marksman","명사수"
0x14CF8B3A,"Beat the game using only the Plasma Cutter","플라즈마 커터만 사용하여 게임 클리어"
0x1516B7E1,"Medium air canister that replenishes the air meter.","산소 미터를 보충해 주는 중형 산소통."
0x1525F71D,"Clayton Vaught","Clayton Vaught"
0x153D051E,"Power Cell","파워 셀"
0x1545F5FC,"Restores Stasis Energy.","감속장비의 에너지를 충전한다."
0x159C2B42,"RIPPER","리퍼"
0x15AA226E,"Development Director - Outsourcing","개발 디렉터 - 외주"
0x15ADC9BB,"USG ISHIMURA\nStore & Exchange","USG 이시무라\n상점 & 교환소"
0x15B3249B,"Development Manager - Environments","개발 매니저 - 환경"
0x15B324A5,"Development Manager - Outsourcing","개발 매니저 - 외주"
0x15BB149F,"Switch Weapons","무기 바꾸기"
0x15C2AE9F,"Holo-card containing shuttle navigation data.","우주선 운항 데이터가 담긴 홀로카드."
0x15D43F26,"There are power junctions scattered around the Bridge.  I can hack into them and redistribute power to the ADS system.  Then Hammond can start it up and the ship will be protected from the asteroid bombardment.","브릿지 곳곳에 배선함이 흩어져 있다. 이것들을 해킹해서 ADS 시스템으로 전력을 재분배할 수 있다. 그러면 해먼드가 시스템을 가동할 수 있고, 우주선은 소행성 폭격으로부터 보호될 것이다."
0x15D4D48F,"PULSE ROUNDS\nSchematic Acquired\nDownload at the Store","펄스 라운드\n설계도 획득\n상점에서 다운로드"
0x165CE976,"Thomas Holt","Thomas Holt"
0x167950E3,"David Kuo","David Kuo"
0x167950E4,"Minkz Ngo","Minkz Ngo"
0x16D08FCD,"Matthew Kile","Matthew Kile"
0x16D08FCE,"Brian Battistini","Brian Battistini"
0x16E94E48,"N/A","없음"
0x1749F2EE,"Shereif Fattouh","Shereif Fattouh"
0x17C12BB1,"\nShuttles 04 and 05 both needed repairs after going planetside. Pilots have been telling me all kinds of stories about what's going on down in the colony. A couple of murders, half the place is on antidepressants or sleeping pills, and everyone is ""jumpy as hell"", quote one PiC. Love to know what they've got against my shuttles, that's for sure.","\n운송선 04호와 05호 모두 행성에 다녀온 뒤 수리가 필요했다. 조종사들이 콜로니에서 벌어지는 일에 대해 온갖 이야기를 해 주고 있다. 살인 사건이 몇 건 있었고, 콜로니 사람 절반이 항우울제나 수면제를 먹고 있으며, 어느 기장의 말을 그대로 옮기자면 모두가 ""엄청 날이 서 있다""고 한다. 대체 내 운송선에 무슨 억하심정이 있는 건지 정말 알고 싶다."
0x17D6223A,"Community Manager","커뮤니티 매니저"
0x17F623AC,"QA Support","QA 지원"
0x181FA6A5,"Medical gel pack that restores a medium amount of health.","체력을 중간 정도 회복시켜 주는 의료용 젤 팩."
0x183A481D,"Deactivate\ngravity","중력\n중지"
0x185F6261,"Alvin Jean-Baptiste","Alvin Jean-Baptiste"
0x185F6262,"Dan Lazzari","Dan Lazzari"
0x185F6263,"Michael Lynch","Michael Lynch"
0x185F6264,"Shane Moyer","Shane Moyer"
0x185F6265,"Jonathan Olazabal","Jonathan Olazabal"
0x185F6266,"Theodore Serefica","Theodore Serefica"
0x18678897,"[Tumble]Tumble     [MapZoomIn]Zoom In     [MapZoomOut]Zoom Out     [Paths]Paths     [Exit_Rig]Exit","[Tumble]회전     [MapZoomIn]확대     [MapZoomOut]축소     [Paths]경로     [Exit_Rig]나가기"
0x186C287D,"Catch a Brute or Leviathan Pod using Kinesis","유도장비로 브루트 또는 거대괴물 포드 잡기"
0x197176BF,"(Mining tool)","(채굴 도구)"
0x19A0B2EB,"Mark Johnson","Mark Johnson"
0x19A0B2EC,"Josh Riemersma","Josh Riemersma"
0x1A410994,"Chapter 5: Lethal Devotion","5장: 치명적 헌신"
0x1A805D46,"The shuttle should be operational now, but I should test fire the engines to ensure flight readiness before Kyne gets here.","이제 우주선은 작동할 것이다. 하지만 카인이 오기 전에 비행 준비가 되었는지 엔진을 시험 점화해 봐야 한다."
0x1A8422D2,"ACTIVATE AIR RECYCLE SYSTEM","공기 순환 시스템 작동"
0x1ACC73CF,"Extras","추가 요소"
0x1ACCDE20,"LEVEL 3 SUIT","레벨 3 보호복"
0x1ADA72DD,"[Tumble]Tumble","[Tumble]회전"
0x1AEF94E9,"OBJECTIVE\nACTIVE","목표\n활성화"
0x1AF51B3C,"Vsync","수직 동기화"
0x1AF73328,"RIPPER BLADES","리퍼날"
0x1B08E607,"Quarantine lifted.","격리가 해제되었습니다."
0x1B093508,"Michael Kukawski","Michael Kukawski"
0x1B093509,"Martin Liska","Martin Liska"
0x1B09350A,"Rute Ribeiro","Rute Ribeiro"
0x1B09350B,"Martin Zimmerman","Martin Zimmerman"
0x1B2A7EA4,"SECRET LAB REVEALED","비밀 연구실 발견"
0x1B5D0274,"VP, EA Redwood Shores Marketing","EA 레드우드 쇼어스 마케팅 부사장"
0x1B937563,"I can dispense the poison through the filtration system of Food Storage.  It should kill anything alive inside.","식량 저장고의 여과장치를 통해 독극물을 퍼뜨릴 수 있다. 안에 살아있는 건 뭐든 죽일 수 있을 것이다."
0x1B97EA0B,"Remote industrial saw.","공업용 원격조종 톱"
0x1B98788F,"CLEARED GAME","완료한 게임"
0x1BAD2B70,"Senior Animators","수석 애니메이터"
0x1BC4FB64,"POISON CAPSULE","독극물 캡슐"
0x1BE29F59,"INVENTORY","가방"
0x1BF35157,"LOADING SCHEMATIC","설계도 읽는 중"
0x1C11A854,"Explosive Device created from Thermite and a Shock Pad.","고열폭약과 충격 패드로 만든 폭발 장치."
0x1C26CA8E,"FOOD FILTER","음식물 정화장치"
0x1C28E65E,"Activate\ngravity","중력\n작동"
0x1C2B74E4,"Load Game","불러오기"
0x1C8C4892,"Options","설정"
0x1CADD956,"HIVE MIND GLIMPSE","하이브 마인드 영상"
0x1CE07E4A,"CLAW DISENGAGED","기계팔 해제"
0x1CF40F16,"Take Marker to Pedestal Site","마커를 받침대로 가져가라"
0x1D324156,"Development Director","개발 디렉터"
0x1D3E4453,"Project Manager","프로젝트 매니저"
0x1D6E80F9,"Tram Station","정거장"
0x1D6E80FA,"Security Station","보안 구역"
0x1D6E80FD,"Clinic","진료실"
0x1D6E80FE,"Emergency Room","응급실"
0x1D6E80FF,"Clinic","진료실"
0x1D6E8100,"Imaging Diagnostics","영상 진단실"
0x1D6E8101,"Chemical Lab Hall","화학 연구실 현관"
0x1DB2EC3E,"ACTIVATE?","작동?"
0x1DFC6D38,"Exodus","대탈출"
0x1E893A07,"Visual Effects Artists","시각 효과 아티스트"
0x1EE8639A,"LEVEL 01","01-층"
0x1EE8639B,"LEVEL 02","02-층"
0x1EE8639C,"LEVEL 03","03-층"
0x1F0256DE,"<Insert display string text>","<표시할 문자열 입력>"
0x1F2497CD,"AIR PURITY LEVEL","-공기 순도 수준-"
0x1F3409A8,"No","아니오"
0x1F44C675,"Exiting vacuum.","진공 구역 이탈."
0x1F45AB2F,"Deleting %1. Please don't turn off your PC.","%1 삭제 중입니다. PC를 끄지 마십시오."
0x1F4C21CB,"GRAVITY CONTROL","중력 조종"
0x1F4FA1DB,"Escape from a Lurker's grab attack 10 times","러커의 붙잡기 공격에서 10회 탈출"
0x1F7FA537,"USG Ishimura Store & Exchange","USG 이시무라 상점 & 교환소"
0x1F8898F3,"Normal","보통"
0x1FFB1BF7,"NEEDED","필요"
0x20053F96,"Restore Gravity to the Hangar Bay","격납고의 중력을 회복시켜라"
0x20329623,"DECK A: PREPARATION","A 갑판: 준비"
0x2067C4F9,"Engine Room","엔진실"
0x2067C4FA,"Engine Hall","엔진실 현관"
0x2067C4FB,"Corridors","통로"
0x2067C4FC,"Engine Corridors","엔진실 통로"
0x2067C4FD,"Armory Corridors","무기고 통로"
0x2067C4FE,"Barracks","막사"
0x2067C500,"Infirmary","의무실"
0x2067C501,"Starboard Corridors","우현 통로"
0x20C89CE9,"Increases Inventory slots and Armor.","가방의 용량과 방어력이 증가한다."
0x2101FE12,"Left Arrow","방향키 왼쪽"
0x210725C6,"Art Director","아트 디렉터"
0x21376CE8,"TRAM CALL","전동차 호출"
0x214CF6B8,"Juan Larrauri","Juan Larrauri"
0x2152ABA0,"The military ship...it slammed into the Ishimura.  Maybe some of the marines are still alive and can help...but somehow I doubt it.  Hammond says he found a shuttle on the Crew Deck.  I need to salvage a Singularity Core out of the military ship to repair the shuttle.  There is still hope, slim though it may be...","군함이… 이시무라에 들이받았다. 해병대원 중 누군가 아직 살아서 도움이 될지도 모르지만… 왠지 그럴 것 같지 않다. 해먼드가 승무원 갑판에서 우주선을 발견했다고 한다. 그 우주선을 수리하려면 군함에서 특이성 코어를 회수해야 한다. 희박하긴 하지만, 아직 희망은 있다…"
0x2183448D,"This will upgrade your ENERGY by %g pts.","에너지가 %g 포인트 업그레이드됩니다."
0x2187E5AB,"Look for blue holograms to activate.","파란색 홀로그램을 찾아 작동시킨다."
0x219095E1,"Store 25 Items in the Safe","보관함에 아이템 25개 저장"
0x219479E5,"Niu Jiang Bo","Niu Jiang Bo"
0x219479E6,"Liu Chi","Liu Chi"
0x219479E7,"Ren Bao Hong","Ren Bao Hong"
0x219479E8,"Jia Jian Jun","Jia Jian Jun"
0x219479E9,"Xie Jin Lai","Xie Jin Lai"
0x219479EA,"Sun Liang","Sun Liang"
0x219479EB,"Zhang Ran","Zhang Ran"
0x219479EC,"Zhang Wei","Zhang Wei"
0x219479ED,"Hu Yang","Hu Yang"
0x21B6C4BF,"ACTIVATE LOADER","- 운반기 작동 -"
0x21B6C4C0,"RETRIEVING CARGO","-화물 회수 중-"
0x21B6C4C1,"LOADER OFFLINE","운반기 작동 중지"
0x21B9FAD0,"(From a CEC-sponsored article in the publication, Amazing Universe)\n\nAs many of our older readers may recall, resource management on Earth and on the colonies was not always as streamlined as it is today. There was a time when needs could barely be met by the now-extinct resources of Earth and the dwindling supplies of the colonies. Looking to the stars for additional resources is nothing new, but at the time only smaller ships were shockpoint-able and they were insufficient at keeping up with demand.\n\nEnter the Ishimura.\n\n","(잡지 『어메이징 유니버스』에 실린 CEC 후원 기사에서 발췌)\n\n나이가 좀 있는 독자라면 기억하겠지만, 지구와 콜로니의 자원 관리가 항상 지금처럼 효율적이었던 것은 아니다. 지금은 고갈된 지구의 자원과 줄어만 가는 콜로니의 보급품으로 수요를 겨우 충당하던 시절이 있었다. 추가 자원을 찾아 별로 눈을 돌리는 것은 새로운 일이 아니었지만, 당시에는 소형 함선만이 쇼크포인트 도약이 가능했고, 그것만으로는 수요를 따라잡기에 역부족이었다.\n\n그리고 이시무라가 등장했다.\n\n"
0x21C23DB9,"Legend Teller","전설을 전하는 자"
0x21C29C5D,"Vibration","진동"
0x21CB1DA5,"There is not enough free space to save data.","저장할 공간이 부족합니다."
0x2205F52C,"Use Run to move quickly.","달리기를 사용하면 빠르게 이동할 수 있다."
0x2214CF4C,"ADS ONLINE","ADS 작동"
0x22166C4D,"Freeze","정지"
0x222D3521,"POISON COMPLETE","독극물 완성"
0x222F9829,"[LDLeft]","[LDLeft]"
0x22680744,"No data detected in slot.","슬롯에 데이터가 없습니다."
0x22729448,"\n","\n"
0x22730F10,"LOCK BYPASSED","잠금 해제"
0x228404AD,"Shoot the limbs off of enemies for extra damage.","적의 팔다리를 쏴서 떨어뜨리면 추가 피해를 줄 수 있다."
0x22B358D0,"FOUND THE DATA BOARD","데이터보드 발견"
0x22C9761D,"C'mon! C'mon! Let me out! Nooooo...","제발! 제발! 내보내줘요! 안 돼애애…"
0x22CBBEA5,"COLONIST PROBLEMS","콜로니인의 문제"
0x2302142E,"Use the Map Screen to check objectives and important locations.","지도 화면에서 목표와 중요한 위치를 확인할 수 있다."
0x230F8273,"Continue Game","계속하기"
0x23167016,"Release the Shuttle","우주선의 고정 장치를 풀어라"
0x236E5E6C,"Kanji","한자"
0x238023AF,"Use the Locator System to find your next objective.","추적장치로 다음 목표를 찾을 수 있다."
0x23C13441,"EA Certification","EA 인증"
0x23E2845B,"FLAME FUEL","기름통"
0x23F0A0FD,"Liu Bo Jian","Liu Bo Jian"
0x23FE3330,"Buy new weapons and items at the Store, and place extra items in the Safe.","상점에서 새 무기와 아이템을 구매하고, 남는 아이템은 보관함에 넣어둘 수 있다."
0x24194FA6,"Kendra thinks she can create an agent that will poison and kill the creature on Hydroponics that is contaminating the life support system.  Bio-chemistry is a little out of my field.  I'll have to trust her.","켄드라는 생명 유지 시스템을 오염시키고 있는 재배구역의 괴물을 독살할 약품을 만들 수 있다고 생각한다. 생화학은 내 전공과는 좀 거리가 멀다. 켄드라를 믿는 수밖에…"
0x243E57FE,"S.O.S.","S.O.S."
0x246ECAAE,"Chapter 10:\nEnd of Days","10장:\n최후의 날"
0x246ECAAF,"Chapter 11:\nAlternate Solutions","11장:\n대안 해결책"
0x246ECAB0,"Chapter 12:\nDead Space","12장:\n죽은 우주"
0x247C42B1,"Conserve ammo by dismembering enemy limbs and doing extra damage.","적의 사지를 절단하면 추가 피해를 주고 탄약을 아낄 수 있다."
0x2490149A,"Yuki Yao","Yuki Yao"
0x249C4292,"Dismember 1000 Limbs","1000개의 사지 절단"
0x24F21F7C,"Gravity tethers engaged. Automatic docking procedure is go.","중력 올가미 전개. 자동 도킹 절차 개시."
0x24F21F7E,"Sir! The autodock-","대장님! 자동도킹이-"
0x24F21F80,"We're off-track! We're going to hit the hull!","궤도이탈! 외벽에 충돌합니다!"
0x251306E9,"Senior Localization Testers","수석 현지화 테스터"
0x2589EDFD,"Foot Stomp","발 구르기"
0x258E7437,"Senior QA Director","수석 QA 디렉터"
0x25B1302D,"Chapter","챕터"
0x25B30F0D,"HAMMOND'S ALIVE","해먼드의 생존"
0x25BCF397,"Dead Space IP3","Dead Space IP3"
0x25CB74E2,"CLEAR THE BOULDERS","바위 제거"
0x2649326C,"Nathalie Bonin","Nathalie Bonin"
0x2669FE66,"REPORT FROM KENDRA","켄드라의 보고"
0x267548F4,"Laurent Benes","Laurent Benes"
0x267548F5,"Simon Everett","Simon Everett"
0x267548F6,"John Geraci","John Geraci"
0x267548F7,"Benjamin Guihaire","Benjamin Guihaire"
0x267548F8,"Dan Hamel","Dan Hamel"
0x267548F9,"Jeffrey Litz","Jeffrey Litz"
0x267548FA,"Stuart McVicar","Stuart McVicar"
0x267548FB,"Erik Strickland","Erik Strickland"
0x267548FC,"Ewen Vowels","Ewen Vowels"
0x26EDD962,"ACTIVE","활성"
0x270887EA,"RUN!","뛰어!"
0x27286B63,"Begin cryo process","냉동 작업 시작"
0x2728D5D0,"Chapter 12: Dead Space","12장: 죽은 우주"
0x2729ED8E,"CLAW ENGAGED","기계팔 연결"
0x2735B681,"NEWBORNS","신생아"
0x2749EFF6,"Ron Andaya","Ron Andaya"
0x278A7862,"12","12"
0x27C53121,"PULSE ROUNDS","펄스 라운드"
0x281D4639,"COMPLETED","임무 완료"
0x285FD9F3,"PULSE ROUNDS","펄스 라운드"
0x28C56DC6,"Nicole's alive!  I don't know how she tracked me here, and I don't care.  Kendra betrayed me...this whole time, she was some kind of covert agent.  She's murdered Kyne and taken the Marker and the Shuttle.  If Nicole can help me get the Marker back, I still might be able to end this nightmare.","니콜이 살아있다! 어떻게 날 여기까지 추적했는지는 모르겠지만, 상관없다. 켄드라가 날 배신했다… 지금까지 줄곧 비밀요원이었던 것이다. 켄드라는 카인을 살해하고 마커와 우주선을 가져가 버렸다. 니콜이 마커를 되찾는 걸 도와준다면, 아직 이 악몽을 끝낼 수 있을지도 모른다."
0x28DB44C5,"Dan Green","Dan Green"
0x2901F495,"Senior Environment Artists","수석 환경 아티스트"
0x290611A7,"Jonathan Hackett","Jonathan Hackett"
0x290611A8,"Chi-Wai Lao","Chi-Wai Lao"
0x290611A9,"Stephen Tang","Stephen Tang"
0x290611AA,"Gil Valadez","Gil Valadez"
0x2945C2B0,"PERSONAL LOG\nDR. KYNE, T. (CHIEF SCIENCE OFFICER)\nThe vidlogs from the colony are poor quality, but the artifact does indeed appear to be a genuine Marker, the first to be found in Unitology's two hundred year history. I'm eager to get it on board the ship so I can study it properly.\n\nThe potential here is enormous. Not just for me personally, though it's true I've dreamed of such a discovery for decades. But also to humanity, and the Church of Unitology in particular. \n\nThis Marker could herald the dawn of a new age for mankind, and I will do my part to ensure it comes to pass. I know the Church will be grateful, but the true recognition will come from all of humanity. On this day, we are blessed.","개인 기록\n카인 T. 박사 (수석 과학관)\n콜로니에서 온 영상 기록은 화질이 나쁘지만, 유물은 정말로 진짜 마커인 것 같다. 유니톨로지 200년 역사상 처음으로 발견된 마커다. 제대로 연구할 수 있도록 어서 우주선에 싣고 싶다.\n\n여기에 담긴 가능성은 엄청나다. 수십 년 동안 이런 발견을 꿈꿔온 건 사실이지만, 나 개인에게만 그런 것이 아니다. 인류에게, 그리고 특히 유니톨로지 교회에게도 그렇다. \n\n이 마커는 인류에게 새 시대의 여명을 알리는 전조가 될 수도 있으며, 나는 그 일이 실현되도록 내 역할을 다할 것이다. 교회도 감사하겠지만, 진정한 인정은 인류 전체로부터 올 것이다. 오늘, 우리는 축복받았다."
0x294A9D23,"Reset to default","기본값으로 초기화"
0x29A533FA,"KENDRA HEADING TO FLIGHT","비행 갑판으로 향하는 켄드라"
0x29ACC169,"Kill the Leviathan","거대괴물을 제거하라"
0x29AF9B97,"Ripper Energy Schematic","리퍼 에너지 설계도"
0x29D885E3,"Mined asteroids are held in place by gravity tether beams.  I need to disable all of them in order to launch the asteroid away from the ship.  A clean shot past their outer casing should do the trick.","채굴된 소행성은 중력 올가미 빔으로 고정되어 있다. 소행성을 우주선 밖으로 발사하려면 전부 무력화해야 한다. 외부 덮개를 피해 정확히 맞히면 될 것이다."
0x29DE4324,"Ammo for the Flamethrower.","화염 방사기의 연료."
0x29F70BDE,"Laura Larson","Laura Larson"
0x29FAFF42,"Senior QA Manager","수석 QA 매니저"
0x2A083E27,"CROSS REPORT 2","크로스의 보고 2"
0x2A089E91,"QA Shared Services Manager","QA 공유 서비스 매니저"
0x2A31A630,"Ragdoll Check","래그돌 검사"
0x2A356CBE,"PROCESSING ROOM PROBLEM","처리실 문제"
0x2A37CFAD,"shots left","발 남음"
0x2A648A5C,"Starting Game.  Level 1.","게임 시작. 레벨 1."
0x2A648A8D,"Level 2","레벨 2"
0x2A648A8E,"Level 3","레벨 3"
0x2A658A97,"Level 4","레벨 4"
0x2A658A98,"Level 5","레벨 5"
0x2A658A99,"Level 6","레벨 6"
0x2A658A9A,"Level 7","레벨 7"
0x2A658A9B,"Level 8","레벨 8"
0x2A658A9C,"Level 9","레벨 9"
0x2A658A9D,"Level 10","레벨 10"
0x2A658A9E,"Level 11","레벨 11"
0x2A658A9F,"Level 12","레벨 12"
0x2A658AA0,"Level 13","레벨 13"
0x2A658AC8,"Level 14","레벨 14"
0x2A658AC9,"Level 15","레벨 15"
0x2A658ACA,"Level 16","레벨 16"
0x2A658ACB,"Level 17","레벨 17"
0x2A658ACC,"Level 18","레벨 18"
0x2A658ACD,"Level 19","레벨 19"
0x2A668AD6,"Level 20","레벨 20"
0x2A678B1B,"Game Over!","게임 오버!"
0x2A88ABB7,"SHOP","상점"
0x2A9D7DFE,"Exit to Windows","윈도우로 나가기"
0x2AA6C7AB,"TEMPLE REPORT 1","템플의 보고 1"
0x2AB08DC1,"Goal!","골인!"
0x2AB18DCB,"Good Game Isaac Clarke.","좋은 게임이었습니다, 아이작 클라크."
0x2AB7CA72,"[LStick]","[LStick]"
0x2ABF23F5,"[Mouse_Cancel]BACK","[Mouse_Cancel]뒤로"
0x2AC43EBA,"Find The S.O.S. Beacon","구조 신호 장치를 찾아라"
0x2AD23F00,"//save game","// 저장"
0x2AF6DB87,"Weapon Slot Down","무기칸 아래"
0x2B0E797E,"Medium","보통"
0x2B135367,"[ p.m.]","[ 오후]"
0x2B14663F,"Senior Test Leads","수석 테스트 리드"
0x2BDD511E,"Survivor","생존자"
0x2C73BC82,"Zhang Bo","Zhang Bo"
0x2C73BC83,"Wang Jian Fei","Wang Jian Fei"
0x2C73BC84,"Yuan Zhao Guo","Yuan Zhao Guo"
0x2C73BC85,"Zhang Yi Peng","Zhang Yi Peng"
0x2C73BC86,"Cai Yang","Cai Yang"
0x2C96BB29,"Core QA Team","핵심 QA 팀"
0x2CCECFED,"Ariel Alvarez","Ariel Alvarez"
0x2CCECFEE,"Ian Ameling","Ian Ameling"
0x2CCECFEF,"Nate Bowden","Nate Bowden"
0x2CCECFF0,"Ryan Church","Ryan Church"
0x2CCECFF1,"Jason Courtney","Jason Courtney"
0x2CCECFF2,"Jens Holdener","Jens Holdener"
0x2CCECFF3,"George Hull","George Hull"
0x2CCECFF4,"Jeong Keum","Jeong Keum"
0x2CCECFF5,"Jesse Lee","Jesse Lee"
0x2D080542,"THERMITE","고열폭약"
0x2D1497D1,"East Grow Chamber","동쪽 성장실"
0x2D1497D2,"Refrigeration East","냉동실 동쪽"
0x2D1497D3,"Hydroponics Control","재배구역 통제실"
0x2D1497D4,"West Grow Chamber","서쪽 성장실"
0x2D1497D5,"Refrigeration West","냉동실 서쪽"
0x2D1497D7,"Food Storage","식량 저장고"
0x2D1A07C2,"MPEG Layer-3 audio coding technology licensed from","MPEG Layer-3 오디오 코딩 기술 라이선스 제공:"
0x2D1A07C3,"Fraunhofer IIS and THOMSON multimedia.","Fraunhofer IIS 및 THOMSON multimedia."
0x2D37B946,"POWER LOCK\nENABLED","전원 잠금\n작동 중"
0x2D37B947,"OVERRIDE?","강제 해제?"
0x2D37B948,"Use 1 power node to override lock","파워 노드 1개로 잠금 강제 해제"
0x2D37B949,"CONTINUE?","계속?"
0x2D37B94A,"This will use 1 power node","파워 노드 1개를 사용합니다"
0x2D37B94B,"YES","네"
0x2D37B94C,"NO","아니오"
0x2D37B94D,"DENIED","거부됨"
0x2D37B94E,"NOT ENOUGH POWER NODES IN YOUR INVENTORY","가방에 파워 노드가 부족합니다"
0x2D552106,"Walter Grinberg","Walter Grinberg"
0x2D5552D7,"Assistant Sound Designers","보조 사운드 디자이너"
0x2D6907ED,"Shoot 50 objects using Kinesis","유도장비로 물체 50개 발사"
0x2D85B7D5,"BATCH MIXER","혼합기"
0x2D90A9CA,"LINE GUN","라인 건"
0x2DB4BAFB,"SUB-OBJECTIVE\nCOMPLETE","부가 목표\n완료"
0x2DD56F3A,"Recycle the Atmosphere","공기를 순환시켜라"
0x2DEB3C74,"LINE RACKS","라인 랙"
0x2DF74BB3,"FORCE ENERGY","포스 에너지"
0x2E1DA1BD,"OBJECTIVE\nADDED","목표\n추가"
0x2E4EC8B6,"Video","비디오"
0x2E5B98BC,"Ammo for the Pulse Rifle.","펄스 라이플 탄약."
0x2E9809AC,"TIMER","타이머"
0x2E9809AD,"BASKETBALL CONTROL","농구 조종"
0x2E9809AE,"GAME ON!!!","게임 시작!!!"
0x2E9809AF,"HIGH SCORE","최고 점수"
0x2E9809B0,"MULTIPLIER","배율"
0x2EA2F12F,"Accept","확인"
0x2EF2F520,"HIT POINTS","생명 수치"
0x2F22A596,"Secondary","보조 공격"
0x2F7F22A5,"Standby","대기"
0x2F94ABCC,"Discharge of personal weapons in enlisted quarters detected. This area is now in lockdown.","사병 숙소에서 개인 화기 발사가 감지되었습니다. 이 구역은 현재 봉쇄되었습니다."
0x2F95ABDD,"Warning. Dangerous radiation levels detected. Safety lock engaged.","경고. 위험 수준의 방사능 감지. 안전 장치 작동."
0x2F95ABDE,"Level five hazardous conditions beyond this area. Entrance denied.","이 구역 너머는 5단계 위험 상태입니다. 출입이 거부되었습니다."
0x2F97BC20,"Made it inside.  Now I just have to find a way to the engine room and salvage the Singularity Core.","안으로 들어왔다. 이제 엔진실로 가는 길을 찾아 특이성 코어를 회수하기만 하면 된다."
0x2FAA4B51,"Shhh, shhh, it's all right, McCoy... He's here... Nothing to be afraid of... I knew you would come... just like you said... I, I,  saved this for you... Can I go now? McCoy wants to take me... to the shuttle...","쉬잇, 쉬잇, 괜찮아, 맥코이… 그 사람이 왔어… 무서워할 거 없어… 오실 줄 알았어요… 말씀하신 대로… 저, 저, 이걸 드리려고 간직해 뒀어요… 이제 가도 되나요? 맥코이가 저를 데려가고 싶어해요… 우주선으로…"
0x2FAB5A60,"Bring this schematic to the store to unlock the Ripper Energy.","이 설계도를 상점에 가져가면 리퍼 에너지의 잠금이 해제됩니다."
0x2FB26546,"Chuck Beaver","Chuck Beaver"
0x2FB26547,"Steve Papoutsis","Steve Papoutsis"
0x2FC2D918,"CANCEL","취소"
0x3001502F,"Subtitles","자막"
0x303DC5DE,"Hostile intruders detected.  Safety catches released on all weapons.","적대적 침입자 발견. 모든 무기의 안전장치를 해제합니다."
0x303DC5DF,"Massive structural failure detected across all decks.","모든 갑판에서 대규모 구조 손상이 감지되었습니다."
0x303DC5E0,"All personnel report to battle stations.","전 대원은 전투 위치로 이동하십시오."
0x303DC5E1,"Unknown weapon discharged in enlisted quarters.  Lockdown initiated.","사병 숙소에서 미확인 무기가 발사되었습니다. 봉쇄를 시작합니다."
0x303DC5E2,"Weapon identified as authorized CEC equipment.  Lockdown lifted.","해당 무기는 CEC 인가 장비로 확인되었습니다. 봉쇄를 해제합니다."
0x303DC5E3,"Engine power failure.","엔진전원이 끊어졌습니다."
0x3040C66C,"Warning.  Catastrophic failure of fuel containment.  Evacuate the vessel immediately.","경고. 연료 격납 장치에 치명적인 고장 발생. 즉시 함선에서 대피하십시오."
0x304B0B64,"Brawler","싸움꾼"
0x308AC953,"Radioactive material removed.","방사능 물질이 제거되었습니다."
0x308AC954,"Radiation hazard clear. Safety lock released.","방사능 위험 소멸. 안전 장치를 해제합니다."
0x30BED5F2,"Lockdown initiated.","봉쇄 시작."
0x30BED5F3,"Lockdown lifted.","봉쇄 해제."
0x30E69FBA,"Restore Life Support","생명유지장치를 복구하라"
0x31287124,"Hammond wants me to prep the Kellion for launch despite the damage it took on our landing.  I can probably get it functional, but I'm not sure how far we can get in it.","해먼드는 착륙 때 입은 손상에도 불구하고 켈리온의 발사 준비를 해달라고 한다. 작동하게 만들 수는 있겠지만, 그걸로 얼마나 멀리 갈 수 있을지는 모르겠다."
0x314B4809,"Now that I've got the Singularity Core, I need to find the shuttle on this deck and repair it.  It's the only way to get off this ship.","특이성 코어를 손에 넣었으니, 이제 이 갑판에 있는 우주선을 찾아 수리해야 한다. 이 우주선에서 탈출할 유일한 방법이다."
0x31540BFF,"Fire","발사"
0x3156DFE3,"DNA NEEDED","DNA 필요"
0x31891246,"Chapter 1","1장"
0x31891247,"Chapter 2","2장"
0x31891248,"Chapter 3","3장"
0x31891249,"Chapter 4","4장"
0x3189124A,"Chapter 5","5장"
0x3189124B,"Chapter 6","6장"
0x3189124C,"Chapter 7","7장"
0x3189124D,"Chapter 8","8장"
0x3189124E,"Chapter 9","9장"
0x318A1284,"Chapter 10","10장"
0x318A1285,"Chapter 11","11장"
0x318A1286,"Chapter 12","12장"
0x31B217E9,"Music Composed and Conducted by Jason Graves","음악 작곡 및 지휘: Jason Graves"
0x31B217EA,"in association with Rod Abernethy","협력: Rod Abernethy"
0x31B217EB,"\n","\n"
0x31D6BC22,"ENGINES FIRING","-엔진 점화-"
0x31E3C8B9,"FEEDING SYSTEM OFFLINE","급식 시스템 작동 중지"
0x31E45F64,"ALMOST FIXED","거의 복구"
0x31E7527B,"Cannon Fodder","총알받이"
0x32431EB8,"[RSTop]","[RSTop]"
0x32A21FF7,"Video Editor and Compositor","영상 편집 및 합성"
0x32C12E39,"[RSTop]","[RSTop]"
0x32DA3A95,"MEET ON THE FLIGHT DECK","비행 갑판에서 합류"
0x330B39FB,"Falk Hesse","Falk Hesse"
0x330B39FC,"Romain Pillard","Romain Pillard"
0x33178706,"Mouse Modifier","마우스 보조 키"
0x33ACE49E,"Kill the Slug Boss","슬러그 보스를 처치하라"
0x33E6FB3D,"Ammo for the Line Gun.","라인 건 탄약."
0x33F30A7C,"Ammo for the Force Gun.","포스건 탄약."
0x33F7D03A,"Go to the Tram Station","정거장으로 가라"
0x34151382,"Repairs in Progress.  Please Stand By.","수리 중입니다. 잠시 기다려 주십시오."
0x34358099,"Audio Engineering","오디오 엔지니어링"
0x34449355,"QTY","수량"
0x346AE8E2,"SCHEMATIC TEMP","설계도 임시"
0x347FDAE6,"LINE GUN","라인 건"
0x34E1A107,"ARMOR","방어력"
0x3577205C,"Aim Mode","조준"
0x358031D1,"QA Tools","QA 툴"
0x3591AEF3,"[MenuB]Back","[MenuB]뒤로"
0x35A64169,"//visuals","// 화면 설정"
0x35C3E65E,"Captain Mathius' RIG, containing his access codes.","접속 코드가 들어 있는 머싸이어스 선장의 RIG."
0x35D64FE0,"BACKGROUND REQUEST","배경 요구 사항"
0x361AA249,"Chemical mixture with an alien DNA sample.","외계 DNA 샘플이 섞인 화학 혼합물."
0x3638A602,"R Alt","R Alt"
0x367134CB,"You can move items from the Inventory here.","가방에 있는 아이템을 이곳으로 옮길 수 있습니다."
0x36787A56,"NICOLE'S FAREWELL","니콜의 작별"
0x368ECB4E,"Stasis Recharge","감속장비 충전"
0x3694B88F,"CRYO CHAMBER","@ 냉동장치"
0x370A7E46,"I don't know where Nicole went, but she said I need to restore power to the bridges.  There's a zero-g maintenance tube nearby that should have a power grid inside.","니콜이 어디로 갔는지는 모르지만, 브릿지에 전원을 복구해야 한다고 했다. 근처에 무중력 관리 튜브가 있는데, 그 안에 전력망이 있을 것이다."
0x371BE322,"Find the Peng Treasure","팽 보물을 찾아라"
0x3741E186,"\nWhat's amazing is the SPEED at which it grows. A single bacterium reproduces twenty-fold in just one minute. I've never seen anything like it. I won't stake my reputation on it, but I think this may be a genuine alien lifeform!\nProf. Hawley theorizes that it's a habitat transformer--the levels of gaseous output are tremendous, which is why it smells so bad--but to what end we simply don't know. I'll keep you posted.\n-Heinrich","\n놀라운 건 그 성장 속도다. 박테리아 하나가 단 1분 만에 스무 배로 증식한다. 이런 건 처음 본다. 내 명성을 걸 수는 없지만, 이건 진짜 외계 생명체일지도 모른다!\n홀리 교수는 이것이 서식지 변형체라는 가설을 세웠다. 가스 배출량이 엄청난데, 그래서 냄새가 그렇게 지독한 것이다. 하지만 무엇을 위한 것인지는 전혀 모른다. 계속 소식 전하겠다.\n-하인리히"
0x3760B759,"Make us whole again.","우리를 다시 하나로 만들어 줘."
0x377441F3,"Control Room","통제실"
0x377441F4,"Repair Room","정비실"
0x377441F5,"Maintenance Chamber","관리 작업실"
0x377441F6,"Maintenance Annex","관리구역 별관"
0x377441F7,"Mining Bay","채굴 작업장"
0x377441F8,"Mineral Processing","광물 처리 작업실"
0x379657F9,"Mercenaries 2","Mercenaries 2"
0x37B52297,"KEY ITEMS","주요 물품"
0x3803C4EE,"Beginning Full Diagnostic Scan","종합 진단 검사 시작"
0x381D9663,"Somehow a military ship heard our distress call.  It's unbelievable luck.  Now I just need to see what's wrong with the Comms Array and contact the ship.","어떻게인지 군함 한 척이 우리 구조신호를 들었다. 믿을 수 없는 행운이다. 이제 통신배열에 무슨 문제가 있는지 확인하고 그 함선과 교신하기만 하면 된다."
0x3829CAB4,"Follow the Security Team","보안팀을 따라가라"
0x3841308B,"ATMOSPHERE CONTAMINATED","대기 오염"
0x389F704F,"LIFE SUPPORT DOWN","생명유지장치 정지"
0x38B2D102,"//Engines","// 엔진"
0x38B2D103,"//Engineering Deck","// 엔진 갑판"
0x38B2D104,"//Hydroponics","// 재배구역"
0x38B2D105,"//Cargo Hold","// 화물칸"
0x38B2D106,"//Mining Deck","// 채굴 갑판"
0x38B2D107,"//Flight Deck","// 비행 갑판"
0x38B2D108,"//Science/Medical Deck","// 과학 / 의료 갑판"
0x38B2D109,"//Crew Deck","// 승무원 갑판"
0x38B2D10A,"//Bridge","// 브릿지"
0x38B3D140,"//Colony","// 콜로니"
0x38B3D141,"//Ishimura","// 이시무라"
0x38DFBA0F,"REPLACED THE TRAM CAR","전동차 교체"
0x38F81FE4,"CODES RECEIVED","코드 수신"
0x3949CF3E,"DEFAULTS","기본값"
0x3983BDD4,"Surgeon","외과의사"
0x39E65B47,"Lead Environment Artist","리드 환경 아티스트"
0x39EF40AE,"LARGE AIR CAN\nSchematic Acquired\nDownload at the Store","대형 산소통\n설계도 획득\n상점에서 다운로드"
0x3A1A313A,"Go to Engineering","엔진실로 가라"
0x3A415698,"That input is already used. Do you want to clear existing usages?","이미 사용 중인 입력입니다. 기존 설정을 해제하시겠습니까?"
0x3A415699,"Switch all control screens back to default controls?","모든 조작 화면을 기본 조작 설정으로 되돌리시겠습니까?"
0x3A41CD40,"Lift to ADS Cannon 48","ADS 캐논 48 행 승강기"
0x3A5FE490,"Development Senior QA Test Leads","개발 수석 QA 테스트 리드"
0x3A66A7AB,"temporary inv text for schematic","설계도 임시 가방 텍스트"
0x3A7B99AF,"Wide-beamed slicer with timed mines.","시한 지뢰를 설치하는 광폭 빔 절단기."
0x3AA64E51,"Paul Berry","Paul Berry"
0x3AA64E52,"Ryan Boyer","Ryan Boyer"
0x3AA64E53,"Suresh Kumar","Suresh Kumar"
0x3AA64E54,"Sandeep Panda","Sandeep Panda"
0x3AC2BA15,"Inventory","가방"
0x3AD687D1,"Full Arsenal","완전 무장"
0x3AE0733C,"Lead Character Artist","리드 캐릭터 아티스트"
0x3AE7CC5B,"Log Database Hotkey","기록 자료 단축키"
0x3B40E6C8,"DR. KYNE","카인 박사"
0x3B4623A6,"ACTIVATED","작동 중"
0x3B57D873,"Map Hotkey","지도 단축키"
0x3B8C898D,"Picked Up","획득"
0x3B8C898E,"Inventory Full","가방 가득 참"
0x3B9E9387,"Voiceover Talent","성우"
0x3BA0C3C0,"Medium Air Can Schematic","중형 산소통 설계도"
0x3BAC5F5C,"MIXING AGENTS","약품 혼합 중"
0x3BBE7E3D,"Do you wish to keep these resolution settings? (will revert in # sec)","이 해상도 설정을 유지하시겠습니까? (# 초 후 되돌아갑니다)"
0x3BDF704C,"KILL THE LEVIATHAN","거대괴물을 제거하라"
0x3BF7D621,"ATTACH THE BEACON","신호기 부착"
0x3C30C3EC,"Inna Shevchenko","Inna Shevchenko"
0x3C6C169A,"DAMAGE REPORT","피해 보고"
0x3C6C4D57,"Nicole Has Died","니콜이 죽었습니다"
0x3C7DF9D0,"REPAIR THE SHIP'S ORBIT","함선 궤도 수정"
0x3C86527C,"Would you like to remove saved games and settings data?","저장된 게임과 설정 데이터를 삭제하시겠습니까?"
0x3C965FA5,"SYSTEMS MODULE PLACED","시스템 모듈 설치"
0x3CE50D2A,"Audio","오디오"
0x3D2B61BA,"Return to the Kellion and Run Diagnostics","켈리온으로 돌아가 진단을 실행하라"
0x3D34E929,"ARRIVED ON BRIDGE","브릿지 도착"
0x3D3D83E9,"CONTACT BEAM","컨택트 빔"
0x3D498880,"RIG","RIG"
0x3D6217C0,"MORE TIME","추가 시간"
0x3D926D63,"SHUTTER CONTROL","@ 셔터 조종기"
0x3D926D64,"LOCK SHUTTER","셔터 잠그기"
0x3D926D65,"SHUTTER LOCKED","셔터 잠김"
0x3D926D66,"SHUTTER CONTROLS OFFLINE","셔터 작동 중지"
0x3D9F5D49,"Roboto Translation","Roboto Translation"
0x3DB10A9F,"Ragon Jin","Ragon Jin"
0x3DB10AA0,"Jeremy Shen","Jeremy Shen"
0x3DB10AA1,"Johnny Sun","Johnny Sun"
0x3DFDDB25,"Don Veca","Don Veca"
0x3E1E9FE5,"Resource Integration Gear (RIG)","자원제공 통합장비 (RIG)"
0x3E97BAA7,"Full Screen","전체 화면"
0x3EA71171,"Valentina Zlobina","Valentina Zlobina"
0x3EC6F351,"Lead Object Artist","리드 오브젝트 아티스트"
0x3EF6A7EF,"Get to Safety","안전한 곳으로 가라"
0x3EFE1A57,"BAY CONTROL STATION","구역 통제소"
0x3EFE1A58,"Authorized Maintenance Technicians Only.........................","인가된 정비 기술자 외 출입 금지........................."
0x3EFE1A59,"MAIN FLOOR","메인 층"
0x3EFE1A5A,"Warning: Crane in Operation...........................................","경고: 크레인 작동 중..........................................."
0x3F6D81A4,"So the infection started planetside, and somehow got onto the ship.  And these creatures came from within the planet.  It's almost too incredible to believe.  Hammond needs me on the Engineering deck now, to try to correct the ship's orbit.  As if things could get any worse.","그러니까 감염은 행성에서 시작돼서 어떻게든 우주선으로 옮겨온 것이다. 그리고 이 괴물들은 행성 내부에서 나왔다. 믿기 힘들 정도로 기가 막힌 일이다. 해먼드는 이제 우주선 궤도를 수정하기 위해 내가 엔진 갑판으로 가야 한다고 한다. 상황이 더 나빠질 수나 있다는 듯이."
0x3F7223EF,"MEDICAL LOG\nDR. WARWICK, B. (CHIEF PSYCH OFFICER)\nREPORT OF PSYCHIATRIC OBSERVATION\nPATIENT: HARRIS, B. (Employee #PM-19026-EH)\nHarris is asleep, after another strong sedative. He seems literally unable to sleep without chemical aid. Most people succumb to exhaustion after 50+ hours of waking, regardless of any desire to stay awake. Not Harris.\nHis explanation of events on the colony is also odd, and points to the same paranoia we've seen elsewhere planetside. His guilt is not in doubt--two planetside security officers were present when he took Dr. Sciarello hostage and murdered Nurse Evans--and he doesn't deny his actions. But he insists there was no crime, nor does he feel guilt.","의료 기록\n워릭 B. 박사 (수석 정신과 의사)\n정신과 관찰 보고서\n환자: 해리스 B. (직원 번호 #PM-19026-EH)\n해리스는 또 한 번 강력한 진정제를 투여받고 잠들었다. 그는 말 그대로 약물의 도움 없이는 잠들지 못하는 것 같다. 대부분의 사람은 깨어 있으려는 의지와 상관없이 50시간 넘게 깨어 있으면 탈진해 쓰러진다. 해리스는 그렇지 않다.\n콜로니에서 있었던 일에 대한 그의 설명 역시 이상하며, 행성의 다른 곳에서도 목격된 것과 같은 편집증을 보여준다. 그의 죄는 의심의 여지가 없다. 그가 시아렐로 박사를 인질로 잡고 에반스 간호사를 살해했을 때 행성 보안요원 두 명이 현장에 있었고, 본인도 자신의 행동을 부인하지 않는다. 하지만 그는 범죄는 없었다고 주장하며, 죄책감도 느끼지 않는다."
0x3F8CFBAB,"INSERT COMPOUND","혼합물 주입"
0x3F904CF8,"Dead On Arrival","도착시 사망"
0x3F905889,"I have to move the Marker along the loading tracks and position it underneath the shuttle.","적재 선로를 따라 마커를 옮겨 우주선 바로 아래에 위치시켜야 한다."
0x3F9395F3,"NANO-CIRCUIT REPAIR","나노-회로 수리"
0x3F9395F4,"v.4.1\nFIRMWARE 2.051B","v.4.1\n펌웨어 2.051B"
0x3F9615E2,"EMERGENCY","긴급 사태"
0x3FD19539,"TERRIBLE MISTAKE","끔찍한 실수"
0x3FF8219B,"International Project Managers","해외 프로젝트 매니저"
0x4000B5C7,"Visuals","화면 설정"
0x40349F66,"CROSS REPORT CUT","크로스의 보고 (편집)"
0x4061CDFD,"MINING TIMELINE","채굴 작업 시간"
0x40950675,"Error","오류"
0x40AE7EAD,"Quit","나가기"
0x40D328EA,"TEMPLE REPORT 2","템플의 보고 2"
0x40ED9342,"EMERGENCY SHUTTLE RECALL","-- 운송선 긴급 복귀 --"
0x40ED9343,"OVERRIDE SHUTTLE CONTROLS","운송선 조종 강제 전환"
0x40ED9344,"REMOTE PILOTING SHUTTLE","운송선 원격 조종 중"
0x40ED9345,"SHUTTLE DOCKED","운송선 정박"
0x40FEF9B7,"Steve House","Steve House"
0x40FEF9B8,"Panch Krishnamurthy","Panch Krishnamurthy"
0x40FEF9B9,"Paul Schlegel","Paul Schlegel"
0x40FEF9BA,"Jonathan Hudgins","Jonathan Hudgins"
0x40FEF9BB,"Panch Krishnamurthy","Panch Krishnamurthy"
0x40FEF9BC,"Larry St. Lezin","Larry St. Lezin"
0x40FEF9BD,"Aki Morita","Aki Morita"
0x40FEF9BE,"Scott Randolph","Scott Randolph"
0x40FEF9BF,"Paul Schlegel","Paul Schlegel"
0x41005781,"REPORT OF INFECTION","감염 보고서"
0x41080F75,"Playing {c0}","{c0} 재생 중"
0x410A0131,"Landing Pad","착륙장"
0x410A0132,"Airlock A","밀폐실 A"
0x410A0133,"Supply Depot","보급품 저장소"
0x410A0134,"Gravity Control","중력 조종실"
0x410A0135,"Tunnel","터널"
0x410A0136,"Pedestal Chamber","받침대실"
0x410A0137,"Emergency Tunnel","비상 터널"
0x410A0138,"Living Space","생활 구역"
0x410A0139,"Gravity Tube","중력 연결관"
0x411E02F3,"[Kinesis]","[Kinesis]"
0x41200E7D,"[LSTop]","[LSTop]"
0x41200E7E,"[RSBOTTOM]","[RSBOTTOM]"
0x4145388B,"Deep-space emergency beacon.","심우주 비상 신호기."
0x4146D19B,"Nacho Sendino","Nacho Sendino"
0x414FD951,"Murderer!","살인자놈아!"
0x4173BBB0,"WALK","걷기"
0x419C8289,"Bring this schematic to the store to unlock the Medium Air Can.","이 설계도를 상점에 가져가면 중형 산소통의 잠금이 해제됩니다."
0x41CF995E,"Depth of Field","피사계 심도"
0x41D33946,"Kill 30 enemies with the Flamethrower","화염 방사기로 적 30명 제거"
0x41F1CB31,"ACTION BUTTON","행동 버튼"
0x41FFA0A7,"Chris Stone","Chris Stone"
0x41FFA0A8,"Chuck Beaver","Chuck Beaver"
0x41FFA0A9,"Louis Gascoigne","Louis Gascoigne"
0x41FFA0AA,"Joe Salud","Joe Salud"
0x41FFA0AB,"David Yee","David Yee"
0x41FFA0AC,"Veronique Garcia","Veronique Garcia"
0x41FFA0AD,"Dave Blizard","Dave Blizard"
0x420845BF,"VIDEOLOG\nDELETED","영상 기록\n삭제"
0x423785B1,"Maintenance Bay","관리구역"
0x423785B2,"Maintenance Bay Office","관리구역 사무실"
0x423785B3,"Tram Repair","전동차 정비실"
0x423785B4,"Tram Station","정거장"
0x423785B5,"Tram Station","정거장"
0x423785B6,"Hangar Bay","격납고"
0x423785B7,"Maintenance Lift","관리용 승강기"
0x4258D110,"[Blank]","[Blank]"
0x426FDAB2,"MOVEMENT","이동"
0x42BDFDDD,"Stasis Packs","감속장비 팩"
0x42EDEA33,"WEAPONS","무기"
0x43098A94,"ACCEPT","적용"
0x431B2375,"Adam Hix","Adam Hix"
0x431B2376,"Garret Isla","Garret Isla"
0x431B2377,"Michael Louie","Michael Louie"
0x431B2378,"Fesuluai Mano","Fesuluai Mano"
0x431B2379,"Artis McCoy","Artis McCoy"
0x431B237A,"Ryan Olson","Ryan Olson"
0x431B237B,"Barret Pruden","Barret Pruden"
0x431B237C,"Dustin Pruden","Dustin Pruden"
0x431B237D,"Gerry Sakkas","Gerry Sakkas"
0x431B237E,"Evert Saravia","Evert Saravia"
0x431C23B4,"Evan Shea","Evan Shea"
0x431C23B5,"Tristan Sheldon","Tristan Sheldon"
0x431C23B6,"Steven Taylor","Steven Taylor"
0x431C23B7,"Kevin Zittle","Kevin Zittle"
0x433942B2,"Heavy damage energy projector.","큰 파괴력의 에너지 프로젝터."
0x436BF9B4,"MAP","지도"
0x4386A386,"\nMultiple contusions on the arms and hands, indicating a brief struggle pre-mortem. Slight contusion around the ribcage, suggesting his chest was restrained in some way.\nCause of death was a single prolonged trauma to the ocular body which continued on through the cavity wall, and finally into the frontal lobe, causing rapid neurotrauma, seizure and death.\nThe force required to puncture the ocular cavity in this manner is great, and the possibility of self-infliction correspondingly low.\nI therefore have no alternative but to record a preliminary verdict of UNLAWFUL DEATH. Whether deliberate or accidental is beyond my jurisdiction.\n","\n양팔과 손에 다수의 타박상이 있으며, 이는 사망 전에 짧은 몸싸움이 있었음을 보여준다. 흉곽 주변의 경미한 타박상은 흉부가 어떤 식으로든 결박되어 있었음을 시사한다.\n사인은 안구에 가해진 한 차례의 지속적인 외상으로, 이 외상은 안와벽을 관통해 최종적으로 전두엽까지 이르러 급격한 신경 손상과 발작, 그리고 사망을 일으켰다.\n이런 식으로 안와를 뚫으려면 큰 힘이 필요하므로, 자해일 가능성은 그만큼 낮다.\n따라서 예비 판정으로 불법적 사망을 기록할 수밖에 없다. 고의인지 사고인지는 내 권한 밖의 문제다.\n"
0x43D650B9,"User Interface Artist","UI 아티스트"
0x43EA0935,"OBJECTIVES","목표"
0x43F3A339,"Schematic type temp","설계도 종류 임시"
0x443FF2EC,"FEEDING PROCESS INITIATED","급식 절차 개시"
0x445A9E1B,"LARGE CURRENCY","대형 화폐"
0x446818B6,"STORE","상점"
0x44994BAA,"5.1 Surround","5.1 서라운드"
0x44CF35F3,"[Punch]","[Punch]"
0x44E62837,"DISMEMBERMENT","사지 절단"
0x450E373A,"Contact Beam Schematic","컨택트빔 설계도"
0x4534587D,"Ship Systems","우주선 시스템"
0x4534587E,"Lift 2","승강기 2"
0x4534587F,"Lift 1","승강기 1"
0x45345880,"Mining Administration","채굴 작업 관리실"
0x45345881,"Lift 2","승강기 2"
0x45345882,"ADS Lift","ADS 승강기"
0x45345885,"Lift 2","승강기 2"
0x453558BD,"MA Computer Room","채굴 관리부 컴퓨터실"
0x453558BE,"MA Computer Room","채굴 관리부 컴퓨터실"
0x453558BF,"Mining Admin Storage","채굴 관리 보관실"
0x45520670,"The data board is locked up in a storage room.  The key should be somewhere in the Maintenance Bay.","데이터보드는 보관실에 잠겨 있다. 열쇠는 관리구역 어딘가에 있을 것이다."
0x456437B8,"KEY ITEMS","주요 물품"
0x456A5A0D,"Dialog Supervisor","대사 감독"
0x4575D5B4,"Recreation Hall","오락실"
0x4575D5B5,"Enjoy your stay","즐거운 시간 보내세요"
0x4576D5F3,"Zero-G Basketball Court","무중력 농구장"
0x4576D5F4,"Next Match:  Virus vs. Marauders","다음 경기:  바이러스 대 머로더스"
0x4577D632,"Sleep Block C","취침실 C"
0x4577D633,"Class 5 Personnel Only","5등급 인원 전용"
0x4578D671,"Commons","공동구역"
0x4578D672,"CEC: Powering Humanity's Future","CEC: 인류의 미래에 동력을 공급합니다"
0x4579D6B0,"Recreation Hall","오락실"
0x4579D6B1,"Enjoy your stay","즐거운 시간 보내세요"
0x457AD6EF,"Commons","공동구역"
0x457AD6F0,"CEC: Powering Humanity's Future","CEC: 인류의 미래에 동력을 공급합니다"
0x457BD72E,"Executive Security Hall","간부 보안 복도"
0x457BD72F,"Class 1 Personnel Only","1등급 인원 전용"
0x457CD76D,"Commons","공동구역"
0x457CD76E,"CEC: Powering Humanity's Future","CEC: 인류의 미래에 동력을 공급합니다"
0x457DD7AC,"Executive Security Room","간부 보안실"
0x457DD7AD,"Class 1 Personnel Only","1등급 인원 전용"
0x4585AF92,"Dismember 20 Limbs","20개의 사지 절단"
0x45921FE3,"Nav cards required","운항 카드가 필요함"
0x45921FE4,"Test fire shuttle","-점화 테스트-"
0x45921FE5,"Engine firing","-엔진 점화-"
0x45921FE6,"RELEASE DOCKING CLAMPS","-고정 장치 해제-"
0x45921FE7,"Docking clamps released","고정 장치 해제 완료"
0x45921FE8,"Pilot required","조종사 필요"
0x459A2BE1,"Retry","재시도"
0x45F2E4F6,"Executive Security Hall","간부 보안 복도"
0x45F2E4F7,"CEC: Powering Humanity's Future","CEC: 인류의 미래에 동력을 공급합니다"
0x45F3E535,"Elevator to Executive Block","간부 구역행 엘리베이터"
0x45F3E536,"Class 1 Personnel Only","1등급 인원 전용"
0x45F4E574,"Residential Hall","기숙사 복도"
0x45F4E575,"CEC: Powering Humanity's Future","CEC: 인류의 미래에 동력을 공급합니다"
0x45F5E5B3,"Commons","공동구역"
0x45F5E5B4,"CEC: Powering Humanity's Future","CEC: 인류의 미래에 동력을 공급합니다"
0x45F6E5F2,"Mess Hall","식당"
0x45F6E5F3,"Featuring the fine foods of Ishimura Farms","이시무라 농장의 훌륭한 음식을 제공합니다"
0x45F7E631,"Residential Hall","기숙사 복도"
0x45F7E632,"CEC: Powering Humanity's Future","CEC: 인류의 미래에 동력을 공급합니다"
0x45F8E670,"Residential Lobby","기숙사 휴게실"
0x45F8E671,"CEC: Powering Humanity's Future","CEC: 인류의 미래에 동력을 공급합니다"
0x45F9E6AF,"Residential Hall","기숙사 복도"
0x45F9E6B0,"CEC: Powering Humanity's Future","CEC: 인류의 미래에 동력을 공급합니다"
0x45FAE6EE,"Sleep Block B","취침실 B"
0x45FAE6EF,"Class 4 Personnel Only","4등급 인원 전용"
0x45FBE72D,"Sleep Block A","취침실 A"
0x45FBE72E,"Class 3 Personnel Only","3등급 인원 전용"
0x462508E4,"Colin Boswell","Colin Boswell"
0x462B99F0,"Creative Director","크리에이티브 디렉터"
0x4634C844,"Mr. Clarke! I need to speak with you... My name is Terrance Kyne... Doctor Kyne. Listen to me, there isn't much time... If you really can repair the shuttle... there is a better use for it than just running away. You must understand, the forces at work here are... greater than you can imagine.","클라크 군! 할 얘기가 있네… 내 이름은 테런스 카인… 카인 박사일세. 잘 듣게, 시간이 별로 없어… 자네가 정말 그 우주선을 고칠 수 있다면… 그냥 도망치는 것보다 더 나은 곳에 쓸 수 있네. 이해해야 하네, 여기서 작용하고 있는 힘은… 자네가 상상하는 것보다 훨씬 거대해."
0x4634C845,"If you leave now...you condemn all humanity! The planet will never stop, never rest, unless the Marker is returned. Don't you see? The Church is wrong! This is all a trap! I've seen it... Please, you must help me!","지금 떠나면… 인류 전체를 파멸로 몰아넣는 거야! 마커가 되돌아가지 않는 한 저 행성은 절대 멈추지도, 쉬지도 않아. 모르겠나? 교회가 틀렸어! 이건 전부 함정이야! 난 봤네… 제발, 날 도와줘야 하네!"
0x4670F477,"Sleep Block C Bunks","취침실 C 침상"
0x4670F478,"Class 3 Personnel Only","3등급 인원 전용"
0x4671F4B6,"Storage Room","보관실"
0x4671F4B7,"Authorized Personnel Only","관계자 외 출입 금지"
0x4672F4F5,"Block C Commons","C 구역 공동구역"
0x4672F4F6,"CEC: Powering Humanity's Future","CEC: 인류의 미래에 동력을 공급합니다"
0x4673F534,"Sleep Block C Bunks","취침실 C 침상"
0x4673F535,"Class 3 Personnel Only","3등급 인원 전용"
0x4674F573,"Sleep Block C Bunks","취침실 C 침상"
0x4674F574,"Class 3 Personnel Only","3등급 인원 전용"
0x4675F5B2,"Block C Commons","C 구역 공동구역"
0x4675F5B3,"CEC: Powering Humanity's Future","CEC: 인류의 미래에 동력을 공급합니다"
0x4676F5F1,"Return to Main Commons","메인 공동구역으로 돌아가기"
0x4676F5F2,"CEC: Powering Humanity's Future","CEC: 인류의 미래에 동력을 공급합니다"
0x4677F630,"Return to Main Commons","메인 공동구역으로 돌아가기"
0x4677F631,"CEC: Powering Humanity's Future","CEC: 인류의 미래에 동력을 공급합니다"
0x4678F66F,"Return to Main Commons","메인 공동구역으로 돌아가기"
0x4678F670,"CEC: Powering Humanity's Future","CEC: 인류의 미래에 동력을 공급합니다"
0x4679F6AE,"Executive Sleep Block","간부 취침실"
0x4679F6AF,"Class 1 Personnel Only","1등급 인원 전용"
0x46A26BA9,"Richard Carrillo","Richard Carrillo"
0x46A26BAA,"Tracy Espeleta","Tracy Espeleta"
0x46AAA3CE,"Kacper Centkowski","Kacper Centkowski"
0x46C92095,"Open the Supply Depot Door","보급품 저장소의 문을 열어라"
0x46CC0716,"Veronique Garcia","Veronique Garcia"
0x46CFAF97,"Assistant Producers","보조 프로듀서"
0x46D00D91,"Delete Existing Data","기존 데이터 삭제"
0x46E73582,"Eshwar Goswami","Eshwar Goswami"
0x46E73583,"Jayanth Kumar Gunti","Jayanth Kumar Gunti"
0x46E73584,"Vivekanand Kamolkar","Vivekanand Kamolkar"
0x46E73585,"Narasimha Rao Kancharlapalli","Narasimha Rao Kancharlapalli"
0x46E73586,"Rangayya Kancharlapalli","Rangayya Kancharlapalli"
0x46E73587,"Pavani Kollipara","Pavani Kollipara"
0x46E73588,"Abrar Mohiuddin Khan","Abrar Mohiuddin Khan"
0x46E73589,"Paul Sourabh Kishore","Paul Sourabh Kishore"
0x46E7358A,"Rajani Mathukumalli","Rajani Mathukumalli"
0x46E7358B,"Pradeep Panda","Pradeep Panda"
0x46E835C1,"Devi Prasad","Devi Prasad"
0x46E835C2,"Garlapati Vijay Kumar Reddy","Garlapati Vijay Kumar Reddy"
0x46E835C3,"Kasireddy Sirisha Reddy","Kasireddy Sirisha Reddy"
0x46E835C4,"Sateesh Reddy","Sateesh Reddy"
0x46E835C5,"Saurabh S D","Saurabh S D"
0x46E835C6,"Sridhar Sanaboyana","Sridhar Sanaboyana"
0x46E835C7,"Mastan Vali Shaik","Mastan Vali Shaik"
0x46E835C8,"Mohd Wasey Siddiqui","Mohd Wasey Siddiqui"
0x46E835C9,"Devarakonda Vikas","Devarakonda Vikas"
0x46E835CA,"Bhavani Voruganti","Bhavani Voruganti"
0x46E93600,"Ramakrishna Yamajala","Ramakrishna Yamajala"
0x46EF03F8,"Return to Main Commons","메인 공동구역으로 돌아가기"
0x46EF03F9,"CEC: Powering Humanity's Future","CEC: 인류의 미래에 동력을 공급합니다"
0x46F00437,"Executive Shuttle Hall","간부용 운송선 복도"
0x46F00438,"Class 1 Personnel Only","1등급 인원 전용"
0x46F10476,"Executive Sleep Block","간부 취침실"
0x46F10477,"Class 1 Personnel Only","1등급 인원 전용"
0x46F204B5,"Executive Shuttle Bay","간부용 운송선 격납고"
0x46F204B6,"Warning: Live Flight Operations","경고: 비행 작업 진행 중"
0x46F304F4,"Executive Shuttle Hall","간부용 운송선 복도"
0x46F304F5,"Class 1 Personnel Only","1등급 인원 전용"
0x46F40533,"Control Room","통제실"
0x46F40534,"Warning: Live Flight Operations","경고: 비행 작업 진행 중"
0x46F50572,"Executive Shuttle Bay","간부용 운송선 격납고"
0x46F50573,"Warning: Live Flight Operations","경고: 비행 작업 진행 중"
0x46F5C7B4,"Idle","대기 중"
0x46F605B1,"Block C Commons","C 구역 공동구역"
0x46F605B2,"CEC: Powering Humanity's Future","CEC: 인류의 미래에 동력을 공급합니다"
0x46F705F0,"Return to Main Commons","메인 공동구역으로 돌아가기"
0x46F705F1,"CEC: Powering Humanity's Future","CEC: 인류의 미래에 동력을 공급합니다"
0x46F8062F,"Sleep Block A Commons","취침실 A 공동구역"
0x46F80630,"CEC: Powering Humanity's Future","CEC: 인류의 미래에 동력을 공급합니다"
0x471B525F,"TRAM REPAIR","전동차 정비"
0x471DBD08,"CONTACT BEAM\nSchematic Acquired\nDownload at the Store","컨택트 빔\n설계도 획득\n상점에서 다운로드"
0x4751A03F,"Schematic Downloaded:","설계도 다운로드 완료:"
0x476D1379,"Return to Main Commons","메인 공동구역으로 돌아가기"
0x476D137A,"CEC: Powering Humanity's Future","CEC: 인류의 미래에 동력을 공급합니다"
0x476E13B8,"Sleep Block A Bunks","취침실 A 침상"
0x476E13B9,"Class 3 Personnel Only","3등급 인원 전용"
0x476F13F7,"Sleep Block A Commons","취침실 A 공동구역"
0x476F13F8,"CEC: Powering Humanity's Future","CEC: 인류의 미래에 동력을 공급합니다"
0x47701436,"Sleep Block A Bunks","취침실 A 침상"
0x47701437,"Class 3 Personnel Only","3등급 인원 전용"
0x47711475,"Sleep Block A Commons","취침실 A 공동구역"
0x47711476,"CEC: Powering Humanity's Future","CEC: 인류의 미래에 동력을 공급합니다"
0x477214B4,"Storage Room","보관실"
0x477214B5,"Authorized Personnel Only","관계자 외 출입 금지"
0x477314F3,"Sleep Block A Bunks","취침실 A 침상"
0x477314F4,"Class 3 Personnel Only","3등급 인원 전용"
0x47741532,"To Sleep Block B","취침실 B 방면"
0x47741533,"Class 4 Personnel Only","4등급 인원 전용"
0x47751571,"Sleep Block A Commons","취침실 A 공동구역"
0x47751572,"CEC: Powering Humanity's Future","CEC: 인류의 미래에 동력을 공급합니다"
0x477615B0,"Sleep Block B Commons","취침실 B 공동구역"
0x477615B1,"WARNING: LIFE SUPPORT FAILURE DETECTED","경고: 생명유지장치 고장 감지"
0x47834122,"THE LEVIATHAN","거대괴물"
0x4794B962,"The USG Ishimura, named after Astro Physicist Hideki Ishimura (inventor of the shockpoint drive), was the first of the massive Planet Cracker ships. Built 62 years ago, she has a long and storied career. The Ishimura was the first vessel of her size to utilize the shockpoint drive for large-scale, commercial, deep space expeditions.\n\n","USG 이시무라는 천체물리학자 히데키 이시무라(쇼크포인트 드라이브의 발명자)의 이름을 딴 함선으로, 거대 플래닛 크래커 함선 중 최초로 건조되었다. 62년 전에 건조된 이 함선은 오랜 세월 동안 수많은 이력을 쌓아왔다. 이시무라는 대규모 상업용 심우주 원정에 쇼크포인트 드라이브를 사용한 최초의 대형 함선이었다.\n\n"
0x4794B963," At the time of her inception, the Ishimura was hailed as the savior of the Earth colonies. She was created to mine and melt down entire small planets and moons. She was also the first ship capable of the ""scan and catch"" technique for harvesting mineral-rich asteroids. Using huge gravity tethers, the Ishimura can lock onto asteroids and pull them inside the ship's massive collection bays for smelting.\n\n"," 건조 당시 이시무라는 지구 콜로니들의 구세주로 칭송받았다. 이 함선은 작은 행성과 위성 전체를 채굴하고 녹여내기 위해 만들어졌다. 또한 광물이 풍부한 소행성을 채취하는 ""탐지 후 포획"" 기법을 사용할 수 있는 최초의 함선이기도 했다. 이시무라는 거대한 중력 올가미로 소행성을 고정한 뒤, 제련을 위해 함선의 거대한 수집 격납고 안으로 끌어들일 수 있다.\n\n"
0x4794B964,"At 62 years old, the Ishimura is still in remarkable shape. Much of the equipment has been upgraded over the years. Many spaces have been retrofitted to take advantage of modern advances in technology. Despite the long years of service, she is still the pride of the fleet and remains the largest Planet Cracker in the fleet. Whenever an important deep space mining project comes up and the Ishimura is available, she's the first ship to be called.\n\n","62년이 지난 지금도 이시무라는 놀라울 만큼 좋은 상태를 유지하고 있다. 수년에 걸쳐 많은 장비가 업그레이드되었고, 여러 공간이 현대 기술의 발전을 활용할 수 있도록 개조되었다. 오랜 복무 기간에도 불구하고 이시무라는 여전히 함대의 자랑이며, 함대에서 가장 큰 플래닛 크래커로 남아 있다. 중요한 심우주 채굴 프로젝트가 생길 때마다 이시무라가 투입 가능하다면, 가장 먼저 호출되는 함선은 바로 이시무라다.\n\n"
0x4794B965,"It's ships like the Ishimura - and the dedication of the men and women who crew her - that have helped make Concordance Extraction Company the trusted, dependable workhorse that it is today.","이시무라 같은 함선들, 그리고 그 함선에 몸담은 승무원들의 헌신이야말로 콘코던스 채굴 회사를 오늘날처럼 신뢰받고 믿음직한 일꾼으로 만들어 준 원동력이다."
0x47CCB907,"Story Teller","이야기꾼"
0x47EB22FA,"To Sleep Block A","취침실 A 방면"
0x47EB22FB,"CEC: Powering Humanity's Future","CEC: 인류의 미래에 동력을 공급합니다"
0x47EBFD72,"Administrative Assistant","행정 보조"
0x47EC2339,"Sleep Block B Commons","취침실 B 공동구역"
0x47EC233A,"Class 4 Personnel Only","4등급 인원 전용"
0x47ED2378,"Storage Room","보관실"
0x47ED2379,"Authorized Personnel Only","관계자 외 출입 금지"
0x47EE23B7,"Sleep Block B Commons","취침실 B 공동구역"
0x47EE23B8,"CEC: Powering Humanity's Future","CEC: 인류의 미래에 동력을 공급합니다"
0x47EF23F6,"Sleep Block B Bunks","취침실 B 침상"
0x47EF23F7,"Class 4 Personnel Only","4등급 인원 전용"
0x47F02435,"Sleep Block B Bunks","취침실 B 침상"
0x47F02436,"Class 4 Personnel Only","4등급 인원 전용"
0x47F12474,"Sleep Block B Commons","취침실 B 공동구역"
0x47F12475,"CEC: Powering Humanity's Future","CEC: 인류의 미래에 동력을 공급합니다"
0x47F224B3,"To Residential Hall","기숙사 복도 방면"
0x47F224B4,"CEC: Powering Humanity's Future","CEC: 인류의 미래에 동력을 공급합니다"
0x47F324F2,"USG Ishimura","USG 이시무라"
0x47F324F3,"Authorized Personnel Only","관계자 외 출입 금지"
0x47F35BE7,"The tram computer is offline because of a missing data board.  Kendra thinks the data board is in the Maintenance Bay.  Did someone deliberately try to shut down inter-deck transport?  We aren't getting far unless I get that tram system running.","데이터보드가 없어서 전동차 컴퓨터가 작동하지 않는다. 켄드라는 데이터보드가 관리구역에 있을 거라고 한다. 누군가 일부러 갑판 간 교통수단을 차단하려 한 걸까? 전동차 시스템을 가동하지 않으면 멀리 갈 수 없다."
0x47F42531,"USG Ishimura","USG 이시무라"
0x47F42532,"Authorized Personnel Only","관계자 외 출입 금지"
0x4810C0A3,"ONE MORE MINUTE","1분만 더"
0x481632CC,"It sounds like someone sabotaged the shuttle and ripped out the navigation cards.  I've got to find them and bring them to the shuttle, along with the Singularity Core.","누군가 우주선을 파괴 공작하고 운항카드를 뜯어간 것 같다. 그 카드들을 찾아서 특이성 코어와 함께 우주선으로 가져가야 한다."
0x481BD1F4,"Security Station","보안 구역"
0x481BD1F5,"Lift D","승강기 D"
0x481BD1F6,"Sleep Block D Hallway","취침실 D 복도"
0x481BD1F7,"Executive Commons","간부 공동구역"
0x481BD1F8,"Captain's Quarters","선장의 숙소"
0x481BD1F9,"White's Quarters","화이트의 숙소"
0x481BD1FA,"Kyne's Quarters","카인의 숙소"
0x481BD1FB,"Temple's Quarters","템플의 숙소"
0x481BD1FC,"Shuttle Bay Hallway","운송선 격납고 복도"
0x481BD1FD,"Executive Shuttle Bay","간부용 운송선 격납고"
0x481CD233,"Sleep Block C","취침실 C"
0x481CD234,"Rec Room","오락실"
0x481CD235,"Rec Hallway","오락실 복도"
0x481CD236,"Lift C","승강기 C"
0x482E1424,"[RIG_Left]","[RIG_Left]"
0x482E1436,"[Aim_Mode]","[Aim_Mode]"
0x4834159E,"[RIG_Right]","[RIG_Right]"
0x483415B0,"[Fire_Alt]","[Fire_Alt]"
0x4869327B,"Residential Hall","기숙사 복도"
0x4869327C,"CEC: Powering Humanity's Future","CEC: 인류의 미래에 동력을 공급합니다"
0x48A6DD6C,"[RDUp]SORT","[RDUp]정렬"
0x48CE3896,"FLAMETHROWER","화염 방사기"
0x48E589FD,"Look out!","조심해!"
0x49012DF8,"Already in Inventory","이미 가방에 있습니다"
0x49069BD4,"KYNE'S GAMBIT","카인의 책략"
0x492B57CC,"Save Station","저장장치"
0x495EA5BB,"QA Support Hardware","QA 지원 하드웨어"
0x49BDF992,"DECK D: MAINTENANCE","D 갑판: 정비"
0x49C39348,"10","10"
0x49DA5115,"Position the Marker","마커를 제자리에 위치시켜라"
0x49DF90E6,"The storage device was removed during use. Delete failed.","사용 중에 저장장치가 제거되었습니다. 삭제에 실패했습니다."
0x49FE21ED,"No storage device selected. You will need to select a storage device to save games.","저장장치가 선택되지 않았습니다. 게임을 저장하려면 저장장치를 선택해야 합니다."
0x4A0165E0,"(Screams)","(비명)"
0x4A0265E9,"Oh god, no...! Jesus christ! No!","오 신이시여, 안 돼…! 맙소사! 안 돼!"
0x4A0265EA,"Oh, god... This can't be real... this isn't happening...","오, 신이시여… 이건 현실일 리 없어… 이런 일이 일어날 리가 없어…"
0x4A0265EB,"Please help me... I can't move... I can't feel my legs...","제발 도와줘… 움직일 수가 없어… 다리에 감각이 없어…"
0x4A0265EC,"They're dead, aren't they? Everyone's dead... please, just kill me. Please...","다 죽었지? 모두 죽었어… 제발, 그냥 날 죽여줘. 제발…"
0x4A0265ED,"Those bastards knew... they knew and they sent us in here anyway...","그 개자식들은 알고 있었어… 알면서도 우리를 여기로 보낸 거야…"
0x4A0265EE,"No! Come back! Please, kill me! Don't leave me here for them! KILL ME!","안 돼! 돌아와! 제발, 날 죽여줘! 그놈들한테 날 두고 가지 마! 날 죽여!"
0x4A0E19F9,"Associate Technical Artist","어소시에이트 테크니컬 아티스트"
0x4A240BE9,"UNLOCKED","해제"
0x4A565CE4,"N/A","없음"
0x4AF9F1A0,"Global Product Manager","글로벌 제품 매니저"
0x4B092411,"Jatin Patel","Jatin Patel"
0x4B09F603,"Bring this schematic to the store to unlock the Contact Beam.","이 설계도를 상점에 가져가면 컨택트 빔의 잠금이 해제됩니다."
0x4B1F8A03,"Design","디자인"
0x4B2C903D,"Over here, please help me.","여기요, 제발 도와줘요."
0x4B2C903E,"What happened to my leg...oh god...","내 다리가 어떻게 된 거야… 오 신이시여…"
0x4B2FC473,"Tram Station","정거장"
0x4B2FC474,"Atrium Hallway","중앙홀 복도"
0x4B2FC475,"Main Atrium","중앙홀"
0x4B2FC476,"Captain's Nest","선장실"
0x4B2FC477,"ADS Lower Hall","ADS 아래층 복도"
0x4B2FC478,"ADS","ADS"
0x4B2FC479,"Mining Administration Hallway","채굴 작업 관리실 복도"
0x4B2FC47A,"Mining Admin Storage","채굴 관리 보관실"
0x4B2FC47B,"Security Station","보안 구역"
0x4B33DAEC,"Control Center","통제 센터"
0x4B33DAED,"Decon Chamber","오염 제거실"
0x4B33DAEE,"Centrifuge Room","원심분리기실"
0x4B33DAEF,"Warning: Authorized personnel only.","경고: 관계자 외 출입 금지."
0x4B33DAF0,"Clean yourself up. You stink.","좀 씻어. 냄새 나."
0x4B33DAF1,"Whoa it's spinning. I'm getting dizzy!","우와, 빙글빙글 돈다. 어지러워!"
0x4B6E4CC8,"RIG","RIG"
0x4B7C4EA2,"Mindwalk Studios","Mindwalk Studios"
0x4BAD5765,"PULSE RIFLE","펄스 라이플"
0x4BC3E897,"WARNING! ONE OR MORE POWER CLUTCHES ARE DISENGAGED. UNABLE TO ROUTE POWER TO CENTRIFUGE.","경고! 하나 이상의 동력 클러치가 분리되어 있습니다. 원심분리기로 전력을 공급할 수 없습니다."
0x4BC3E898,"CENTRIFUGE IS POWERED AND ON STANDBY. ACTIVATE TO ENGAGE GRAVITY WELL.","원심분리기에 전력이 공급되어 대기 중입니다. 작동하면 중력장이 전개됩니다."
0x4BC3E899,"CENTRIFUGE RUNNING AT MAXIMUM PULL. GRAVITY WELL ENGAGED.","원심분리기 최대 출력으로 가동 중. 중력장 전개."
0x4BF9F482,"Radar Lift Room","레이더 승강기실"
0x4C02B11F,"PLANETARY MINING","행성 채굴"
0x4C07930B,"//internal check......\n/inertial dampeners...ONLINE\n/environmental intermix chamber...ONLINE\n/phase variance set...ONLINE\n/engineer check...","//내부 점검......\n/관성 완충기... 작동\n/환경 혼합실... 작동\n/위상 변동 설정... 작동\n/기술자 점검..."
0x4C07930C,"//external check......\n/deflector polarity...SET\n/improbability drive...42\n/trans-warp field generator...SET\n/design check...","//외부 점검......\n/디플렉터 극성... 설정\n/불가능 확률 드라이브...42\n/트랜스워프 필드 생성기... 설정\n/설계 점검..."
0x4C07930D,"//shockpoint generator\n/interface to hull...SET\n/set to standby...SET\n/activate phase relay...SET\n/update overclock timing...SET\n/production check...","//쇼크포인트 생성기\n/선체 연결... 설정\n/대기 모드 전환... 설정\n/위상 릴레이 작동... 설정\n/오버클록 타이밍 갱신... 설정\n/생산 점검..."
0x4C07930E,"//magnetic bindings\n/bind magno sever...SET\n/bind cargo hold...SET\n/bind passenger hold...SET\n/bind LE stiff...SET\n/design check...","//자기 결속\n/마그노 절단기 결속... 설정\n/화물칸 결속... 설정\n/승객칸 결속... 설정\n/LE 스티프 결속... 설정\n/설계 점검..."
0x4C07930F,"//shockpoint graph\n/begin equation...0\n/flush dampeners...1\n/load computation...3\n/begin safety check...4\n/enter penumbra...5\n/navigation check...","//쇼크포인트 그래프\n/방정식 시작...0\n/완충기 비우기...1\n/연산 불러오기...3\n/안전 점검 시작...4\n/반영 진입...5\n/항법 점검..."
0x4C079310,"//destination graph\n/usg ishimura plot...FOUND\n/determine variance...SET\n/flux capacitor...SET\n/launch nav anchor...SET\n/enginner check...","//목적지 그래프\n/usg 이시무라 좌표... 발견\n/변동값 결정... 설정\n/플럭스 커패시터... 설정\n/항법 앵커 발사... 설정\n/기술자 점검..."
0x4C079311,"//SC-KELLION\n/Wai Lao Class Shuttle\n/Zebra Industries\n/12700-Zed-Beta","//SC-켈리온\n/와이 라오급 운송선\n/지브라 인더스트리\n/12700-Zed-Beta"
0x4C079312,"//Shockpoint","//쇼크포인트"
0x4C079313,"//Initialiize Shockpoint","//쇼크포인트 초기화"
0x4C25C04F,"OFF","꺼짐"
0x4C2DC220,"TURN\nON?","전원\n켜기?"
0x4C49CE99,"[Delete_Save]DELETE","[Delete_Save]삭제"
0x4C617D98,"Chapter 9: Dead on Arrival","9장: 도착시 사망"
0x4C965068,"Funding has been insufficient. Moving the research to Aegis VII is only aggravating the problem. I understand the pressure to relocate the project outside the reach of the oversight committees, but this has only inflated our resource requirements.\n\nWe are on the verge of cracking the replication code we extracted from the Black Marker. It would be a shame to come this far and have to scrap the project.\n\n...\n\n","자금이 부족하다. 연구를 이지스 VII로 옮긴 것은 문제를 악화시켰을 뿐이다. 감독 위원회의 손이 닿지 않는 곳으로 프로젝트를 옮겨야 한다는 압박은 이해하지만, 그 때문에 필요한 자원만 늘어났다.\n\n우리는 블랙 마커에서 추출한 복제 코드를 해독하기 직전이다. 여기까지 와서 프로젝트를 폐기해야 한다면 안타까운 일일 것이다.\n\n…\n\n"
0x4C965069,"The continued financial infusion over the years has been appreciated and I'm pleased to share the results with you today. While some of our material fabrications are approximations of substances foreign to us, we have completed the internal workings of the device. One obvious difference between our replica and the original is the reddish hue. I assure you this is purely a cosmetic difference not indicative of a flaw.\n\nThe device, when activated, began to emit a highly complicated rhythmic pattern across a wide band of frequencies - from actual sound waves through the electromagnetic spectrum to alpha, delta and theta brain waves. It seems mostly inert and harmless aside from some slight interference with communication equipment.\n\n","수년간 이어진 자금 지원에 감사드리며, 오늘 그 결과를 공유하게 되어 기쁘다. 일부 재료는 우리에게 생소한 물질을 근사하게 만들어낸 것이지만, 장치의 내부 구조는 완성했다. 복제품과 원본의 뚜렷한 차이점 하나는 붉은 빛깔이다. 이는 순전히 외관상의 차이일 뿐 결함을 의미하는 것은 아니라고 장담한다.\n\n장치를 작동시키자, 실제 음파에서부터 전자기 스펙트럼, 알파파, 델타파, 세타파 뇌파에 이르기까지 넓은 주파수 대역에 걸쳐 매우 복잡한 리듬 패턴을 방출하기 시작했다. 통신 장비에 약간의 간섭을 일으키는 것 외에는 대체로 반응이 없고 무해해 보인다.\n\n"
0x4C96506A,"We are proceeding with the final construction.\n\n...\n\nWe've run into a disturbing but fascinating find. In re-creating the DNA instructions gleaned from the Black Marker, we've managed to create a recombinant microbial life form. It seemed dormant at first, even when placed in a bath of rich nutrients. Were it not for Dr. Clifton's poor hygiene, we might have deemed the attempt a failure. Fortunately for us, he had not fully decontaminated himself before working with the sample and managed to contaminate it with some dead skin cells. Suddenly, the microbes jumped into action! Recombination happened almost instantly and the sample began self-replicating and mutating before our eyes.\n\n...\n\n","최종 건조를 진행 중이다.\n\n…\n\n불안하지만 흥미로운 발견을 했다. 블랙 마커에서 얻은 DNA 지시 정보를 재현하는 과정에서 재조합 미생물 생명체를 만들어내는 데 성공한 것이다. 처음에는 풍부한 영양분 속에 넣어도 휴면 상태인 것처럼 보였다. 클리프턴 박사의 비위생적인 습관이 아니었다면, 우리는 이 시도를 실패로 판단했을지도 모른다. 다행히도 그는 샘플을 다루기 전에 제대로 소독하지 않았고, 죽은 피부 세포로 샘플을 오염시켰다. 그러자 갑자기 미생물이 활동을 시작했다! 재조합은 거의 즉시 일어났고, 샘플은 우리 눈앞에서 자가 복제와 변이를 시작했다.\n\n…\n\n"
0x4C96506B,"More confounding results from our research: Today, as we moved what we're now calling the Red Marker, we had to pass by the cellular lab area. The scientists working at the time complained about interruptions in the necrotic flesh experiments. As it turns out, the field generated by the Marker creates a ""dead space"" around itself that forces the recombination effect into dormancy.\n\n...\n\nI apologize for the setback relayed in the last report. The macro-scale infection has been contained with a minimal loss of life. The newly recombinated doctors are now quarantined for further study.\n\n...\n\n","연구에서 더욱 당혹스러운 결과가 나왔다. 오늘 우리가 이제 레드 마커라고 부르는 물체를 옮기면서 세포 연구 구역을 지나가야 했다. 당시 작업 중이던 과학자들은 괴사 조직 실험이 중단되었다고 불평했다. 알고 보니 마커가 생성하는 장이 주변에 ""죽은 공간""을 만들어 재조합 효과를 휴면 상태로 만드는 것이었다.\n\n…\n\n지난 보고서에서 전한 차질에 대해 사과드린다. 대규모 감염은 최소한의 인명 피해로 억제되었다. 새로 재조합된 박사들은 추가 연구를 위해 격리되었다.\n\n…\n\n"
0x4C96506C,"Many of the scientists have been complaining of headaches and we are all having difficulty sleeping for more than an hour at a time. We suspect a problem in the ventilation system. The maintenance team reported finding a build-up of some kind blocking the airways.\n\n...\n\n","많은 과학자들이 두통을 호소하고 있으며, 우리 모두 한 번에 한 시간 이상 잠들지 못하고 있다. 환기 시스템에 문제가 있는 것으로 의심된다. 정비팀은 공기 통로를 막고 있는 무언가가 쌓여 있는 것을 발견했다고 보고했다.\n\n…\n\n"
0x4C96506D,"The organic mass continues to expand and take over the complex. The recombinated nightmares now move freely through the corridors. My remaining crew is hastily constructing a transmitter for the Marker in an attempt to broaden the signal it is emanating. Dr. Foster said the idea came to him in a vision. Our hope is to use the signal to keep the unchecked infection from spreading to the landing area. There is little time remaining! You must send help as quickly as possible! Our lives are in your hands.","유기물 덩어리가 계속 확장하며 시설을 잠식하고 있다. 재조합된 악몽 같은 존재들이 이제 복도를 자유롭게 돌아다닌다. 남은 대원들은 마커에서 방출되는 신호를 넓히기 위해 마커용 송신기를 서둘러 만들고 있다. 포스터 박사는 환영 속에서 이 아이디어를 얻었다고 했다. 이 신호로 걷잡을 수 없는 감염이 착륙장까지 퍼지는 것을 막기를 바란다. 시간이 얼마 남지 않았다! 최대한 빨리 도움을 보내 달라! 우리의 목숨이 당신들 손에 달려 있다."
0x4C9FCB35,"Left","왼쪽"
0x4C9FCB3B,"Right","오른쪽"
0x4CC99717,"Hard","어려움"
0x4CEB8195,"Repair the Shuttle","우주선을 수리하라"
0x4D00C100,"AUDIOLOG\nADDED","음성 기록\n추가"
0x4D4B9CE3,"(Oxygen)","(산소)"
0x4D5FA352,"LIFE SUPPORT","생명유지장치"
0x4D70AC26,"Press START button to continue.","계속하려면 START 버튼을 누르시오."
0x4D9080B5,"ACTIVATE BRIDGE","다리 작동"
0x4D9080B6,"BRIDGE ACTIVATED","다리 작동 중"
0x4D9080B7,"BRIDGE UP","다리 올라감"
0x4D9080B8,"BRIDGE MALFUNCTION","다리 고장"
0x4DB8EC93,"Chapter 4: Obliteration Imminent","4장: 소멸 직전"
0x4DC6064B,"Oxygen Recharge","-산소 충전기-"
0x4DD56909,"I'll have to drag the Marker through the colony.  The door to the Supply Depot is offline.  I need to find a Power Cell to get it working again.","콜로니를 가로질러 마커를 끌고 가야 한다. 보급품 저장소 문이 작동하지 않는다. 다시 작동시키려면 파워 셀을 찾아야 한다."
0x4E136136,"[Blank_XBoxAim]","[Blank_XBoxAim]"
0x4E4CD1B1,"CREDITS","현금"
0x4E5584D6,"Michael Condrey","Michael Condrey"
0x4E60DF70,"RUBY SEMICONDUCTOR","루비 반도체"
0x4E66881F,"Frank Gibeau","Frank Gibeau"
0x4E80D7E8,"Cenrtifuge is currently offline. Please activate clutches.","원심분리기가 현재 작동하지 않습니다. 클러치를 작동하십시오."
0x4E80D7E9,"Clutches Engaged. Activate Console.","클러치가 연결되었습니다. 조작기를 작동하십시오."
0x4E97E644,"Medium Med Pack Schematic","중형 회복제 설계도"
0x4EB1D875,"Steve Schmidt","Steve Schmidt"
0x4EB6853E,"Complete Chapter 12 on any difficulty setting","아무 난이도로 12장 완료"
0x4EC9F75F,"Hydrazine industrial torch.","하이드라진 공업용 토치."
0x4ECBD18E,"EXECUTIVE AREA UNLOCKED","간부 구역 해제"
0x4EFEE769,"Claw Arm Malfunction! Manual Replacement Required.","기계팔 고장! 수동 교체가 필요합니다."
0x4EFEE76A,"Claws Attached. Activate Center Console.","기계팔 부착 완료. 중앙 조작기를 작동하십시오."
0x4F0C1B4E,"ACTIVATED THE TRAM","전동차 작동"
0x4F17800C,"Large Air Can Schematic","대형 산소통 설계도"
0x4F4AD6AB,"00","00"
0x4F4BD6EA,"10","10"
0x4F4CD729,"20","20"
0x4F4DD768,"30","30"
0x4F4ED7A7,"40","40"
0x4F4FD7E6,"50","50"
0x4F50D825,"60","60"
0x4F51D864,"70","70"
0x4F52D8A3,"80","80"
0x4F531872,"Cargo Bay","화물실"
0x4F531873,"Tram Station","정거장"
0x4F531874,"Storage Room A","보관실 A"
0x4F531875,"Hangar Bay","격납고"
0x4F53D8E2,"90","90"
0x4F5EFF7C,"Punch","휘두르기"
0x4F751231,"Save your progress?","진행 상황을 저장하시겠습니까?"
0x4F7CF6EA,"DANGER DANGER DANGER","위험 위험 위험"
0x4F7CF6EB,"Dangerous anomalies detected.  Clear boulders before restoring gravity.","위험한 이상 물체 감지. 중력을 복구하기 전에 바위를 제거하십시오."
0x4F7CF6EC,"ANOMALIES","이상 물체"
0x4F8B02E1,"CIRCUIT OCCUPIED!","이미 사용된 회로!"
0x4F8B02E2,"This circuit has already been overridden.","이미 강제 조작된 회로입니다."
0x4FA18788,"This is Sergeant Neumann, P-Sec! We've lost all the shuttles! One of them just took off, then came straight back down and crashed into the bay! Took a couple hundred people and all the remaining shuttles with it! If anyone can hear this, do not land!  Do not land!","여기는 행성 보안대 뉴먼 병장이다! 운송선을 전부 잃었다! 한 대가 이륙하자마자 곧장 추락해서 격납고에 처박혔다! 수백 명과 남은 운송선들을 모조리 휩쓸어 버렸다! 누구든 이걸 듣고 있다면, 착륙하지 마라! 착륙하지 마!"
0x4FB03C21,"I think that's precisely the point, doctor. God's work.","바로 그게 핵심이지, 박사. 신의 뜻이야."
0x4FB03C23,"You can assume all you want to. I do not. The Marker is glorious and divine, you - you know that.","자네야 마음대로 추측하게. 난 아니야. 마커는 영광스럽고 신성한 존재야, 자네… 자네도 알지 않나."
0x4FB03C25,"Anyway, we'll have it on board tomorrow. You can analyze it all you want to. What are you so worried about?","어쨌든 내일이면 마커를 선적할 거야. 원하는 만큼 분석하게. 뭘 그렇게 걱정하나?"
0x4FB03C27,"Doctor... Terrence... there will always be risk when the stakes are high. And here, they're enormous. It could change everything.","박사… 테런스… 걸린 게 클수록 위험은 늘 따르는 법이야. 그리고 이번엔 걸린 게 엄청나지. 모든 걸 바꿀 수 있어."
0x50014090,"This is mutiny! You'll all be tried for mutiny! Kyne, make them listen to reason!","이건 반란이야! 전부 반란죄로 재판받게 될 거다! 카인, 이놈들이 정신 차리게 해 봐!"
0x50014092,"The Marker must be delivered to the church! Terrance, please...","마커를 교회로 가져가야 해! 테런스, 제발…"
0x50014095,"(Screaming and flailing) AAaaaaaaaahhhhh!","(비명을 지르며 발버둥 친다) 으아아아아아아아악!"
0x500140BE,"Traitor! Heretic!","배신자! 이단자!"
0x500140C1,"Aaarrrggghhh!","으아-악!"
0x500A635A,"Producer","프로듀서"
0x504467B7,"Mix Agents","-물질 혼합-"
0x50554262,"Senior Core Engineering","수석 코어 엔지니어링"
0x506423A2,"French Product Manager","프랑스 제품 매니저"
0x506423A7,"French Public Relations","프랑스 홍보"
0x506537C3,"Additional Engineering","추가 엔지니어링"
0x5080504E,"Captain's log, personal. I want to set the record straight. By the time this log is heard, my actions will have been vindicated. I'm a Unitologist. By now, it's probably no secret that we shouldn't be in this star system. Just another illegal mining job for the company... That is until the colony found the Marker. That was when the Church took an interest, and chose me to lead this pilgrimage. They also ensured many of the mission crew were devout. My primary instruction was to get the Marker up from the colony and on board the ship. Dr. Kyne, the CSO, is an expert on the original Marker and was tasked with deciphering this new one. He says he's making good progress. My decision to quarantine the colony is sound. They've got some kind of epidemic down there, and I can't allow it to infect the ship. Not with such a precious cargo. Not when we are so close! Planetcrack takes place tomorrow. We'll continue to decipher the Marker, and when we return home, we'll pass all our findings, and the Marker, to the Church. The government isn't going to cover this one up. Altman be praised.","선장 기록, 개인용. 사실을 바로잡고자 한다. 이 기록이 알려질 때쯤이면 내 행동이 옳았음이 입증되어 있을 것이다. 나는 유니톨로지 신자다. 지금쯤이면 우리가 이 항성계에 있어서는 안 된다는 건 아마 비밀도 아닐 것이다. 그저 회사의 또 다른 불법 채굴 작업일 뿐이었다… 콜로니가 마커를 발견하기 전까지는. 그때 교회가 관심을 갖게 되었고, 이 순례를 이끌 사람으로 나를 선택했다. 교회는 또한 임무 승무원 상당수를 독실한 신자로 채웠다. 내가 받은 주요 지령은 콜로니에서 마커를 끌어올려 우주선에 싣는 것이었다. 수석 과학관인 카인 박사는 원본 마커의 전문가로, 이 새로운 마커의 해독을 맡았다. 그는 작업이 순조롭게 진행되고 있다고 한다. 콜로니를 격리하기로 한 내 결정은 타당하다. 저 아래에 무슨 전염병 같은 게 돌고 있는데, 그게 우주선까지 감염시키도록 둘 수는 없다. 이토록 귀중한 화물을 싣고 있는데. 이렇게 목표에 가까워졌는데! 행성 채굴은 내일 시작된다. 우리는 마커 해독을 계속할 것이며, 귀환하면 모든 연구 결과와 마커를 교회에 넘길 것이다. 이번만큼은 정부도 은폐하지 못할 것이다. 알트만을 찬양하라."
0x5093F984,"\n","\n"
0x50AA1BAD,"Isabel Guijarro","Isabel Guijarro"
0x50AA1BAF,"Maria Beatriz Silva","Maria Beatriz Silva"
0x50AF106E,"High","높음"
0x51040E32,"Andrew Green","Andrew Green"
0x51651569,"RADIATION HAZARD","방사능 위험"
0x516D4807,"SINGULARITY CORE FOUND","특이성 코어 발견"
0x5176DE13,"BALANCE","잔액"
0x5195BB18,"Data board is missing.","데이터보드 없음."
0x5195BB19,"Tram damaged! Please repair and try again.","전동차 파손! 수리 후 다시 시도하십시오."
0x5195BB1A,"Call tram to access main decks.","주 갑판으로 가려면 전동차를 호출하십시오."
0x5195BB1B,"Tram en route","전동차 이동 중"
0x51A9162E,"Military-grade assault rifle with a high rate of fire.","높은 연사력을 자랑하는 군용 돌격소총."
0x51FE9C93,"PULSE RIFLE","펄스 라이플"
0x520BD18B,"VICTORY AGAINST THE LEVIATHAN","거대괴물 격파"
0x52243760,"ELEVATOR PROBLEM","엘리베이터 문제"
0x527C55BF,"Collect 150 Logs","기록 150개 수집"
0x529C659A,"CONTACT BEAM","컨택트 빔"
0x52AA5B0F,"KENDRA IS ALIVE","켄드라의 생존"
0x52C1FA52,"Technical Director","테크니컬 디렉터"
0x52C2C0E4,"HURRY UP!","서둘러!"
0x52D08453,"Use Stasis on 50 enemies","적 50명에게 감속장비 사용"
0x52E6E0A1,"Eviscerator","도륙자"
0x53075819,"LARGE AIR CAN","대형 산소통"
0x53306D10,"Aim Mode (toggle)","조준 (전환)"
0x53614A68,"LOCKED DOOR","잠긴 문"
0x5378863F,"Go to the Crew Deck","승무원 갑판으로 가라"
0x53830C94,"Joseph Salud","Joseph Salud"
0x538E78FF,"AUTOPSY REPORT","부검 보고서"
0x53F6FC1A,"[Switch_Weapon]","[Switch_Weapon]"
0x5436239E,"[Pickup_Activate]","[Pickup_Activate]"
0x5493A50D,"Bring this schematic to the store to unlock the Medium Med Pack.","이 설계도를 상점에 가져가면 중형 회복제의 잠금이 해제됩니다."
0x54F87004,"Complete Chapter 7 on any difficulty setting","아무 난이도로 7장 완료"
0x55133ED5,"Bring this schematic to the store to unlock the Large Air Can.","이 설계도를 상점에 가져가면 대형 산소통의 잠금이 해제됩니다."
0x552F2085,"PLASMA CUTTER","플라즈마 커터"
0x5598048A,"Glow","빛 번짐 효과"
0x559E852E,"Alyssa Rose\nKai Jatin\nAlyssa\nLeoni\nIan Ansel\nJackson Thomas\nLucas\nZara James\nCaitlyn\nKai Joshua\nKody\nKyle\nJiannah Faith\nJack William\nAgatha Marjorie ","Alyssa Rose\nKai Jatin\nAlyssa\nLeoni\nIan Ansel\nJackson Thomas\nLucas\nZara James\nCaitlyn\nKai Joshua\nKody\nKyle\nJiannah Faith\nJack William\nAgatha Marjorie "
0x55C27721,"FIND THE SINGULARITY CORE","특이성 코어를 찾아라"
0x55FDF678,"RENDEZVOUS","합류 지점"
0x5606993D,"ERROR","오류"
0x561046DD,"LARGE MED PACK","대형 회복제"
0x561529E3,"Pavel Rutski","Pavel Rutski"
0x56364335,"International Campaign Executive","해외 캠페인 담당 임원"
0x56386C67,"A portable defibrillator should provide enough juice to detonate the thermite.  There's one in Zero-G Therapy, according to Hammond.","휴대용 제세동기라면 고열폭약을 터뜨릴 만한 전력을 공급할 수 있을 것이다. 해먼드 말로는 무중력 치료실에 하나 있다고 한다."
0x566100A5,"CROSS REPORT 3","크로스의 보고 3"
0x56615247,"Italiano","Italiano"
0x5693560C,"SMALL AIR CAN","소형 산소통"
0x56A83E37,"Control Room","통제실"
0x56A83E38,"Days since last accident: 0","무사고 일수: 0"
0x56A93E76,"Tram Station","정거장"
0x56A93E77,"Thank you for visiting the Engineering Deck","엔진 갑판을 방문해 주셔서 감사합니다"
0x56AA3EB5,"Tram Station","정거장"
0x56AA3EB6,"Shift Workers please check in with Foreman on duty","교대 근무자는 당직 반장에게 출근 보고를 하십시오"
0x56AB3EF4,"Elevator to Centrifuge","원심분리기행 엘리베이터"
0x56AB3EF5,"Authorized Personnel Only","관계자 외 출입 금지"
0x56AC3F33,"Elevator to Centrifuge","원심분리기행 엘리베이터"
0x56AC3F34,"Authorized Personnel Only","관계자 외 출입 금지"
0x56AD3F72,"Refueling Control Stations","급유 통제소"
0x56AD3F73,"DANGER:  Authorized Personnel Only","위험:  관계자 외 출입 금지"
0x56AE3FB1,"Control Room","통제실"
0x56AE3FB2,"Shift Workers please check in with Foreman on duty","교대 근무자는 당직 반장에게 출근 보고를 하십시오"
0x56AF3FF0,"Machine Shop","기계실"
0x56AF3FF1,"Reminder:  Please sync your RIG regularly","알림:  RIG를 정기적으로 동기화하십시오"
0x56B0402F,"Control Room","통제실"
0x56B04030,"Secure all tool guards","모든 공구 보호대를 고정하십시오"
0x56E6C3E0,"Weapon Slots Full","무기칸 가득 참"
0x56FF8A29,"ENGINE REFUELED","엔진 연료 보충"
0x57122B0B,"Edwin Molina","Edwin Molina"
0x57122B0C,"Jeremy Natividad","Jeremy Natividad"
0x57122B0D,"Bonnie Rosenstein","Bonnie Rosenstein"
0x57254D79,"Refueling Control Stations","급유 통제소"
0x57254D7A,"DANGER:  Authorized Personnel Only","위험:  관계자 외 출입 금지"
0x57264DB8,"Machine Shop","기계실"
0x57264DB9,"Reminder:  Please sync your RIG regularly","알림:  RIG를 정기적으로 동기화하십시오"
0x57274DF7,"South Refueling Control Station","남쪽 급유 통제소"
0x57274DF8,"Accessible via Gondola","곤돌라로 접근 가능"
0x57284E36,"North Refueling Control Station","북쪽 급유 통제소"
0x57284E37,"Authorized Personnel Only","관계자 외 출입 금지"
0x57294E75,"North Refueling Control Station","북쪽 급유 통제소"
0x57294E76,"Accessible via Gondola","곤돌라로 접근 가능"
0x572A4EB4,"Control Room","통제실"
0x572A4EB5,"Secure all tool guards","모든 공구 보호대를 고정하십시오"
0x572B4EF3,"To Control Room","통제실 방면"
0x572B4EF4,"You are leaving the clean zone","청정 구역을 벗어나고 있습니다"
0x572C4F32,"To Centrifuge","원심분리기 방면"
0x572C4F33,"Prepare for Decontamination","오염 제거를 준비하십시오"
0x572CB8C0,"LIST OF DEAD","사망자 명단"
0x572D4F71,"To Control Room","통제실 방면"
0x572D4F72,"You are leaving the clean zone","청정 구역을 벗어나고 있습니다"
0x572E4FB0,"To Centrifuge","원심분리기 방면"
0x572E4FB1,"Prepare for Decontamination","오염 제거를 준비하십시오"
0x5734F0C3,"Character Technical Director","캐릭터 테크니컬 디렉터"
0x5771DEDA,"DECK C: MINING","C 갑판: 채굴"
0x57A03BEB,"NODES DEPLETED!","노드 소진!"
0x57A03BEC,"Node reserves are empty. Unable to comply.","노드 잔량이 없습니다. 실행할 수 없습니다."
0x57A35CFA,"To Control Room","통제실 방면"
0x57A35CFB,"You are leaving the clean zone","청정 구역을 벗어나고 있습니다"
0x57A45D39,"Decontamination Room","오염 제거실"
0x57A45D3A,"All personnel must undergo decontamination","모든 인원은 오염 제거 절차를 거쳐야 합니다"
0x57A55D78,"To Control Room","통제실 방면"
0x57A55D79,"Thank you for your cooperation","협조해 주셔서 감사합니다"
0x57A65DB7,"Decontamination Room","오염 제거실"
0x57A65DB8,"Thank you for your cooperation","협조해 주셔서 감사합니다"
0x57A75DF6,"To Centrifuge","원심분리기 방면"
0x57A75DF7,"Thank you for your cooperation","협조해 주셔서 감사합니다"
0x57A85E35,"To Decontamination","오염 제거실 방면"
0x57A85E36,"Thank you for your cooperation","협조해 주셔서 감사합니다"
0x57A95E74,"Emergency Supplies Storage","비상 보급품 보관실"
0x57A95E75,"WARNING: Obstruction detected","경고: 장애물 감지"
0x57AA5EB3,"Centrifuge Access","원심분리기 출입구"
0x57AA5EB4,"Danger: Variable Gravity","위험: 가변 중력"
0x57AA80B9,"Destroy the Poison Pods","독극물 포드를 파괴하라"
0x57AB5EF2,"Exit to Control Room","통제실 출구"
0x57AB5EF3,"Thank you for your cooperation","협조해 주셔서 감사합니다"
0x57AC5F31,"Centrifuge Access","원심분리기 출입구"
0x57AC5F32,"Danger: Variable Gravity","위험: 가변 중력"
0x57CB4244,"REPAIR INVOICE","수리 명세서"
0x57E5CB06,"Autofire","자동 사격"
0x5808EB8B,"Move Forward","앞으로 이동"
0x58216C7B,"Exit to Control Room","통제실 출구"
0x58216C7C,"Secure gravity boots before exiting","나가기 전에 중력 부츠를 고정하십시오"
0x58226CBA,"Elevator to Lower Level","아래층행 엘리베이터"
0x58226CBB,"Danger: Variable Gravity","위험: 가변 중력"
0x58236CF9,"To Engine Room","엔진실 방면"
0x58236CFA,"DANGER:  Authorized Personnel Only","위험:  관계자 외 출입 금지"
0x58246D38,"Exit to Engine Room","엔진실 출구"
0x58246D39,"WARNING: CRITICAL DOOR MALFUNCTION","경고: 심각한 문 오작동"
0x58256D77,"Elevator to Lower Level","아래층행 엘리베이터"
0x58256D78,"Watch for Automatic Equipment","자동 장비에 주의하십시오"
0x58266DB6,"Elevator to Lower Level","아래층행 엘리베이터"
0x58266DB7,"Watch for Automatic Equipment","자동 장비에 주의하십시오"
0x58276DF5,"Engine Control Access","엔진 제어실 출입구"
0x58276DF6,"WARNING: EXTREME HEAT.  All personnel should wear proper protection","경고: 극고온.  모든 인원은 적절한 보호 장비를 착용하십시오"
0x58286E34,"Engine Room Exit","엔진실 출구"
0x58286E35,"Secure gear before exiting","나가기 전에 장비를 고정하십시오"
0x58296E73,"Return to Control Room","통제실로 돌아가기"
0x58296E74,"Reminder:  Please sync your RIG regularly","알림:  RIG를 정기적으로 동기화하십시오"
0x582A6EB2,"Return to Control Room","통제실로 돌아가기"
0x582A6EB3,"Reminder:  Please sync your RIG regularly","알림:  RIG를 정기적으로 동기화하십시오"
0x58624229,"Cursor Down","커서 아래"
0x5869026C,"USG Ishimura, this is the emergency maintenance team of the USG Kellion responding to your distress call. Come in, Ishimura.","이시무라호, 여기는 USG 켈리온 긴급 정비팀이다. 귀측의 조난신호에 응답한다. 응답하라, 이시무라."
0x586A0278,"What is that?","이게 뭐지?"
0x586A02AB,"Argh, the field's too strong!","윽, 자기장이 너무 강합니다!"
0x586B02B7,"I'm not getting any readings from the port booster and we've lost comms and autopilot. It'll take some time to fix.","좌현 부스터 계기가 전혀 반응하지 않고, 통신과 자동항법장치도 먹통입니다. 고치는 데 시간이 좀 걸릴 겁니다."
0x586C032A,"Huh. That doesn't look good.  She's taken a lot of damage.","허. 안 좋아 보이는데. 손상이 심해."
0x5877DCAE,"Credits","제작진"
0x589E3B6B,"MINING DECK LOG\nKREUZ, G. (QMED)\nThe situation here just got a lot worse. The gravity failure came as we were collating asteroids, and one broke free of the grav beam. It collided with a wall, killing two crew, and split into chunks. They're free floating in the processing room, and we can't restore gravity to get the Master Key until they're cleared. We could really use some engineering help up here.","채굴 갑판 기록\n크로이츠 G. (QMED)\n이곳 상황이 훨씬 나빠졌다. 소행성을 분류하던 중에 중력 장애가 발생했고, 소행성 하나가 중력 빔에서 풀려났다. 그 소행성은 벽에 충돌해 승무원 두 명을 죽이고 여러 조각으로 쪼개졌다. 조각들이 처리실 안을 떠다니고 있어서, 그걸 치우기 전까지는 중력을 복구해 마스터 키를 가져올 수가 없다. 여기 기술 지원이 정말 필요하다."
0x58B217D1,"EA Support Organizations","EA 지원 조직"
0x590316E2,"Large air canister that replenishes the air meter.","산소 미터를 보충해 주는 대형 산소통."
0x59146752,"Glen Schofield","Glen Schofield"
0x59146753,"Chris Stone","Chris Stone"
0x59146754,"Ben Wanat","Ben Wanat"
0x5923BC1E,"Edgar Sun","Edgar Sun"
0x5967C1A2,"Cursor Up","커서 위"
0x599AE73F,"Go to the Bridge","브릿지로 가라"
0x59AA919D,"USE STASIS\nTO SLOW OBJECTS","감속장비를 사용해\n물체를 느리게 하라"
0x59CB3A79,"EARS Game Lab","EARS Game Lab"
0x59E3FCCF,"SG-","SG-"
0x59FF4066,"EAVESDROPPER","엿듣는 자"
0x5A2EB442,"[RDDown]Apply","[RDDown]적용"
0x5A3A3932,"Derek Chan","Derek Chan"
0x5A3ABFBD,"FIX CLIMATE CONTROL","기후 제어 장치를 수리하라"
0x5A53D1E3,"Additional Sound Design","추가 사운드 디자인"
0x5A80B575,"[Mouse_Accept]Continue","[Mouse_Accept]계속"
0x5A93E3C6,"100","100"
0x5A9E01B4,"[Activate]","[Activate]"
0x5AA0B8CF,"Chapter 11: Alternate Solutions","11장: 대안 해결책"
0x5ABBB139,"Find the DNA Sample","DNA 샘플을 찾아라"
0x5AEBBE36,"Force an enemy into a Gravity Panel 5 times","적을 중력 패널로 5회 밀어 넣기"
0x5AF02745,"Barracks","막사"
0x5B1C1135,"[Movement]","[Movement]"
0x5B1E768B,"Resume","돌아가기"
0x5B37E37C,"Controller %d Unplugged.\nPlease reconnect controller.","컨트롤러 %d 연결 해제됨.\n컨트롤러를 다시 연결하십시오."
0x5B818629,"Associate Product Manager","어소시에이트 제품 매니저"
0x5B933F58,"Lead Technical Art Director","리드 테크니컬 아트 디렉터"
0x5B9A20B6,"[Aim_Mode]","[Aim_Mode]"
0x5BCC7DD3,"Michael Davies","Michael Davies"
0x5BCC7DD4,"Tom Felker","Tom Felker"
0x5BCC7DD5,"Sophia Han","Sophia Han"
0x5BCC7DD6,"Walter Wei-Lun Huang","Walter Wei-Lun Huang"
0x5BCC7DD7,"Leo H. Lee","Leo H. Lee"
0x5BCC7DD8,"George Lu","George Lu"
0x5BCC7DD9,"Phil Maynard","Phil Maynard"
0x5BCC7DDA,"Michael Noonan","Michael Noonan"
0x5BCC7DDB,"Matt Pettifer","Matt Pettifer"
0x5BF7A2A4,"The ADS is now fully operational.  It should protect us from any asteroid collisions.  Looks like we've bought ourselves some time.","ADS가 완전히 가동되었다. 이제 소행성 충돌로부터 우리를 보호해 줄 것이다. 시간을 좀 번 것 같다."
0x5C0C05A6,"Medical gel pack that restores full health.","체력을 완전히 회복시켜 주는 의료용 젤 팩."
0x5C183037,"[Map]","[Map]"
0x5C466DC7,"Back","뒤로"
0x5C466DD4,"Back","뒤로"
0x5C4CB95A,"Russian Product Manager","러시아 제품 매니저"
0x5C4CB95F,"Russian Public Relations","러시아 홍보"
0x5C4F6FFE,"Back","뒤로"
0x5C4F700B,"Back","뒤로"
0x5C597158,"[Navigate]Navigate        [UI_Select]Select        [Exit_Rig]Exit","[Navigate]이동        [UI_Select]선택        [Exit_Rig]나가기"
0x5C761BFF,"Level Design Lead","레벨 디자인 리드"
0x5C7C50EA,"David Yee","David Yee"
0x5C8F14D5,"Small air canister that replenishes the air meter.","산소 미터를 보충해 주는 소형 산소통."
0x5C963FB8,"[Breadcrumbs]","[Breadcrumbs]"
0x5C976924,"Complete the game on any difficulty setting","아무 난이도로 게임 클리어"
0x5CC2F5DB,"Concept Artists","컨셉 아티스트"
0x5CE94722,"INITIATE FEEDING SYSTEM","급식 시스템 가동"
0x5D144F39,"[Activate]","[Activate]"
0x5D19A005,"William Lane","William Lane"
0x5D3A8A7C,"Fueling Complete","--주유 완료--"
0x5D3A8A7D,"Power routed to thrusters.","추진기로 전력을 보냈습니다."
0x5D709A07,"DAMAGE","파괴력"
0x5D76B79C,"Corrupted Save","손상된 저장 파일"
0x5DCB6913,"SFX Volume","효과음 음량"
0x5DCCE1B9,"Destroy the Asteroids","소행성을 파괴하라"
0x5E0B3796,"POWER NODE\nACQUIRED","파워 노드\n획득"
0x5E3D21E2,"BRUTE COMBAT","브루트 전투"
0x5E9D15EC,"/pause","/ 일시정지"
0x5EB93D21,"LEVEL 4 SUIT","레벨 4 보호복"
0x5EBE46AA,"The Ishimura looks like it's in bad shape, and our shuttle is going to need extensive repairs.  Where the hell is the flight crew?","이시무라의 상태가 심각해 보이고, 우리 우주선도 대대적인 수리가 필요할 것이다. 도대체 비행 승무원들은 어디 있는 거지?"
0x5ECC9B79,"Level 3 Suit Schematic","레벨 3 보호복 설계도"
0x5EEEF7F2,"R Ctrl","R Ctrl"
0x5EF92D79,"AIR TIMER TRAINING","산소 타이머 훈련"
0x5F32FD13,"MERCER'S LAST SERMON","머서의 마지막 설교"
0x5F3DD1C9,"Glen A. Schofield","Glen A. Schofield"
0x5F3DD1CA,"Michael Condrey","Michael Condrey"
0x5F3DD1CB,"Bret Robbins","Bret Robbins"
0x5F3DD1CC,"Ian Milham","Ian Milham"
0x5F3DD1CD,"Ben Wanat","Ben Wanat"
0x5F3DD1CE,"Paul Mathus","Paul Mathus"
0x5F3DD1CF,"Steve Timson","Steve Timson"
0x5F3DD1D0,"Don Veca","Don Veca"
0x5F3DD1D1,"Doug Brooks","Doug Brooks"
0x5F97F49B,"Sell","판매"
0x5FC98719,"Special Thanks","특별히 감사드린 분들"
0x5FDFA83D,"Anti Aliasing","안티 에일리어싱"
0x5FE13D93,"Steve Timson","Steve Timson"
0x601317AC,"Refueling Chamber","연료 주입실"
0x601317AD,"Engine Room","엔진실"
0x601317AE,"Engineering Storage","기술 보관실"
0x601317AF,"Fuel Storage","연료 저장실"
0x601317B0,"Control Room","통제실"
0x601317B1,"Tram Station","정거장"
0x601317B2,"Machine Shop","기계실"
0x601317B3,"Centrifuge","원심분리기"
0x601317B4,"Decontamination","오염 제거실"
0x602851F0,"GRAVITY TETHER STATUS","중력 올가미 상태"
0x602851F1,"Malfunction!!! danger!!!","고장!!! 위험!!!"
0x602B91F7,"Technical Artist","테크니컬 아티스트"
0x604F1907,"CENTRIFUGE ONLINE","원심분리기 작동"
0x6063D957,"APAC Product Manager","아시아태평양 제품 매니저"
0x60C09F1B,"R Shift","R Shift"
0x60C91B82,"CAPSULE COMPLETE","캡슐 완성"
0x60CA71FD,"David Blizard","David Blizard"
0x60DE1239,"Go to the Bridge","브릿지로 가라"
0x6105236A,"Kill at least 30 enemies with a melee attack","근접 공격으로 적 30명 이상 제거"
0x614B18B0,"OPEN?","열기?"
0x61A565F7,"START","시작"
0x61B6D8E1,"Finally, the ship seems stable.  I've bought us some time, hopefully enough to find this SOS Beacon.  But even if we send out a distress signal, is anyone close enough to this system to hear it...?","마침내 우주선이 안정된 것 같다. 시간을 좀 벌었으니, 이 SOS 신호기를 찾을 만큼 충분하길 바란다. 하지만 조난신호를 보낸다 해도, 그걸 들을 만큼 이 항성계 가까이에 누가 있기나 할까…?"
0x61ECBC9A,"Foot Stomp","발 구르기"
0x620EA290,"Large Med Pack Schematic","대형 회복제 설계도"
0x622F125E,"RECOMBINATION STUDY","재조합 연구"
0x623DC5BF,"David Pugh","David Pugh"
0x623DC5C0,"Joe Spicher","Joe Spicher"
0x6251A1C9,"FLAME FUEL\nSchematic Acquired\nDownload at the Store","기름통\n설계도 획득\n상점에서 다운로드"
0x62945F22,"Shadow Quality","그림자 품질"
0x62A16A81,"Complete Chapter 4 on any difficulty setting","아무 난이도로 4장 완료"
0x62CAD8F7,"Environment Artists","환경 아티스트"
0x62D7ACF7,"Call\nGondola","곤돌라\n호출"
0x62D879A6,"INPUT CARGO NUMBER","화물 번호 입력"
0x62D879A7,"11506","11506"
0x62D879A8,"ACCESSING CARGO","화물 접근 중"
0x62D879A9,"CARGO DELIVERED","화물 배송 완료"
0x632B1061,"Impossible","불가능"
0x63BB13E3,"BACK","뒤로"
0x63C2B337,"COMMUNICATON CONTROL","통신 제어"
0x63EF42B9,"Kill the Captain","선장을 제거하라"
0x63FD6D24,"Can't Sell","판매 불가"
0x640AEA0E,"WIDTH","너비"
0x643B562D,"Pause Menu","일시정지 메뉴"
0x643F1E8D,"To: Zach Hammond\nFrom: XXXXXXXXXXX\nRe: Background request\n\nPer your request, here's what we could find on your hastily- assembled crew.\n\nISAAC CLARKE\n\nIsaac was born to Poul and Octavia Clark on Earth in the eastern seaboard region of the American Republic. Poul Clarke was an award-winning ship architect employed by the Galactic Union Marine Corp. His record shows extended time off-world away from his family.\n\n","수신: 자크 해먼드\n발신: XXXXXXXXXXX\n제목: 신원 조회 요청\n\n요청에 따라, 급히 꾸려진 팀원들에 대해 찾은 정보는 다음과 같다.\n\n아이작 클라크\n\n아이작은 지구의 아메리카 공화국 동부 해안 지역에서 폴 클라크와 옥타비아 클라크 사이에서 태어났다. 폴 클라크는 은하 연합 해병대에 고용된 수상 경력의 함선 설계자였다. 기록에 따르면 그는 오랜 기간 가족과 떨어져 지구 밖에서 지냈다.\n\n"
0x64571DF6,"DS Concept Art","DS 컨셉 아트"
0x647D7CE7,"I find it hard to believe that the Ishimura ran out of fuel. They haven't been on mission long enough for that. Either the fuel lines are disengaged or something very bad has happened.\n","이시무라의 연료가 바닥났다는 건 믿기 어렵다. 그럴 만큼 오래 임무를 수행하지도 않았다. 연료선이 분리되었거나, 아니면 뭔가 아주 나쁜 일이 일어난 것이다.\n"
0x6484A3B8,"BEAM WIDTH CIRCUIT (WID)","빔 너비 회로 (WID)"
0x6484A3B9,"This will upgrade your WIDTH by %g pts.","너비가 %g 포인트 업그레이드됩니다."
0x64B4DE5D,"[LDUp]","[LDUp]"
0x64B4FBEA,"Increases Inventory slots and Armor.","가방의 용량과 방어력이 증가한다."
0x64C85A42,"Bring this schematic to the store to unlock the Level 3 Suit.","이 설계도를 상점에 가져가면 레벨 3 보호복의 잠금이 해제됩니다."
0x64E0A167,"Breadcrumbs","길 안내"
0x64F6352B,"Use Kinesis to move or throw objects.  ","유도장비를 사용하면 물체를 이동시키거나 던질 수 있다.  "
0x64F832CD,"MEET ON THE FLIGHT DECK","비행 갑판에서 합류"
0x64FCB6C1,"This will upgrade your AIR by %g sec.","산소가 %g초 업그레이드됩니다."
0x650A696C,"Credits_AddArt_EASH_ProdCrd","Credits_AddArt_EASH_ProdCrd"
0x650A696D,"Credits_AddArt_EASH_Art","Credits_AddArt_EASH_Art"
0x650A696E,"Credits_AddArt_EASH_AsoArt","Credits_AddArt_EASH_AsoArt"
0x650A696F,"Credits_AddArt_EASH_AstArt","Credits_AddArt_EASH_AstArt"
0x650A6970,"Credits_AddArt_EASH_Tech","Credits_AddArt_EASH_Tech"
0x650A6971,"Credits_Blank_Line","Credits_Blank_Line"
0x650A6972,"Credits_AddArt_MW","Credits_AddArt_MW"
0x650A6973,"Credits_AddArt_MW_Lead_Char","Credits_AddArt_MW_Lead_Char"
0x650A6974,"Credits_AddArt_MW_Lead_Env","Credits_AddArt_MW_Lead_Env"
0x650A6975,"Credits_AddArt_MW_Lead_Obj","Credits_AddArt_MW_Lead_Obj"
0x650B69AB,"Credits_AddArt_MW_Char","Credits_AddArt_MW_Char"
0x650B69AC,"Credits_AddArt_MW_Env","Credits_AddArt_MW_Env"
0x650B69AD,"Credits_AddArt_MW_Obj","Credits_AddArt_MW_Obj"
0x650B69AE,"Credits_AddArt_MW_Trans","Credits_AddArt_MW_Trans"
0x650B69AF,"Credits_AddArt_MW_Thx","Credits_AddArt_MW_Thx"
0x650B69B0,"Credits_Blank_Line","Credits_Blank_Line"
0x650B69B1,"Credits_Exec","Credits_Exec"
0x650B69B2,"Credits_Exec_CEO","Credits_Exec_CEO"
0x650B69B3,"Credits_Exec_EAG_Pres","Credits_Exec_EAG_Pres"
0x650B69B4,"Credits_Exec_EAG_SVP","Credits_Exec_EAG_SVP"
0x650C69EA,"Credits_Blank_Line","Credits_Blank_Line"
0x650C69EB,"Credits_Mkt","Credits_Mkt"
0x650C69EC,"Credits_Mkt_Sr_GVP","Credits_Mkt_Sr_GVP"
0x650C69ED,"Credits_Mkt_VP_EARS","Credits_Mkt_VP_EARS"
0x650C69EE,"Credits_Mkt_Glo_PM","Credits_Mkt_Glo_PM"
0x650C69EF,"Credits_Mkt_Ass_PM","Credits_Mkt_Ass_PM"
0x650C69F0,"Credits_Mkt_Intl_PM","Credits_Mkt_Intl_PM"
0x650C69F1,"Credits_Mkt_Intl_MM","Credits_Mkt_Intl_MM"
0x650C69F2,"Credits_Mkt_Intl_APAC_PM","Credits_Mkt_Intl_APAC_PM"
0x650C69F3,"Credits_Mkt_Sr_Pub","Credits_Mkt_Sr_Pub"
0x650D6A29,"Credits_Mkt_Sr_PRMgr","Credits_Mkt_Sr_PRMgr"
0x650D6A2A,"Credits_Mkt_Pub","Credits_Mkt_Pub"
0x650D6A2B,"Credits_Mkt_Onl_MM","Credits_Mkt_Onl_MM"
0x650D6A2C,"Credits_Mkt_Comm","Credits_Mkt_Comm"
0x650D6A2D,"Credits_Mkt_Sr_Adv","Credits_Mkt_Sr_Adv"
0x650D6A2E,"Credits_Mkt_Intern","Credits_Mkt_Intern"
0x650D6A2F,"Credits_Mkt_Bel_PM","Credits_Mkt_Bel_PM"
0x650D6A30,"Credits_Mkt_Fr_PM","Credits_Mkt_Fr_PM"
0x650D6A31,"Credits_Mkt_Fr_PR","Credits_Mkt_Fr_PR"
0x650D6A32,"Credits_Mkt_Ger_PM","Credits_Mkt_Ger_PM"
0x650E40B6,"John Riccitiello","John Riccitiello"
0x650E6A68,"Credits_Mkt_Ger_PR","Credits_Mkt_Ger_PR"
0x650E6A69,"Credits_Mkt_Itl_PM","Credits_Mkt_Itl_PM"
0x650E6A6A,"Credits_Mkt_Itl_PR","Credits_Mkt_Itl_PR"
0x650E6A6B,"Credits_Mkt_Spa_PM","Credits_Mkt_Spa_PM"
0x650E6A6C,"Credits_Mkt_Rus_PM","Credits_Mkt_Rus_PM"
0x650E6A6D,"Credits_Mkt_Rus_PR","Credits_Mkt_Rus_PR"
0x650E6A6E,"Credits_Mkt_UK_PM","Credits_Mkt_UK_PM"
0x650E6A6F,"Credits_Mkt_UK_PR","Credits_Mkt_UK_PR"
0x650E6A70,"Credits_Mkt_Sr_Camp","Credits_Mkt_Sr_Camp"
0x650E6A71,"Credits_Mkt_Intl_Camp","Credits_Mkt_Intl_Camp"
0x650F6AA7,"Credits_Mkt_Mem","Credits_Mkt_Mem"
0x650F6AA8,"Credits_Blank_Line","Credits_Blank_Line"
0x650F6AA9,"Credits_Loc","Credits_Loc"
0x650F6AAA,"Credits_Loc_Intl_PM","Credits_Loc_Intl_PM"
0x650F6AAB,"Credits_Loc_Audio_Eng","Credits_Loc_Audio_Eng"
0x650F6AAC,"Credits_Loc_Integ_Eng","Credits_Loc_Integ_Eng"
0x650F6AAD,"Credits_Loc_Test_Sr_PM","Credits_Loc_Test_Sr_PM"
0x650F6AAE,"Credits_Loc_Test_Jr_PM","Credits_Loc_Test_Jr_PM"
0x650F6AAF,"Credits_Loc_Test_Sr_Test","Credits_Loc_Test_Sr_Test"
0x650F6AB0,"Credits_Loc_Test","Credits_Loc_Test"
0x65106AE6,"Credits_Loc_Coord_CS","Credits_Loc_Coord_CS"
0x65106AE7,"Credits_Loc_Trans_CS","Credits_Loc_Trans_CS"
0x65106AE8,"Credits_Loc_Coord_FR","Credits_Loc_Coord_FR"
0x65106AE9,"Credits_Loc_Trans_FR","Credits_Loc_Trans_FR"
0x65106AEA,"Credits_Loc_Coord_DE","Credits_Loc_Coord_DE"
0x65106AEB,"Credits_Loc_Trans_DE","Credits_Loc_Trans_DE"
0x65106AEC,"Credits_Loc_Coord_HU","Credits_Loc_Coord_HU"
0x65106AED,"Credits_Loc_Trans_HU","Credits_Loc_Trans_HU"
0x65106AEE,"Credits_Loc_Coord_IT","Credits_Loc_Coord_IT"
0x65106AEF,"Credits_Loc_Trans_IT","Credits_Loc_Trans_IT"
0x65116B25,"Credits_Loc_Coord_PL","Credits_Loc_Coord_PL"
0x65116B26,"Credits_Loc_Trans_PL","Credits_Loc_Trans_PL"
0x65116B27,"Credits_Loc_Coord_RU","Credits_Loc_Coord_RU"
0x65116B28,"Credits_Loc_Trans_RU","Credits_Loc_Trans_RU"
0x65116B29,"Credits_Loc_Coord_ES","Credits_Loc_Coord_ES"
0x65116B2A,"Credits_Loc_Trans_ES","Credits_Loc_Trans_ES"
0x65116B2B,"Credits_Blank_Line","Credits_Blank_Line"
0x65116B2C,"Credits_QA","Credits_QA"
0x65116B2D,"Credits_QA_Sr_Dir","Credits_QA_Sr_Dir"
0x65116B2E,"Credits_QA_Sr_Mgr","Credits_QA_Sr_Mgr"
0x65126B64,"Credits_QA_Mgr","Credits_QA_Mgr"
0x65126B65,"Credits_QA_FranLead","Credits_QA_FranLead"
0x65126B66,"Credits_QA_Embed","Credits_QA_Embed"
0x65126B67,"Credits_QA_Dev_Lead","Credits_QA_Dev_Lead"
0x65126B68,"Credits_QA_Tools","Credits_QA_Tools"
0x65126B69,"Credits_QA_Dev_AstLead","Credits_QA_Dev_AstLead"
0x65126B6A,"Credits_QA_Dev_Test","Credits_QA_Dev_Test"
0x65126B6B,"Credits_QA_Core","Credits_QA_Core"
0x65126B6C,"Credits_QA_Sr_Test_Lead","Credits_QA_Sr_Test_Lead"
0x65126B6D,"Credits_QA_Ast_Lead","Credits_QA_Ast_Lead"
0x65136BA3,"Credits_QA_Tester","Credits_QA_Tester"
0x65136BA4,"Credits_Blank_Line","Credits_Blank_Line"
0x65136BA5,"Credits_QA_VMC","Credits_QA_VMC"
0x65136BA6,"Credits_QA_VMC_Sr_Lead","Credits_QA_VMC_Sr_Lead"
0x65136BA7,"Credits_QA_VMC_Lead","Credits_QA_VMC_Lead"
0x65136BA8,"Credits_QA_VMC_Ast_Lead","Credits_QA_VMC_Ast_Lead"
0x65136BA9,"Credits_QA_VMC_Tester","Credits_QA_VMC_Tester"
0x65136BAA,"Credits_Blank_Line","Credits_Blank_Line"
0x65136BAB,"Credits_QA_Supp","Credits_QA_Supp"
0x65136BAC,"Credits_QA_Supp_Shared_Mgr","Credits_QA_Supp_Shared_Mgr"
0x65387C8D,"GO TO MEDICAL","의료 구역으로 가라"
0x653DB569,"Deeka Macdonald","Deeka Macdonald"
0x657444AC,"Your Air Meter will appear when you are in a vacuum.","진공 상태에 있으면 산소 미터가 표시된다."
0x657B1663,"Alberto Iniesta","Alberto Iniesta"
0x657B1664,"Antonio Yago","Antonio Yago"
0x658878ED,"Credits_QA_Supp_Comp_Lead","Credits_QA_Supp_Comp_Lead"
0x658878EE,"Credits_QA_Supp_Comp_Test","Credits_QA_Supp_Comp_Test"
0x658878EF,"Credits_QA_Supp_DB_Admin","Credits_QA_Supp_DB_Admin"
0x658878F0,"Credits_QA_Supp_Hardware","Credits_QA_Supp_Hardware"
0x658878F1,"Credits_QA_Supp_Admin","Credits_QA_Supp_Admin"
0x658878F2,"Credits_Blank_Line","Credits_Blank_Line"
0x658878F3,"Credits_EA_Support","Credits_EA_Support"
0x658878F4,"Credits_Blank_Line","Credits_Blank_Line"
0x658878F5,"Credits_Special_Thx","Credits_Special_Thx"
0x658878F6,"Credits_Blank_Line","Credits_Blank_Line"
0x6589792C,"Credits_FullTour","Credits_FullTour"
0x6589792D,"Credits_Blank_Line","Credits_Blank_Line"
0x6589792E,"Credits_Legal_Havok","Credits_Legal_Havok"
0x6589792F,"Credits_Legal_MPEG","Credits_Legal_MPEG"
0x65897930,"Credits_Legal_On2","Credits_Legal_On2"
0x65F1CA64,"QA Technical Artist","QA 테크니컬 아티스트"
0x65F2542D,"Your ammo counter will flash red if you can't jump to a surface.","점프할 수 없는 표면이면 탄약 표시기가 붉게 깜빡인다."
0x65FA9092,"CAPACITY","용량"
0x65FEC3DA,"Executive Producer","총괄 프로듀서"
0x661B259B,"Z-Baller","Z-볼러"
0x667063AE,"Use Kinesis on heavy objects that display this symbol.","이 표식이 표시된 무거운 물체에 유도장비를 사용한다."
0x6671CF44,"Senior Development Director","수석 개발 디렉터"
0x667E658A,"Senior Gameplay Designer","수석 게임플레이 디자이너"
0x6680A61D,"ROUND","라운드"
0x66817BD7,"\n","\n"
0x668AF876,"Localization Testers","현지화 테스터"
0x66EE732F,"All weapons have an alternate firing mode.","모든 무기에는 보조 사격 모드가 있다."
0x67007339,"Call the Tram","전동차를 호출하라"
0x67395405,"\nLouie, C\nLouie, M\nMcSweeney, B\nMeneses, F\nMerenda, R\nMolina, E\nNatividad, J\nNoonan, M\nPalrang, J\nPatel, J\nPatterson, I\nPavey, E\nPeterson, M\nPitts, R\nPiwenitzky, H\nPugh, D\nRuelas, A\nSarossy, V\nSchlegel, P\nSchofield, G\nScott, D\nSeo, A\nShande, T\nSilver, S\nSwearingen, S\nSwenson, D\nTalens, J\nThibodeaux, N\nThoeun, C\nTuohy, J\nValadez, G\nVaught, C\nVocal, C\nVoelker, S\nWells, J\nWilliams, N\nWrede, R\nZelaya, A\nZittle, K","\nLouie, C\nLouie, M\nMcSweeney, B\nMeneses, F\nMerenda, R\nMolina, E\nNatividad, J\nNoonan, M\nPalrang, J\nPatel, J\nPatterson, I\nPavey, E\nPeterson, M\nPitts, R\nPiwenitzky, H\nPugh, D\nRuelas, A\nSarossy, V\nSchlegel, P\nSchofield, G\nScott, D\nSeo, A\nShande, T\nSilver, S\nSwearingen, S\nSwenson, D\nTalens, J\nThibodeaux, N\nThoeun, C\nTuohy, J\nValadez, G\nVaught, C\nVocal, C\nVoelker, S\nWells, J\nWilliams, N\nWrede, R\nZelaya, A\nZittle, K"
0x676C82B0,"Pick up Schematics to add items to the Store.","설계도를 획득하면 상점에 아이템이 추가된다."
0x676DDD37,"CENTRIFUGE","원심분리기"
0x6799A946,"THE VALOR","밸러호"
0x679F24AC,"Information","정보"
0x67A65158,"Military Suit Unlocked","전투복 잠금 해제"
0x67A65159,"Backstory Logs Unlocked","배경 스토리 기록 잠금 해제"
0x67A6515A,"50000 Credits Awarded","현금 50000 획득"
0x67A6515B,"10 Power Nodes Awarded","파워 노드 10개 획득"
0x67A6515C,"Impossible Mode Unlocked","불가능 난이도 해제"
0x67D3BCCC,"Ben Swanson","Ben Swanson"
0x67EA9231,"Plug Power Cells into Receptacles to power up doors or machinery.","파워 셀을 소켓에 연결하여 문이나 기계 장치에 전원을 공급한다."
0x680A6159,"Bring this schematic to the store to unlock the Large Med Pack.","이 설계도를 상점에 가져가면 대형 회복제의 잠금이 해제됩니다."
0x682183B6,"All right everyone, we're here.  Synching our orbit now.","좋아, 다들 도착했다. 지금 궤도를 맞춘다."
0x682183B8,"Deep space mining is a lucrative business, Ms. Daniels. Aegis 7 is a gold mine, according to prospector's reports.  Cobalt, Silicon, Osmium... Now where is she? There she is. We have visual contact.","심우주 채굴은 수익성 좋은 사업이지, 다니엘스 씨. 탐사 보고서에 따르면 이지스 7은 노다지야. 코발트, 실리콘, 오스뮴… 자, 어디 있지? 저기 있군. 육안으로 확인됐다."
0x682183E2,"The USG Ishimura. Biggest Planetcracker in her class. And it looks like they already popped the cork.","USG 이시무라. 동급 최대의 플래닛 크래커지. 그리고 보아하니 벌써 행성 뚜껑을 딴 모양이군."
0x682183E4,"Corporal, take us in closer and hail them.  And stay clear of that debris field. We're here to fix their ship, not the other way around.","하사, 좀 더 가까이 접근해서 교신을 시도해. 그리고 저 잔해 지대는 피해서 가. 우린 저 배를 고치러 온 거지, 우리 배를 고쳐 달라고 온 게 아니니까."
0x682256B3,"Senior Campaign Manager","수석 캠페인 매니저"
0x682283EF,"Yes, we know. Boost the signal.  More.","그래, 알아. 신호 증폭해. 더 올려."
0x682283F3,"Alright, you heard the lady. Take us in. Let's see what needs fixing.","좋아, 숙녀분 말씀 들었지. 들어가자. 뭘 고쳐야 할지 보자고."
0x682283F5,"What the hell...?","이게 뭐야…?"
0x682283F7,"What is it?","뭐야?"
0x68228420,"Hit the blast shields! Their guidance tether is damaged! Switch to manual, NOW!","방어막 내려! 저쪽 유도 올가미가 손상됐다! 수동으로 전환해, 당장!"
0x68228423,"NO! We can make it inside! Corporal, I gave you an order!","안 돼! 안으로 들어갈 수 있어! 하사, 명령했을 텐데!"
0x68228425,"Is everyone okay?","모두 괜찮아?"
0x6823842F,"I just saved our asses, Ms. Daniels! If we had aborted at that speed and distance, we would have smashed right into the side of the Ishimura! Now settle down, and let's get to work. Corporal, report!","방금 내가 우리 목숨을 살린 거야, 다니엘스 씨! 그 속도와 거리에서 중단했으면 이시무라 옆구리에 그대로 처박혔을 거라고! 이제 진정하고 일이나 시작하지. 하사, 보고해!"
0x68238431,"All right, let's get some extra hands from flight deck to help out.","좋아, 비행 갑판에서 일손 좀 더 데려와서 돕게 하자."
0x68238434,"All right. We've still got a job to do. We're moving out.","좋아. 아직 할 일이 남았다. 이동한다."
0x68238460,"Guess the power's down everywhere. Isaac, get over here and hack the door pad.","여기저기 다 정전인 것 같군. 아이작, 이리 와서 문 패드 좀 해킹해 줘."
0x68248474,"There should be a security detail in here.","여기엔 보안팀이 있어야 할 텐데."
0x68248476,"That security console is still live. Isaac, log in and see what you can find. Kendra, get that elevator back online.","저 보안 콘솔은 아직 살아있군. 아이작, 접속해서 뭐가 있는지 찾아봐. 켄드라, 엘리베이터를 다시 작동시켜."
0x6824849F,"Then re-route the damn power! Look, if we all cooperate, we can figure this out a lot sooner. Let's get that computer display up, Isaac.","그럼 망할 전원을 우회시키면 되잖아! 이봐, 다 같이 협력하면 훨씬 빨리 해결할 수 있어. 아이작, 저 컴퓨터 화면 좀 띄워 봐."
0x682484A1,"Isaac, check that security console.","아이작, 저 보안 콘솔 확인해 봐."
0x6850989F,"ELEVATOR FIXED","엘리베이터 복구"
0x68675621,"MELEE","근접 공격"
0x6868A1B2,"Red weapon icons mean your weapon has no ammo in its clip.","무기 아이콘이 붉게 표시되면 탄창에 탄약이 없다는 뜻이다."
0x686C86A4,"The tram system's offline. Getting around is going to be difficult.","전동차 시스템이 먹통이군. 돌아다니기 힘들겠어."
0x686C86A7,"Automatic quarantine must have tripped when the filtration system restarted. Everybody relax...","여과 시스템이 재가동될 때 자동 격리가 작동한 게 틀림없어. 다들 진정해…"
0x686C86AB,"I'm not sure...","글쎄…"
0x686C86AC,"What the hell?","뭐야 이게?"
0x686C86D5,"Jesus! Open fire! Open fire!","맙소사! 사격 개시! 사격 개시!"
0x686C86D6,"Kendra!  Power!","켄드라! 전원!"
0x686C86D7,"Kendra...!","켄드라…!"
0x686C86DA,"Isaac, get the hell out of there!","아이작, 거기서 나가!"
0x686D86E9,"Isaac, we ran into more of them on the way over here. Are you okay?","아이작, 여기 오는 길에 저놈들을 더 만났어. 괜찮아?"
0x686D86EB,"Keep your voice down! Whatever they are, they're not friendly! And half the doors on the ship are locked because of the quarantine.","목소리 낮춰! 저것들이 뭐든 간에 우호적이진 않아! 그리고 격리 때문에 우주선 문 절반이 잠겼어."
0x686D86EC,"Now we have to get to the bridge, but first, we got to repair the tram system. ","이제 브릿지로 가야 하는데, 먼저 전동차 시스템을 수리해야 해. "
0x686D8717,"If you listen to me, I WILL get you out of here alive. Now what's wrong with the tram?","내 말을 따르면 반드시 살려서 여기서 내보내 주지. 그래서 전동차는 뭐가 문제야?"
0x686D8719,"No, we can't... but you can. Isaac, if I can get to the Bridge, I should be able to access the personnel files. You fix the tram and I'll help you find Nicole.","아니, 우린 못 해… 하지만 넌 할 수 있어. 아이작, 내가 브릿지에 갈 수 있으면 인사 기록에 접근할 수 있을 거야. 네가 전동차를 고치면, 니콜을 찾는 걸 도와주지."
0x686E8728,"Alright, we're onboard and heading to the Bridge.  Good work.","좋아, 탑승했고 브릿지로 향한다. 수고했어."
0x686E872A,"Whatever was in the flight lounge must have left.  That's lucky for us.  Isaac, get back to the Kellion and prep it for launch.  We'll find out what we can from the bridge and meet you there.","비행 대합실에 있던 게 뭐였든 떠난 모양이군. 운이 좋았어. 아이작, 켈리온으로 돌아가서 출발 준비를 해 줘. 우리는 브릿지에서 알아낼 수 있는 걸 알아낸 다음 거기서 합류하지."
0x686E8753,"Your lack of confidence in me is duly noted, Ms. Daniels, but I have a mission to complete and that's exactly what I am going to do.  With or without you.  Do we understand each other?","날 못 믿는다는 건 잘 알겠어, 다니엘스 씨. 하지만 난 완수할 임무가 있고, 반드시 그렇게 할 거야. 네가 있든 없든. 서로 이해한 거지?"
0x686E8755,"Isaac, we made it to the Bridge.  It's a nightmare up here.  No survivors.  We're going to try and get to the Command computer.  Wish us luck.","아이작, 브릿지에 도착했어. 여긴 악몽 그 자체야. 생존자는 없어. 지휘 컴퓨터에 접속해 보려고 해. 행운을 빌어 줘."
0x686E8757,"What the hell is happening down there?! What happened to the shuttle?","거기 대체 무슨 일이야?! 우주선은 어떻게 된 거야?"
0x686F8761,"Kendra...","켄드라…"
0x686F8763,"Just let me think! Can you access the Command computer?","생각 좀 하게 해 줘! 지휘 컴퓨터에 접속할 수 있겠어?"
0x686F8765,"Well? Where's the Captain?  ","그래서? 선장은 어디 있지?  "
0x686F8767,"What? How?","뭐? 어떻게?"
0x686F8769,"Dammit! Isaac. I'm sending the tram back to your location. Get to the Medical Deck and find that RIG as fast as you can.","젠장! 아이작, 전동차를 네 위치로 돌려보낼게. 의료 구역으로 가서 최대한 빨리 그 RIG를 찾아."
0x686F8792,"Holy shit! Come on, get out of here!","젠장! 어서, 여기서 나가!"
0x68A093A5,"Isaac? Are you there? We were attacked! Kendra's gone! One minute she was there, then... I can't believe I lost her. We can still do this. Get me the Captain's RIG codes and we'll find Nicole.","아이작? 들려? 공격받았어! 켄드라가 사라졌어! 방금 전까지 옆에 있었는데… 켄드라를 놓치다니 믿을 수가 없어. 아직 할 수 있어. 선장의 RIG 코드를 가져와. 그러면 니콜을 찾을 수 있을 거야."
0x68A193AF,"God, communication is useless in all this static...","젠장, 이 잡음 속에서는 통신이 쓸모가 없어…"
0x68A193E3,"Alright, that thermite you picked up should be able to melt through the barricade.  Use the shock pad to ignite it. Hope I can hold this position.  I can hear something big moving out there.","좋아, 네가 주운 고열폭약이면 방어벽을 녹여 뚫을 수 있을 거야. 충격 패드로 점화해. 내가 이 자리를 지킬 수 있으면 좋겠군. 밖에서 뭔가 큰 게 움직이는 소리가 들려."
0x68A293F5,"Great, you got a shock pad. Combine that with the thermite at the barricade to destroy it. Shit, I can hear more coming.  Moving through the vents.  Stay safe, Isaac.","좋아, 충격 패드를 구했군. 방어벽에서 그걸 고열폭약과 조합해서 날려 버려. 젠장, 더 오는 소리가 들린다. 환기구를 통해 움직이고 있어. 몸조심해, 아이작."
0x68A293F6,"Okay, you're through.  Should be clear from there to the morgue. Remember, the codes are on the captain's body.","좋아, 통과했군. 거기서 영안실까지는 안전할 거야. 명심해, 코드는 선장의 시신에 있어."
0x68A29421,"That was Nicole, right? I can't tell from here when that log was made... I'm sure she's around here somewhere. ","방금 니콜이었지? 여기선 그 기록이 언제 만들어진 건지 알 수가 없어… 분명 이 근처 어딘가에 있을 거야. "
0x68AEE7A9,"Desmond Fu","Desmond Fu"
0x68AEE7AA,"Squall Liu","Squall Liu"
0x68AEE7AB,"Carl Zhou","Carl Zhou"
0x68CBB96E,"Find the Maintenance Bay Key","관리구역 열쇠를 찾아라"
0x68D6BC4E,"ENGINE FIRED","엔진 점화"
0x68EA9625,"Codes received, and they look good. Thank god.  I'll start accessing the Captain's records right now. Head to the tram station, and I'll contact you there. I'm going to find out what the hell happened to this ship...","코드를 받았다, 문제없어 보여. 다행이군. 지금 바로 선장의 기록에 접속하겠다. 정거장으로 가, 거기서 연락하지. 이 우주선에 대체 무슨 일이 있었는지 알아내겠어…"
0x68EA9626,"Isaac! Somehow one of them found a way down to the Captain's Nest! I managed to contain it in a damaged escape pod.","아이작! 놈들 중 하나가 어떻게든 선장실까지 내려왔어! 간신히 망가진 탈출포드에 가둬 뒀어."
0x68EA9627,"Lifting the executive lockdown now... I found the deck logs...","지금 간부 구역 봉쇄를 해제하는 중이다… 갑판 기록을 찾았어…"
0x68EA9628,"Whatever is happening around here, it came from the planet when they cracked it open.  It spread to the colony, and reached the ship. Isaac, this isn't an infection. It's some form of alien life! Shit! We've got bigger problems. The ship's engines are offline and our orbit is decaying! Get over to the Engineering deck asap, while I stay here and figure out what the problem is.","여기서 벌어지고 있는 게 뭐든, 그들이 행성을 쪼갰을 때 행성에서 나온 거야. 콜로니로 퍼졌고, 우주선까지 온 거지. 아이작, 이건 감염이 아니야. 일종의 외계 생명체라고! 젠장! 더 큰 문제가 생겼다. 우주선 엔진이 멈춰서 궤도가 무너지고 있어! 최대한 빨리 엔진 갑판으로 가. 난 여기 남아서 뭐가 문제인지 알아보겠다."
0x68EC96A7,"Isaac, we've got two problems, and we're working on borrowed time here! First, there's no fuel in the engines.  Second, the gravity centrifuge is offline... which means there's a couple of trillion tons of rock pulling us down.  I need you to get that centrifuge operational, refuel the main engine and fire it up so I can stabilize the ship's orbit. ","아이작, 문제가 두 가지 있는데, 시간도 얼마 없어! 첫째, 엔진에 연료가 없다. 둘째, 중력 원심분리기가 멈췄어… 그 말은 몇조 톤이나 되는 바위가 우릴 끌어내리고 있다는 거지. 네가 원심분리기를 가동하고, 주엔진에 연료를 보충한 다음 점화해 줘야 해. 그래야 내가 우주선 궤도를 안정시킬 수 있어. "
0x68EC96D9,"Whatever you did, it's working Isaac! I have a fuel reading. It's only a quarter full, but that's enough to restore orbit once you bring the engines online... What the hell? False alarm.  Thought I saw something.","뭘 했든 효과가 있어, 아이작! 연료 수치가 잡힌다. 4분의 1밖에 안 차긴 했지만, 네가 엔진을 가동하면 궤도를 회복하기엔 충분해… 뭐야? 잘못 봤군. 뭔가 본 줄 알았어."
0x68ED96E9,"You're doing great, Isaac! Centrifuge and gyros are both a hundred percent and stabilized. Now get out of there and focus on the engine. I don't know how much time we have left.","아주 잘하고 있어, 아이작! 원심분리기와 자이로 모두 100퍼센트로 안정됐어. 이제 거기서 나와서 엔진에 집중해. 시간이 얼마나 남았는지 모르겠어."
0x68ED96EB,"Kendra!  Where are you?","켄드라! 어디 있어?"
0x68EE9721,"It's working! We're online and functional! Finally some good news. Get a tram to the bridge, Isaac. I'm going to take us back into a geostationary orbit.","작동한다! 가동되고 정상 작동 중이야! 드디어 좋은 소식이군. 전동차를 타고 브릿지로 와, 아이작. 난 우주선을 다시 정지궤도로 올리겠다."
0x68EE9723,"Goddammit.  I'll start working on it from here.  Isaac, meet me at the Bridge.  You can do more good here than I can.","빌어먹을. 여기서 작업을 시작하겠다. 아이작, 브릿지에서 만나자. 여기선 네가 나보다 더 쓸모가 있을 거야."
0x68EF2223,"ASTEROID IMPACT","소행성 충돌"
0x68F197DE,"Isaac, come in. Kendra's right, the ADS is completely shot. I'll need your help to fix this. Kendra, if you can hear me, see if you can get into the ship reports. It sounds like you have better access from there.","아이작, 응답해라. 켄드라 말이 맞아, ADS가 완전히 망가졌어. 이걸 고치려면 네 도움이 필요하다. 켄드라, 내 말이 들리면 함선 보고서에 접속할 수 있는지 봐 줘. 거기서라면 접근 권한이 더 나은 것 같으니까."
0x68F197E0,"I don't know anything about that.  It's referenced in the captain's records.  They brought it up  from the planet...","난 그것에 대해 아무것도 몰라. 선장의 기록에 언급되어 있을 뿐이야. 그들이 행성에서 끌어올린 거라고…"
0x68F197E2,"In cargo.  They think it's of alien origin.  But I don't know what the hell it is.","화물칸에 있어. 외계에서 온 거라고 생각하더군. 하지만 그게 대체 뭔지는 나도 몰라."
0x68F197E4,"Back off.  I am not the bad guy here.  We're all shaky right now.  You're going to have to trust that I don't know anything about it.","물러서. 난 나쁜 놈이 아니야. 지금은 다들 불안해하고 있어. 내가 그것에 대해 아무것도 모른다는 걸 믿어 줘야 해."
0x68F197E5,"We've entered the debris field! Get to the captain's nest. I'll explain everything later. Hammond out.","잔해 지대에 들어왔다! 선장실로 와. 나중에 전부 설명하지. 해먼드 종료."
0x68F19812,"Isaac!  Damn, you scared me.  This place is making me jumpy. Fucking asteroids coming through the roof... Look, I know Kendra doesn't trust me, but I don't know anything about a Marker or anything else.  This was supposed to be a repair mission, plain and simple. This mess is the Asteroid Defense System. I can fix these boards, but the main power routing is shot. You're going to have to re-route them manually through at least three junction boxes to activate the primary cannon.  Oh, but first you need to activate the Atrium elevators from Bridge Security. You can use them to get to the junction boxes. ","아이작! 젠장, 깜짝 놀랐잖아. 여기 있으니 신경이 곤두서는군. 빌어먹을 소행성들이 천장을 뚫고 들어오고… 이봐, 켄드라가 날 못 믿는 건 알지만, 난 마커든 뭐든 아무것도 몰라. 이건 원래 그냥 단순한 수리 임무였어. 이 엉망인 게 소행성 방어 시스템이야. 이 보드들은 고칠 수 있지만, 주 전원 경로가 망가졌어. 주포를 작동시키려면 네가 최소한 배선함 세 개를 거쳐 수동으로 전원 경로를 바꿔야 해. 아, 그 전에 먼저 브릿지 보안실에서 중앙홀 엘리베이터를 작동시켜야 해. 그걸 타고 배선함까지 갈 수 있어. "
0x68F19813,"Shit!  Stand back!","젠장! 물러서!"
0x68F19814,"Thought that one was dead when I sealed the pod.  These things don't die easily.","포드를 봉인할 때 저놈은 죽은 줄 알았는데. 이것들은 쉽게 죽지 않는군."
0x68F29820,"Okay, primary astrogation power has been re-routed. Look, I don't know about you, but...I think I'm seeing things...my head's pounding still...  I don't know.  Just stay sharp, okay?","좋아, 주 항법 전원 경로가 변경됐어. 이봐, 넌 어떤지 모르겠지만… 난 헛것이 보이는 것 같아… 아직도 머리가 지끈거려… 모르겠어. 그냥 정신 바짝 차려, 알겠지?"
0x68F39860,"Control Systems junction box re-routed. I'm getting a reading! Almost there.","조종 시스템 배선함 경로 변경 완료. 수치가 잡힌다! 거의 다 됐어."
0x68F39862,"Ship Systems junction box re-routed. I'm making some progress with the tracking grid...one of the cannons is giving me a hard time...keep moving.","우주선 시스템 배선함 경로 변경 완료. 추적 격자 쪽은 좀 진전이 있어… 캐논 하나가 애를 먹이는군… 계속 이동해."
0x68F39863,"All right, we've got enough power. But the ADS cannon's auto targeting is down. I think it's a faulty data cable. I need you to aim the cannon manually until I can replace it. Take the elevator to the top of the ship, and head for the cannon pit.\n","좋아, 전력은 충분하다. 하지만 ADS 캐논의 자동 조준이 먹통이야. 데이터 케이블 불량인 것 같다. 내가 교체할 때까지 네가 캐논을 수동으로 조준해 줘야 해. 엘리베이터를 타고 우주선 꼭대기로 가서 캐논실로 향해.\n"
0x68F39864,"That's it, Isaac, you're in the pit. The cannon's a massdriver, so it should punch through anything flying at us.  Keep an eye on the hull's integrity.  Too many of those things get by and we're dead. I think I've almost got the system repaired. Just buy me a little more time!","됐어, 아이작, 캐논실에 들어갔군. 이 캐논은 매스드라이버라서 우리 쪽으로 날아오는 건 뭐든 뚫어 버릴 거야. 선체 내구도를 잘 지켜봐. 그것들이 너무 많이 빠져나가면 우린 끝이야. 시스템 수리가 거의 끝나 가. 조금만 더 시간을 벌어 줘!"
0x68F39865,"Nice shooting, Isaac! Auto targeting is now online and clearing a path to safe orbit! As soon as we're clear, I'll engage the autopilot again. Head to the tram station and I'll meet you there when I'm done.","훌륭한 사격이었어, 아이작! 이제 자동 조준이 작동해서 안전 궤도까지 길을 뚫고 있어! 안전해지는 대로 자동항법장치를 다시 가동하겠다. 정거장으로 가, 일이 끝나면 거기서 만나지."
0x68F3988E,"Will this never end?! Isaac, get to Medical and mix together whatever Kendra's come up with. I'm heading to Hydroponics. If I can slow it down, that might keep us breathing long enough to fight it.","이건 끝나지도 않는 거야?! 아이작, 의료 구역으로 가서 켄드라가 알아낸 걸 뭐든 섞어. 난 재배구역으로 간다. 그걸 늦출 수만 있으면, 놈과 싸울 만큼 오래 숨은 쉴 수 있을지도 몰라."
0x691EA327,"Is anyone there? Repeat! Come in Isaac... Kendra, is anyone there?","거기 누구 없나? 반복한다! 응답하라, 아이작… 켄드라, 거기 누구 없어?"
0x691FA331,"I've reached Hydroponics. It's bad down here, really bad! ...can barely breathe! That organic matter is growing everywhere! My eyes are stinging... must be seeing things...","재배구역에 도착했다. 여긴 상황이 나빠, 정말 나빠! … 숨을 쉬기도 힘들어! 그 유기물이 사방에서 자라고 있어! 눈이 따가워… 헛것이 보이는 게 틀림없어…"
0x691FA333,"Whatever you're going to do, do it fast... Can hardly breathe in here...","뭘 하든 서둘러… 여긴 숨쉬기도 힘들어…"
0x6920A377,"Isaac... Good to see you  in one piece... Don't take... your helmet off... the air's rotten... I got a look... at it... it's huge... you won't believe it... shut itself in Food Storage...The crew that was on this deck... I think they're what's poisoning the air. They've been transformed... I saw one of them, bloated, swollen. They're poison factories...we need to take them out  while we can still breathe...","아이작… 멀쩡한 모습을 보니 반갑군… 헬멧… 벗지 마… 공기가 썩었어… 그걸… 봤어… 엄청나게 커… 믿지 못할 거야… 식량 저장고에 틀어박혔어… 이 갑판에 있던 승무원들… 그놈들이 공기를 오염시키고 있는 것 같아. 변해 버렸어… 한 놈을 봤는데, 부풀어서 퉁퉁 부어 있었지. 그놈들이 독을 만드는 공장이야… 아직 숨을 쉴 수 있을 때 없애야 해…"
0x696AA65A,"Isaac! Isaac are you there? Thank god you're all right! I've been trying to reach you! Someone's been blocking my RIG signal remotely! That crash must have interrupted the signal block.","아이작! 아이작, 거기 있나? 무사해서 정말 다행이야! 계속 연락하려고 했어! 누군가 원격으로 내 RIG 신호를 차단하고 있었어! 그 충돌 때문에 신호 차단이 끊긴 게 틀림없어."
0x696BA665,"Surviving.  Barely.  I found some med supplies and patched myself up.  Listen. I'm calling abort on the mission. Fuck the CEC and fuck the chain of command. We have to get the hell out of here! I think I've located a shuttle on the crew deck. The flight log says it needs a new singularity core, but we can probably salvage one from the Valor. I can see the tail-end of it sticking out from the side of the Ishimura. I'm headed down there now to  find a way inside! I'll meet you there! Hammond out.","살아 있어. 간신히. 의료품을 좀 찾아서 응급 처치를 했지. 잘 들어. 임무는 중단한다. CEC고 지휘 계통이고 엿이나 먹으라지. 여기서 빨리 빠져나가야 해! 승무원 갑판에서 우주선을 하나 찾은 것 같아. 비행 기록에 따르면 새 특이성 코어가 필요하다는데, 밸러에서 하나 회수할 수 있을 거야. 이시무라 옆구리에 밸러의 꼬리 부분이 튀어나와 있는 게 보여. 지금 거기로 내려가서 들어갈 방법을 찾겠다! 거기서 만나자! 해먼드 종료."
0x696EA723,"Isaac? Good, you made it inside! Listen! I just found the munitions log for the Valor! I don't think their presence here is a coincidence! They're not on reconnaissance and they're not on patrol! This ship is prepped for war! They're on a seek and destroy mission! Do you hear me?!","아이작? 좋아, 안으로 들어갔군! 잘 들어! 방금 밸러의 군수품 기록을 찾았어! 저들이 여기 있는 건 우연이 아닌 것 같아! 정찰 중도 아니고 순찰 중도 아니었어! 이 배는 전쟁 준비가 되어 있어! 수색 섬멸 임무 중이었다고! 내 말 들려?!"
0x696EA727," Isaac!  Over here!  I've been trying to reach you but my comm was out!  You got the singularity core...That's our ticket out of here. Get that core to the shuttle! Don't wait for me. Oh, fuck me. Aaarrgh!"," 아이작! 여기야! 계속 연락하려고 했는데 통신기가 고장 났었어! 특이성 코어를 구했군… 그게 우리 탈출 차표야. 그 코어를 우주선으로 가져가! 날 기다리지 마. 오, 젠장. 으아악!"
0x6973FF7C,"Hydroponics log, Dr. Elizabeth Cross reporting. I'm pleased to say that we're working close to maximum capacity at the present time.  All flora is healthy and thriving and food yield has created a surplus. I was going to pass the surplus on to the colony, but the Captain has given a no-fly order. I want to note my opposition to that order. Everyone knows they're in trouble down there, and  I don't see what denying them our surplus will achieve.","재배구역 기록, 엘리자베스 크로스 박사 보고. 현재 거의 최대 생산량으로 가동 중이라는 기쁜 소식을 전한다. 모든 식물이 건강하게 잘 자라고 있으며, 식량 생산량도 남아돌 정도다. 남는 식량을 콜로니로 보내려 했지만, 선장님이 비행 금지 명령을 내렸다. 나는 그 명령에 반대한다는 뜻을 기록으로 남기고 싶다. 저 아래 사람들이 곤경에 처해 있다는 건 모두가 아는데, 남는 식량을 보내지 않는다고 무엇을 얻을 수 있는지 모르겠다."
0x6973FFA7,"Hello? Hello! Security! Thank god. This is Dr. Cross, in Hydroponics. I'm trying to locate Second Engineer Jacob Temple! I can't get through to Engineering! Of course I know there's a ship-wide medical alert! That's why I'm trying to locate him! No, we're safe for now. But the tram is down, and we can't reach the escape pods. Hello? Hello?! ","여보세요? 여보세요! 보안실이죠! 다행이다. 재배구역의 크로스 박사예요. 2등 기술자 제이콥 템플을 찾고 있어요! 엔진 구역과 연락이 안 돼요! 물론 함 전체에 의료 경보가 내려진 건 알아요! 그러니까 그 사람을 찾으려는 거잖아요! 아뇨, 지금은 안전해요. 하지만 전동차가 멈춰서 탈출포드까지 갈 수가 없어요. 여보세요? 여보세요?! "
0x6973FFA9,"Hydroponics log, Dr. Cross reporting. Something huge just slammed into the hull, near Food Storage. It wasn't a rogue asteroid, I know what that sounds like. But it was big, and heavy. I'll report again when I know more.","재배구역 기록, 크로스 박사 보고. 방금 뭔가 거대한 것이 식량 저장고 근처 선체에 부딪혔다. 떠돌이 소행성은 아니었다. 그런 소리가 어떤지는 안다. 하지만 크고 무거운 무언가였다. 더 알게 되면 다시 보고하겠다."
0x698C30E2,"Hello? Can anybody hear me? My name is Eileen Fisk, I just woke up in here and everybody was gone... I don't know what's happening... Why did they all leave? I'm going to try and find someone... If you can hear this, please come for me... I can hear scratching in the walls...","여보세요? 누구 제 말 들리는 사람 없어요? 저는 아일린 피스크예요. 방금 여기서 깨어났는데 다들 사라졌어요… 무슨 일이 일어나고 있는지 모르겠어요… 왜 다들 떠난 거죠? 누군가 찾아볼게요… 이걸 듣고 있다면, 제발 절 데리러 와 주세요… 벽 안에서 긁는 소리가 들려요…"
0x698C30E3,"H-Hello? Who's there? Are you a doctor? Why has everyone... Wait, I know you. You're Harris! The prisoner from the colony! You killed that nurse... Help! Somebody help me! Please!","누-누구세요? 거기 누구예요? 의사 선생님이세요? 왜 다들… 잠깐, 당신 알아요. 해리스잖아요! 콜로니에서 온 죄수! 당신이 그 간호사를 죽였잖아요… 도와줘요! 누가 좀 도와줘요! 제발!"
0x698DABA7,"DISMEMBERMENT","사지 절단"
0x699AB1FD,"Isaac, I'm tracking your position but it doesn't look like I can reach you.  This damn ship was\nnearly sheared in half.  I made it to the bridge...it's a mess here.  These poor bastards didn't stand a chance. I'm going to override all door locks so you can get to the engine room.  I'll try and catch up with you there.","아이작, 네 위치를 추적하고 있지만 거기까지 갈 수는 없을 것 같다. 이 망할 우주선이\n거의 두 동강이 났어. 브릿지에 도착했는데… 여긴 엉망이야. 불쌍한 놈들, 손도 못 써 봤겠군. 네가 엔진실로 갈 수 있도록 모든 문 잠금을 강제 해제하겠다. 거기서 합류해 보지."
0x699AB225,"The infection process is doing something strange to these soldiers.  They all had built-in Stasis units in their\nbody armor.  The infection is merging the Stasis unit into their flesh or something...making them move fast...real fast. Be careful.\n","감염 과정이 이 병사들에게 이상한 작용을 하고 있어. 이들은 모두 방탄복에 감속장비가\n내장되어 있었지. 감염이 감속장비를 살과 융합시키든지 해서… 놈들을 빠르게 만들고 있어… 정말 빠르게. 조심해.\n"
0x699AB226,"I've almost got this thing fixed!  Just a little bit longer!\n","거의 다 고쳤어! 조금만 더!\n"
0x699AB227,"Just one more minute and it should be fully operational!","1분만 더 있으면 완전히 작동할 거야!"
0x699AB228,"(screams, grunts of pain as Hammond is attacked by and attacking and finally killed by,  the BRUTE)","(해먼드가 브루트에게 공격당하며 반격하다 결국 죽는 동안의 비명과 고통스러운 신음)"
0x699BB233,"Your weapons can't punch through that thing's armor! Shoot it in the back, Isaac!","네 무기로는 저놈의 갑각을 뚫을 수 없어! 등을 쏴, 아이작!"
0x69BC01AD,"Hydroponics log. This is Dr. Cross. It... It's hard for me to believe what I'm seeing here. This is crazy, absolutely crazy. I'm going to the Mining deck. I hear that's where survivors are gathering. Jacob... I'll wait for you there.","재배구역 기록. 크로스 박사다. 지… 지금 눈앞에 보이는 걸 믿기가 힘들다. 미쳤어, 완전히 미쳤어. 채굴 갑판으로 가겠다. 생존자들이 그곳에 모이고 있다고 들었다. 제이콥… 거기서 기다릴게."
0x69BC01B4,"Jacob, hurry up! We need to find a beacon!","제이콥, 서둘러요! 신호기를 찾아야 해요!"
0x6A101D7D,"Tram Station","정거장"
0x6A101D7E,"Tram Hallway","전동차 복도"
0x6A101D7F,"RIG Room","RIG 보관실"
0x6A101D80,"Mining Elevator","채굴용 엘리베이터"
0x6A101D81,"Processing Antechamber","처리 작업 대기실"
0x6A101D82,"Processing Hallway","처리 작업 복도"
0x6A101D83,"Mining Hallway","채굴구역 복도"
0x6A101D84,"Mining Hallway","채굴구역 복도"
0x6A101D85,"Extraction Room","추출실"
0x6A1AC1FB,"Isaac, be careful. Shooting them in the body didn't seem to work.  Go for the limbs, dismember them. That should do the job. ","아이작, 조심해. 몸통을 쏘는 건 효과가 없는 것 같아. 팔다리를 노려서 절단해. 그러면 될 거야. "
0x6A1AC226,"Better get moving.","서두르는 게 좋겠어."
0x6A1AC227,"This readout doesn't look good.","이 수치는 안 좋아 보이는데."
0x6A1BC239,"Looks like the crew barricaded the door to the emergency wing.  You'll have to blow through it to get to the morgue. Get some thermite from Medical Storage, and a shock pad from Zero-G Therapy. Should be down the corridor.","승무원들이 비상 병동으로 가는 문에 방어벽을 친 것 같아. 영안실로 가려면 그걸 폭파해서 뚫어야 해. 의료 보관실에서 고열폭약을, 무중력 치료실에서 충격 패드를 구해. 복도를 따라가면 있을 거야."
0x6A1CC278,"As you know, the Ishimura is able to set its gravity locally.  Your grav boots will kick in when you enter a zero-g area.","알다시피 이시무라는 구역별로 중력을 설정할 수 있다. 무중력 구역에 들어가면 중력 부츠가 작동할 거야."
0x6A1CC279,"Isaac, you're going to have to cross the ship exterior to reach the ADS cannon.  Problem is, we're still getting bombarded by asteroids.  Look for cover or you'll get torn to pieces.","아이작, ADS 캐논까지 가려면 우주선 외부를 가로질러야 해. 문제는 아직도 소행성 폭격이 계속되고 있다는 거야. 엄폐물을 찾지 않으면 산산조각 날 거야."
0x6A3A824F,"QA Compliance Testers","QA 규정 준수 테스터"
0x6A3CB324,"Mercer just flushed all the air out of the Medical Deck!  I've got to get back to the Security Station to seal the breach!","머서가 방금 의료 구역의 공기를 전부 빼 버렸다! 보안 구역으로 돌아가서 파손 부위를 봉인해야 한다!"
0x6A3DD5DA,"Dismember 500 Limbs","사지 500개 절단"
0x6A56D51C,"Craig Simon","Craig Simon"
0x6A67C596,"The air seems to be flowing again. That's a start.","공기가 다시 흐르는 것 같아. 시작은 좋군."
0x6A67C59B,"By the way, Isaac. Be careful. I saw something out there, I don't know what. I only got a glimpse, but it was big. Really big.","그런데 아이작. 조심해. 저기서 뭔가를 봤는데, 뭔지는 모르겠어. 얼핏 봤을 뿐이지만, 컸어. 정말 컸어."
0x6A8A0A3F,"Flight Lounge","비행 대합실"
0x6A8A0A40,"Hall to Lift Room","승강기실 방면 복도"
0x6A8A0A41,"Workshop","작업실"
0x6A8A0A42,"Tram Control Hallway","전동차 조종실 복도"
0x6A8A0A43,"Tram Control","전동차 조종실"
0x6A8A0A44,"Hallway To Tram","전동차 방면 복도"
0x6A8A0A45,"Tram Tunnel","전동차 터널"
0x6A8A0A46,"Access Hallway","연결 복도"
0x6A99D1B6,"Shooting them in the body didn't seem to work. Go for the limbs, immobilize them.\n","몸통을 쏘는 건 효과가 없는 것 같다. 팔다리를 노려서 움직이지 못하게 해.\n"
0x6AA7C064,"Merchant","상인"
0x6ABB216E,"Make us whole again.","우리를 다시 하나로 만들어 줘."
0x6B075DF0,"[MapZoomOut]Zoom Out","[MapZoomOut]축소"
0x6B50621B,"Make us whole again.","우리를 다시 하나로 만들어 줘."
0x6B552A29,"Hans Piwenitzky","Hans Piwenitzky"
0x6B552A2A,"Ronald Quevedo","Ronald Quevedo"
0x6B552A2B,"Kyle Robertson","Kyle Robertson"
0x6B552A2C,"Phyllis Ting","Phyllis Ting"
0x6B552A2D,"Casto Vocal","Casto Vocal"
0x6B552A2E,"Benjamen Wu","Benjamen Wu"
0x6B552A2F,"Allier Zelaya","Allier Zelaya"
0x6B5763A3,"Make us whole again.","우리를 다시 하나로 만들어 줘."
0x6B69B0D3,"Graphic Quality","그래픽 품질"
0x6B755C52,"No Storage Device Selected. Continue without Saving?","저장장치가 선택되지 않았습니다. 저장하지 않고 계속하시겠습니까?"
0x6B909FD7,"Own every Weapon in the game","게임 내 모든 무기 보유"
0x6BCAE66D,"SCIENCE LOG\nFROM: DR. KYNE, T. (CHIEF SCIENCE OFFICER)\nATTN: CAPTAIN MATHIUS, B.\nBenjamin -\nFurther to our previous conversation, I ask that you delay bringing the Marker up from the planet for a day or two.\nYou know I'm as keen as anyone to study it in detail, and I understand your sense of urgency given the events on the colony, but that's why I ask--what's happening down there is just too unique, too unprecedented, to cut it short without proper time to study the causes and effects. \nIn light of a discussion I had with Dr. Mercer, I'd like to meet with Drs. Sciarello and Welland planetside to get their observations.\n- Terrence","과학 기록\n발신: 카인 T. 박사 (수석 과학관)\n수신: 머싸이어스 B. 선장\n벤자민에게 -\n지난번 대화에 덧붙여, 마커를 행성에서 끌어올리는 일을 하루나 이틀만 미뤄 주기를 부탁하네.\n자네도 알다시피 나도 누구 못지않게 마커를 자세히 연구하고 싶고, 콜로니에서 벌어진 일들을 생각하면 자네가 서두르는 것도 이해하네. 하지만 그래서 부탁하는 걸세. 저 아래에서 벌어지고 있는 일은 너무나 특이하고 전례가 없어서, 원인과 결과를 연구할 시간도 없이 서둘러 끝내 버리기엔 아까워. \n머서 박사와 나눈 대화를 고려해서, 행성에 있는 시아렐로 박사와 웰런드 박사를 만나 그들의 관찰 결과를 듣고 싶네.\n- 테런스"
0x6BD6728B,"GO TO COMMUNICATIONS","통신실로 가라"
0x6BDA57CA,"Home","Home"
0x6BEED860,"HAMMOND'S DEATH","해먼드의 죽음"
0x6C2A57B7,"LANDING THE SHUTTLE","운송선 착륙"
0x6C8D61E4,"TEMPLE'S SEARCH","템플의 수색"
0x6C937617,"ENGINES READY\nPLEASE CONFIRM IGNITION","엔진 준비 완료\n점화를 확인하십시오"
0x6CA2DFA4,"RESET","초기화"
0x6CA6701F,"Tram Station","정거장"
0x6CA67020,"Tram Station","정거장"
0x6CA67021,"Air Filtration","공기 여과실"
0x6CA67022,"Lift 1","승강기 1"
0x6CA67023,"Sapling Room","묘목실"
0x6CA67024,"Atmosphere Control","대기 조절실"
0x6CA67025,"Hallway to Food Storage","식량 저장고 방면 복도"
0x6CA67026,"Hallway to East Tower","동쪽 타워 방면 복도"
0x6CA67027,"Hallway to West Tower","서쪽 타워 방면 복도"
0x6CFBF244,"Blur","블러"
0x6D2BEB68,"TEMPLE REPORT 3","템플의 보고 3"
0x6DE543EE,"DANGER DANGER DANGER DANGER","위험 위험 위험 위험"
0x6DF7A383,"STASHED GOODS","숨겨둔 물건"
0x6E06507C,"[LSTop]","[LSTop]"
0x6E06507D,"[RSTop]","[RSTop]"
0x6E2F9958,"Ben Wanat","Ben Wanat"
0x6E3EFCAD,"Action","행동"
0x6E4083D7,"sec","초"
0x6E4913FA,"Tram Control","전동차 조종실"
0x6E86ED02,"Move Right","오른쪽으로 이동"
0x6EA14BCD,"There is insufficient space on the hard disc drive to save data.  Please delete some existing data to save your progress.","하드 디스크에 데이터를 저장할 공간이 부족합니다. 진행 상황을 저장하려면 기존 데이터를 일부 삭제하십시오."
0x6EA8377D,"STATUS","상태"
0x6ECA9CAA,"MINING LOG\nDALLAS, A. (SUPERVISOR, 2nd ENGINEER)\n\nPlanetcrack went smoothly from this end, although there do seem to have been problems planetside, and we've temporarily lost contact with the colony.\n\nFirst rockball was extracted from the tectonic load approximately one hour after planetcrack, and has been processed, refined and smelted. \n\nResults have exceeded even optimistic initial estimates. Normal recovery is around 35% mineral, 5% fossil, 60% waste, but material from the first ball was 65% mineral (and 0% fossil, in line with expectations). \nThat's 6.5 tons of ore from a 10-ton ball. Assuming it's not an anomaly, we've hit a motherlode.","채굴 기록\n댈러스 A. (감독관, 2등 기술자)\n\n우리 쪽에서는 행성 채굴이 순조롭게 진행되었다. 다만 행성 쪽에서는 문제가 있었던 것 같고, 콜로니와의 연락이 일시적으로 끊겼다.\n\n첫 번째 암석 덩어리는 행성 채굴 약 한 시간 후 지각 하중에서 추출되었고, 처리, 정제, 제련까지 마쳤다. \n\n결과는 낙관적인 초기 추정치조차 뛰어넘었다. 일반적인 회수율은 광물 약 35%, 화석 5%, 폐기물 60% 정도인데, 첫 번째 덩어리에서 나온 물질은 광물이 65%였다 (화석은 예상대로 0%). \n10톤짜리 덩어리에서 광석 6.5톤이 나온 셈이다. 이게 이례적인 경우가 아니라면, 우리는 노다지를 캔 것이다."
0x6EE8D144,"Nicole is completely driven to return the Marker to the Colony.  If we can continue with Kyne's plan, and use it to trap the Hive Mind, we just might be able to survive this.  Together.","니콜은 마커를 콜로니로 되돌려 놓는 데 전념하고 있다. 카인의 계획을 이어가서 마커로 하이브 마인드를 가둘 수 있다면, 어쩌면 살아남을 수 있을지도 모른다. 함께."
0x6F47E98D,"Artists","아티스트"
0x6F4F92D9,"Laurent Jardin","Laurent Jardin"
0x6F69262E,"CAPTAIN'S LOG\nINITIAL INFECTION VECTORS\nIt's been less than an hour, but they've spread fast. Flight deck was the first to go, after the shuttle crashed. Now almost entirely overrun. We've lost at least half the Medical deck, and about a quarter of Engineering. No information yet from Cargo or Planet Ops, which suggests bad news.\nThis is not what I expected.","선장 기록\n초기 감염 경로\n한 시간도 채 지나지 않았는데, 놈들은 빠르게 퍼졌다. 운송선이 추락한 뒤 비행 갑판이 가장 먼저 무너졌다. 지금은 거의 완전히 점령당했다. 의료 갑판은 최소 절반을, 엔진 구역은 약 4분의 1을 잃었다. 화물 구역과 행성 작전부로부터는 아직 아무 소식이 없는데, 좋지 않은 징조다.\n예상했던 상황이 아니다."
0x6F84918A,"KP +","KP +"
0x6FA71071,"Right Arrow","방향키 오른쪽"
0x6FFBE961,"I need to secure the SOS Beacon to the asteroid.  Once the asteroid is launched, the beacon will clear the Ishimura's navigation array, and it will be able to broadcast a clear signal.","SOS 신호기를 소행성에 고정해야 한다. 소행성이 발사되면 신호기가 이시무라의 항법 배열을 벗어나 깨끗한 신호를 송신할 수 있을 것이다."
0x702827CB,"MINE","지뢰"
0x702BA1A5,"ILLEGAL MINING","불법 채굴"
0x70399977,"Ch","장"
0x704A64FE,"Complete Chapter 1 on any difficulty setting","아무 난이도로 1장 완료"
0x7058D03C,"ORDERS","명령서"
0x706720FC,"THE HUNTER RETURNS","헌터의 복귀"
0x709E3214,"Bring the Loader to the Shuttle","운반기를 우주선으로 가져가라"
0x70CA2B29,"SOMEONE ELSE","불청객"
0x7169CAE1,"Practically overnight, our hope for humanity was renewed. Millions flocked to his conferences to hear him profess to know the way to a new beginning. We stared in awe at the evidence of the alien artifact that would change everything. And we did whatever he told us to.\n\nWe rallied against the government. We joined together in congregations to share his word. And we prepared ourselves for the future he said was coming.\n\nWhere were you when Michael Altman was assassinated by our government? It's the question of our generation, I suppose. It's certainly the day when everything changed for me... and the world.\n\n...\n\n","사실상 하룻밤 사이에 인류에 대한 우리의 희망이 되살아났다. 수백만 명이 새로운 시작으로 가는 길을 안다고 공언하는 그의 강연을 듣기 위해 몰려들었다. 우리는 모든 것을 바꿀 외계 유물의 증거를 경외심에 차 바라보았다. 그리고 그가 시키는 것은 무엇이든 했다.\n\n우리는 정부에 맞서 결집했다. 그의 말씀을 나누기 위해 신도회로 뭉쳤다. 그리고 그가 다가온다고 말한 미래를 위해 스스로를 준비했다.\n\n마이클 알트만이 우리 정부에 의해 암살당했을 때 당신은 어디에 있었는가? 아마도 그것이 우리 세대의 질문일 것이다. 그날은 분명 나에게… 그리고 세상에 모든 것이 바뀐 날이었다.\n\n…\n\n"
0x7169CAE2,"The martyring of the scientist-turned-savior Michael Altman begat fanatical zealots and I was one of them. We birthed and maintained the tenements of a new religion, known now as the Church of Unitology. I was only a follower but I was suddenly part of the biggest social movement in history. The riots that followed and the crippling of our government made us realize we finally had the power to change things.\n\n...\n\nNo one knows what is contained in the Black Marker. Some claim it contains a genetic string that grants immortality through gene therapy. Others say it contains the DNA of an alien life form. Even Altman confessed to not knowing exactly what it is for.\n\n","과학자에서 구세주가 된 마이클 알트만의 순교는 광신도들을 낳았고, 나도 그중 하나였다. 우리는 지금은 유니톨로지 교회로 알려진 새로운 종교의 교리를 만들고 지켜 왔다. 나는 그저 추종자였을 뿐이지만, 어느새 역사상 가장 큰 사회 운동의 일부가 되어 있었다. 뒤이은 폭동과 정부의 마비를 겪으며, 우리는 마침내 세상을 바꿀 힘을 가지게 되었음을 깨달았다.\n\n…\n\n블랙 마커에 무엇이 담겨 있는지는 아무도 모른다. 누군가는 유전자 치료를 통해 불멸을 주는 유전자 배열이 담겨 있다고 주장한다. 다른 이들은 외계 생명체의 DNA가 담겨 있다고 말한다. 알트만조차도 그것이 정확히 무엇을 위한 것인지 모른다고 고백했다.\n\n"
0x7169CAE3,"The Marker has been used to form the basic doctrines of the church. As claimed in the popular book, ""Death is Only the Beginning,"" humans will learn that by death of their worldly spirit, they will be reborn in unity as a stronger, unending community. ""Unity is forever.""\n\n...\n\nDeath is an important event in the journey of a Unitologist and seen as a necessary step to being reborn. The body is considered holy and it may not be cremated or be allowed to decay in the ground. The bodies are given to the church for safekeeping. ","마커는 교회의 기본 교리를 형성하는 데 사용되었다. 유명한 책 『죽음은 시작일 뿐』에서 주장하듯, 인간은 세속적인 영혼의 죽음을 통해 더 강하고 영원한 공동체로서 합일 속에 다시 태어난다는 것을 깨닫게 될 것이다. ""합일은 영원하다. ""\n\n…\n\n죽음은 유니톨로지 신자의 여정에서 중요한 사건이며, 다시 태어나기 위해 반드시 거쳐야 할 단계로 여겨진다. 육체는 신성한 것으로 간주되어 화장하거나 땅속에서 썩게 두어서는 안 된다. 시신은 보관을 위해 교회에 맡겨진다. "
0x7169CAE4,"Where they are taken is unknown, but I have seen massive Unitology compounds on all of the major settlements I have visited. Curious, I asked around. No one would tell me what was housed inside, but I uncovered evidence of massive shipments of preservative chemicals being sent to the compounds on a regular basis.\n\nIt was around this time that my superior, Paragon Fontenay, brought me in for my first ""soul cleansing"".\n\n...\n\nDespite the headaches and the nausea that continued to plague me, I managed to sneak into the shipyard. I had almost regained full function of my legs and was able to make it into what appeared to be the nerve center of the operation.\n\n","시신들이 어디로 옮겨지는지는 알려져 있지 않지만, 나는 내가 방문한 주요 정착지마다 거대한 유니톨로지 시설이 있는 것을 보았다. 궁금해진 나는 여기저기 물어보았다. 아무도 그 안에 무엇이 있는지 말해 주지 않았지만, 대량의 방부 화학약품이 정기적으로 그 시설들로 운송되고 있다는 증거를 찾아냈다.\n\n내 상관인 파라곤 퐁트네가 나를 첫 ""영혼 정화""에 데려간 것도 이 무렵이었다.\n\n…\n\n계속되는 두통과 구역질에 시달리면서도, 나는 간신히 조선소에 몰래 들어갔다. 다리의 기능도 거의 회복되어서, 작전의 중추로 보이는 곳까지 들어갈 수 있었다.\n\n"
0x7169CAE5,"What I discovered were ships, massive ships and lots of them. Stasis storage tubes lined each of the hundreds of exposed cargo bays. I couldn't see any of the bodies, but I knew what the tubes were for. What I couldn't figure out was why the church needed to transport so many suspended bodies in what looked like deep-space vessels.\n\nBefore I could investigate further, I was recaptured and the real ""soul cleansings"" began.\n","내가 발견한 것은 우주선들이었다. 거대한 우주선들이 수없이 많았다. 드러난 수백 개의 화물칸마다 정지 보관 튜브가 줄지어 있었다. 시신은 하나도 보이지 않았지만, 나는 그 튜브들이 무엇을 위한 것인지 알았다. 내가 알 수 없었던 것은, 교회가 왜 그토록 많은 정지 상태의 시신들을 심우주 선박으로 보이는 배에 실어 날라야 하는가였다.\n\n더 조사하기 전에 나는 다시 붙잡혔고, 진짜 ""영혼 정화""가 시작되었다.\n"
0x71A63053,"12","12"
0x71B6F54F,"Monitor Air Quality Control","--공기 품질 관리 모니터--"
0x71C691A6,"Ben Johnson","Ben Johnson"
0x71C691A7,"Robert Pitts","Robert Pitts"
0x71C691A8,"Romulo Rodriguez","Romulo Rodriguez"
0x71C691A9,"Scott Swearingen","Scott Swearingen"
0x71C691AA,"Rosie Wrede","Rosie Wrede"
0x71DAC0EF,"EA Melbourne","EA Melbourne"
0x71F8AF58,"In Progress...","--진행 중--"
0x72063A01,"NAV CARD","운항카드"
0x7279DCB7,"ASTEROID RELEASE","소행성 구속 해제"
0x727A2006,"Eric Hartness","Eric Hartness"
0x729F4E90,"Special thanks to the Crewmembers serving","복무 중인 승무원들께 특별한 감사를 드립니다"
0x72C28D67,"Hammond is waiting for me in the Captain's Nest.  It's clear that Kendra doesn't trust him.  As for me, for the moment I've got no choice.","해먼드가 선장실에서 나를 기다리고 있다. 켄드라가 그를 믿지 않는 건 분명하다. 나로서는 당장은 선택의 여지가 없다."
0x73139EAD,"Christopher Pennya","Christopher Pennya"
0x73197AF5,"Conant Fong","Conant Fong"
0x731F4869,"QA Testers","QA 테스터"
0x73223DF3,"Inventory Hotkey","가방 단축키"
0x7338B953,"John Cross","John Cross"
0x738A4116,"///controls","/// 키 설정"
0x73AF6294,"Meet Kyne at the Hangar Bay","격납고에서 카인을 만나라"
0x73FA6A6C,"Maxed Out","최대치"
0x74089F26,"Ian Ameling","Ian Ameling"
0x74089F27,"Joey Spiotto","Joey Spiotto"
0x7428A5DE,"Rerouting...","경로 재설정 중…"
0x7428A5DF,"Power rerouted to ADS system.","ADS 시스템으로 전원을 보냈습니다."
0x74698321,"REVERSED GRAVITY","중력 반전"
0x74834AE8,"KP Enter","KP Enter"
0x74DEE509,"Ernesto Guaman","Ernesto Guaman"
0x74DEE50A,"Tavershima Shande","Tavershima Shande"
0x74E57FF9,"Associate Environment Artists","어소시에이트 환경 아티스트"
0x74FF7D3C,"Tram Station","정거장"
0x74FF7D3D,"Commons","공동구역"
0x74FF7D3E,"Mess Hall","식당"
0x74FF7D3F,"Residential Hallway","기숙사 복도"
0x74FF7D40,"Residential Lobby","기숙사 휴게실"
0x74FF7D41,"Sleep Block A","취침실 A"
0x74FF7D42,"Block Hallway A-B","구역 복도 A-B"
0x74FF7D43,"Sleep Block B","취침실 B"
0x74FF7D44,"Security Hallway","보안실 복도"
0x7506047F,"Strange Transmissions","이상한 송신들"
0x75110021,"Belgian Product Manager","벨기에 제품 매니저"
0x75258EB8,"ZERO-G","무중력"
0x75335EB7,"[ZeroG_Jump]","[ZeroG_Jump]"
0x753B1A3D,"Decontamination cycle activated.","오염 제거 절차가 시작되었습니다."
0x753B1A3E,"Gravity is now online.","중력이 복구되었습니다."
0x753F1B3C,"Warning:  Hull breach detected.","경고:  선체 파손 감지."
0x7544270D,"EA Games President","EA 게임즈 사장"
0x755CFA6E,"SAFE","보관함"
0x756C267A,"Warning. Life support system failure on Medical deck. Please evacuate immediately.","경고. 의료 구역 생명유지장치 고장. 즉시 대피하십시오."
0x75B82982,"Error:  blast door blockage detected.  Please contact a repair technician.","오류:  방화문 막힘 감지.  수리 기술자에게 연락하십시오."
0x75BE2AF9,"Life support systems are offline in this area. Please alert a repair officer.","이 구역의 생명유지장치가 작동하지 않습니다. 수리 담당자에게 알리십시오."
0x75BE6DF5,"Senior Character Artist","수석 캐릭터 아티스트"
0x75E73512,"Escape pod away, crew shuttle USG-09. Repeat, shuttle has ejected escape pod.","승무원 운송선 USG-09 탈출포드 사출. 반복합니다, 운송선이 탈출포드를 사출했습니다."
0x75E9358E,"Attention.  Shuttle service has been temporarily cancelled.  Please see your supervisor for arrival and departure information.","알립니다.  운송선 운항이 일시적으로 취소되었습니다.  출도착 정보는 관리자에게 문의하십시오."
0x75E9358F,"Attention.  On order from Captain Mathius, cargo shipments from the colony have been suspended until further notice.","알립니다.  머싸이어스 선장의 명령에 따라, 추후 공지가 있을 때까지 콜로니로부터의 화물 수송이 중단됩니다."
0x75E93590,"Warning.  This is a restricted area.  Please contact your supervisor for authorization.  Thank you","경고.  이곳은 제한 구역입니다.  허가를 받으려면 관리자에게 문의하십시오.  감사합니다"
0x762F7DB9,"[Secondary]","[Secondary]"
0x763B1B80,"Critical engine component.","엔진의 핵심 부품."
0x763B3A67,"Tram Control computer now online.","전동차 조종 컴퓨터가 작동합니다."
0x763B3A68,"Replacing damaged tram car.  Please stand by.","파손된 전동차를 교체하는 중입니다.  잠시 기다려 주십시오."
0x763B3A69,"Ship-wide tram system re-initialized. All trams now operational. Tram arriving at Flight Deck Station.","함 전체 전동차 시스템 재가동. 이제 모든 전동차가 운행 가능합니다. 비행 갑판 정거장에 전동차가 도착합니다."
0x763B3A6A,"Alert.  Collision detected in the main hangar bay.  Emergency crews have been notified. ","경고.  주 격납고에서 충돌이 감지되었습니다.  긴급 구조대에 통보되었습니다. "
0x763B3A6B,"For medical emergencies, please proceed to the Emergency wing.","의료 응급 상황 시 응급 병동으로 가십시오."
0x763B3A6C,"Visiting hours are now closed.  Unauthorized personnel should return to the tram station.  Thank you.","면회 시간이 종료되었습니다.  허가받지 않은 인원은 정거장으로 돌아가십시오.  감사합니다."
0x763C3A75,"Please report any unnecessary resource disposal to your supervisor. Thank you.","불필요한 자원 폐기는 관리자에게 보고하십시오. 감사합니다."
0x763C3A76,"Approaching Zero-g Therapy.  Gravity boots required.  Untrained personnel may experience dizziness. ","무중력 치료실에 접근 중입니다.  중력 부츠가 필요합니다.  훈련받지 않은 인원은 어지러움을 느낄 수 있습니다. "
0x763C3A77,"Beginning full diagnostic scan.","전체 진단 스캔을 시작합니다."
0x763C3A78,"Alert. Vacuum detected. Room depressurizing. ","경고. 진공 감지. 실내 감압 중. "
0x763C3A79,"Reminder.  Only Class C and above personnel are allowed on the bridge.  Have your security pass with you at all times.","알립니다.  C등급 이상의 인원만 브릿지에 출입할 수 있습니다.  보안 출입증을 항상 소지하십시오."
0x763C3A7A," Warning.  ADS system offline.  Ship hull integrity at 84%."," 경고.  ADS 시스템 작동 중지.  선체 내구도 84%."
0x763C3A7B,"Warning.  Multiple impacts detected across the starboard hull.","경고.  우현 선체 전반에서 다수의 충돌이 감지되었습니다."
0x763C3A7C,"Atrium elevators are now online.","중앙홀 엘리베이터가 작동합니다."
0x763C3A7D,"Power transferred to the ADS.","ADS로 전원이 전송되었습니다."
0x763C3A7E,"Power transferred to the ADS.","ADS로 전원이 전송되었습니다."
0x763C3AA6,"Asteroid Defense System now online. ","소행성 방어 시스템이 작동합니다. "
0x763C3AA7,"Manual override initiated.","수동 조종 개시."
0x763C3AA8,"Warning.  Hull integrity below 50%. ","경고.  선체 내구도 50% 미만. "
0x763C3AA9,"Warning.  Hull integrity critical! ","경고.  선체 내구도 위험! "
0x763C3AAA,"Automated tracking system enabled.","자동 추적 시스템이 활성화되었습니다."
0x763C3AAB,"All medical personnel please report to the Emergency Room.","모든 의료진은 응급실로 보고하십시오."
0x763D3AB4,"Warning.  Tampering with door locks is a CEC violation.","경고.  문 잠금 장치를 조작하는 것은 CEC 규정 위반입니다."
0x763D3AB5,"Reminder. Only dispose of biohazard in specially designated recycling units.","알립니다. 생물학적 위험 폐기물은 지정된 재활용 장치에만 폐기하십시오."
0x763D3AB6,"Processing request.  Please stand by. Antigen compound completed.  Please remove the capsule.","요청 처리 중.  잠시 기다려 주십시오. 항원 화합물이 완성되었습니다.  캡슐을 꺼내십시오."
0x763D3AB7,"Adding sample 9797 to chemical compound.  Final mixing required.","샘플 9797을 화합물에 첨가합니다.  최종 혼합이 필요합니다."
0x763D3AB8,"Processing request.  Please stand by. Final mixing complete.  Please remove the capsule.","요청 처리 중.  잠시 기다려 주십시오. 최종 혼합이 완료되었습니다.  캡슐을 꺼내십시오."
0x763D3AB9,"Freezing cycle activated. ","냉동 절차가 시작되었습니다. "
0x763D3ABA,"Freezing cycle successful.  Transporting patient.","냉동 절차 성공.  환자를 이송합니다."
0x763D3ABB,"Warning.  Toxics detected in Atmosphere Processing.  A repair technician has been notified.","경고.  대기 처리실에서 독성 물질이 감지되었습니다.  수리 기술자에게 통보되었습니다."
0x763D3ABC,"Watering cycle initiated.","급수 절차 개시."
0x763D3ABD,"Vegetative anomalies detected in the East Grow Chamber.","동쪽 성장실에서 식물의 이상 변화가 감지되었습니다."
0x763D3AE5,"Warning.  10 kiloton mass detected in Food Storage.","경고.  식량 저장고에서 10킬로톤의 질량이 감지되었습니다."
0x763D3AE6,"Replacing nutrient vat.","영양분 탱크 교체 중."
0x763D3AE7,"Feeding line reconnected.","급식관이 다시 연결되었습니다."
0x763D3AE8,"Warning.  Air filtration system still active.  Entering the filtration tubes is extremely hazardous.","경고.  공기 여과 시스템이 아직 작동 중입니다.  여과관에 들어가는 것은 극히 위험합니다."
0x763D3AE9,"Flushing all air vents.  Restoring nitrogen and oxygen levels.  Food Storage lockdown lifted.","모든 환기구를 배출합니다.  질소와 산소 수치를 복구합니다.  식량 저장고 봉쇄가 해제되었습니다."
0x763D3AEA,"Unknown antigen injected into the filtration system.","미확인 항원이 여과 시스템에 주입되었습니다."
0x7665448C,"Please recycle any unused materials regularly. Thank you.","사용하지 않는 재료는 정기적으로 재활용하십시오. 감사합니다."
0x7665448D,"Safety gear must be worn at all times in Class A environments.","A등급 환경에서는 항상 안전 장비를 착용해야 합니다."
0x7665448E,"Dinner will be served in the Mess Hall in ten minutes.","10분 후 식당에서 저녁 식사가 제공됩니다."
0x7665448F,"Reminder.  Gravity must be restored before accessing the control room.  Thank you.","알립니다.  통제실에 들어가기 전에 중력을 복구해야 합니다.  감사합니다."
0x76654490,"Warning.  Free-floating anomalies detected.  Area must be cleared before gravity can be restored.","경고.  떠다니는 이상 물체가 감지되었습니다.  중력을 복구하려면 먼저 구역을 정리해야 합니다."
0x76654491,"Anomaly destroyed.","이상 물체 파괴."
0x76654492,"All free-floating anomalies destroyed.  Gravity can now be restored.","떠다니는 이상 물체를 모두 파괴했습니다.  이제 중력을 복구할 수 있습니다."
0x76654493,"Gravity restored.  Access permitted to control room.","중력이 복구되었습니다.  통제실 출입이 허가되었습니다."
0x76654494,"Warning.  Payload 8772 is no longer tethered.  Untrained personnel should leave the area immediately.","경고.  화물 8772의 고정이 해제되었습니다.  훈련받지 않은 인원은 즉시 구역을 떠나십시오."
0x76654495,"Payload 8772 launched.","화물 8772 발사."
0x766644CB,"Reminder.  Recreation hours are between 0900 and 1300 hours.  Ask your supervisor to reserve time.","알립니다.  오락 시간은 0900시부터 1300시까지입니다.  시간 예약은 관리자에게 요청하십시오."
0x766644CC,"Breakfast starting in the Mess Hall in ten minutes.","10분 후 식당에서 아침 식사가 시작됩니다."
0x766644CD,"Reminder.  Only Class C and above personnel are allowed in the executive quarters.","알립니다.  C등급 이상의 인원만 간부 숙소에 출입할 수 있습니다."
0x766644CE,"Holo-film starting in the Commons in ten minutes.","10분 후 공동구역에서 홀로 영화가 상영됩니다."
0x766644D0,"Test firing shuttle engines.","운송선 엔진 시험 점화 중."
0x766644D1,"Shuttle locks disengaged.","운송선 고정 장치 해제."
0x766644D2,"Cargo deliveries to and from the colony have been temporarily suspended.  Please see your supervisor if you have questions.","콜로니와의 화물 운송이 일시적으로 중단되었습니다.  궁금한 점은 관리자에게 문의하십시오."
0x766644D3,"Delivering cargo shipment 782.  Kinesis module required for further cargo transport.","화물 782 운송 중.  추가 화물 운송에는 유도장비가 필요합니다."
0x766644D4,"Delivering cargo shipment 782 to the Hangar Bay.","화물 782를 격납고로 운송 중."
0x766644FC,"Loading cargo shipment 782.","화물 782 적재 중."
0x766644FD,"Communications array offline.  A service technician has been notified.","통신배열 작동 중지.  서비스 기술자에게 통보되었습니다."
0x766644FE,"Communications array re-aligned.  Messages can now be received.","통신배열 재정렬 완료.  이제 메시지를 수신할 수 있습니다."
0x766644FF,"Manual override initiated.","수동 조종 개시."
0x7668454A,"Warning.  Quarantine lockdown initialized.  Unknown bioforms detected in the area. Security has been notified.","경고.  격리 봉쇄가 시작되었습니다.  이 구역에서 미확인 생명체가 감지되었습니다. 보안팀에 통보되었습니다."
0x7668454F,"Diagnostics scanner now online.","진단 스캐너가 작동합니다."
0x76684550,"Opening Communications Array blast doors.","통신배열 방화문을 개방합니다."
0x7668457F,"Life support and climate system malfunction. Hazardous condition. Please contact repair specialist.","생명유지장치 및 기후 시스템 고장. 위험한 상태입니다. 수리 전문가에게 연락하십시오."
0x766B61E7,"The chest of the corpse has started to expand, like it's taking a deep breath. Something appears to be happening under the surface of the skin. The body is convulsing - a yellowish briny liquid bursts from the mouth accompanied by choking noises. There's a crunching noise as the throat bulges and the jaw collapses. The head is splitting apart... reforming now into what appear to be a proboscis and feelers. The chest splits along the center now as the flesh stretches and expands outwards; the organs, bone and muscle bend inwards. The internal organs contort and reorganize themselves into an odd structure central to which is a massive bladder. The bladder is filling with a liquid, some of which can be seen spilling from the proboscis. I can only assume the two are connected.\n\n","시신의 가슴이 깊게 숨을 들이쉬듯 부풀기 시작했다. 피부 아래에서 무언가 일어나고 있는 것 같다. 몸이 경련을 일으킨다. 목이 막히는 소리와 함께 입에서 누르스름하고 짠 액체가 터져 나온다. 목이 불룩해지고 턱이 무너지면서 우두둑하는 소리가 난다. 머리가 갈라지고 있다… 이제 주둥이와 촉수처럼 보이는 형태로 재구성되고 있다. 이번엔 살이 늘어나 바깥으로 팽창하면서 가슴이 중앙을 따라 갈라진다. 장기와 뼈, 근육은 안쪽으로 휜다. 내부 장기들이 뒤틀리며 기이한 구조로 재배열되는데, 그 중심에는 거대한 주머니가 있다. 주머니는 액체로 채워지고 있으며, 그 일부가 주둥이에서 흘러나오는 것이 보인다. 둘이 연결되어 있다고 추측할 수밖에 없다.\n\n"
0x766B61E8,"The legs are quivering as the flesh peels away and meshes with the flesh from the chest region. There is a sudden snap halfway through the process as one leg bends backwards. More quivering now and the other leg has snapped at the knee. The changes appear to be slowing now... it starts to sit up, the body is convulsing, the legs flopping. It is trying to take its first step, uneasy at first... but now it is adapting quickly. A half-dozen steps and it seems to be perfectly at home with the new, contorted form.\n\n","살이 벗겨져 가슴 부위의 살과 뒤엉키면서 다리가 떨리고 있다. 과정 중간쯤, 한쪽 다리가 뒤로 꺾이며 갑자기 뚝 하는 소리가 난다. 다시 떨림이 이어지고, 이번엔 다른 쪽 다리가 무릎에서 부러졌다. 이제 변화가 느려지는 것 같다… 그것이 몸을 일으켜 앉기 시작한다. 몸은 경련하고, 다리는 힘없이 퍼덕인다. 첫걸음을 떼려 한다. 처음엔 불안정하지만… 이제는 빠르게 적응하고 있다. 여섯 걸음쯤 걷더니, 새롭게 뒤틀린 형태에 완벽하게 익숙해진 것처럼 보인다.\n\n"
0x766B61E9,"The spattering on the glass is making observation difficult. It appears that Dr. Hogan's legs are elongating, somehow flaying themselves and now twisting with a mixture of his own internal organs into a single appendage, like some sort of tail. His face is contorted, his jaw clenching and unclenching... several jaw-like appendages are emerging from his every widening mouth. His mouth no longer appears able to accommodate the change... his head is splitting, seams bursting...\n\n","유리에 튄 액체 때문에 관찰이 어렵다. 호건 박사의 다리가 길어지는 것 같다. 어떻게든 스스로 살가죽이 벗겨지더니, 이제 자신의 내장과 뒤섞여 꼬리 같은 하나의 부속지로 뒤틀리고 있다. 얼굴은 일그러졌고, 턱을 악물었다 풀었다 반복한다… 점점 벌어지는 입에서 턱처럼 생긴 부속지 여러 개가 튀어나오고 있다. 입이 더 이상 변화를 감당하지 못하는 것 같다… 머리가 갈라지고, 이음매가 터져 나간다…\n\n"
0x766B61EA,"And almost instantly, he is perched on his hands, shifting his weight from one palm to the other. He's pacing, circling the room and... he appears to be watching me! He sees me! No, he's fixated on the ceiling now... Oh god no, he's leaping at the vent! With his powerful tail-like appendage, he's striking at the reinforced covering, trying to get it open! I must warn the others! Recording end!\n\n","그리고 거의 순식간에, 그는 두 손으로 몸을 지탱한 채 한 손바닥에서 다른 손바닥으로 무게를 옮기고 있다. 서성거리며 방 안을 돌고… 날 지켜보는 것 같다! 날 보고 있어! 아니, 이제는 천장을 응시하고 있다… 오 신이시여, 안 돼, 환기구로 뛰어오른다! 꼬리 같은 강력한 부속지로 강화 덮개를 내리치며 열려고 하고 있다! 다른 사람들에게 경고해야 해! 기록 종료!\n\n"
0x76B548C0,"Hostile lifeforms detected. Hull damage critical. Evacuate immediately.","적대적 생명체 감지. 선체 손상 심각. 즉시 대피하십시오."
0x76B548F0,"Evacuate immediately.","즉시 대피하십시오."
0x76B648FB,"Use Power Nodes to upgrade your weapons and RIG.","파워 노드를 사용해 무기와 RIG를 업그레이드할 수 있다."
0x76B648FC,"Stasis will slow down fast objects and enemies.","감속장비는 빠른 물체와 적을 느리게 만든다."
0x76B648FD,"Destroy fuses to override ship systems","퓨즈를 파괴해 우주선 시스템을 강제 조작할 수 있다."
0x76B648FF,"Look for blue holograms to activate.","파란색 홀로그램을 찾아 작동시킨다."
0x76B64900,"Use Run to move quickly.","달리기를 사용하면 빠르게 이동할 수 있다."
0x76B64901,"Shoot the limbs off of enemies for extra damage.","적의 팔다리를 쏴서 떨어뜨리면 추가 피해를 줄 수 있다."
0x76B64902,"Use the Map Screen to check objectives and important locations.","지도 화면에서 목표와 중요한 위치를 확인할 수 있다."
0x76B64903,"Use the Locator System to find your next objective.","추적장치로 다음 목표를 찾을 수 있다."
0x76B6492B,"Buy new weapons and items at the Store, and place extra items in the Safe.","상점에서 새 무기와 아이템을 구매하고, 남는 아이템은 보관함에 넣어둘 수 있다."
0x76B6492C,"Conserve ammo by dismembering enemy limbs and doing extra damage.","적의 사지를 절단하면 추가 피해를 주고 탄약을 아낄 수 있다."
0x76B6492D,"Use melee to knock back an enemy for a quicker escape.","근접 공격으로 적을 밀쳐내면 더 빨리 벗어날 수 있다."
0x76B6492E,"Cut off limbs to kill quickly.","팔다리를 절단하면 빨리 죽일 수 있다."
0x76B6492F,"Dismember enemies to slow them.","적의 사지를 절단하면 느리게 만들 수 있다."
0x76B64930,"Use Kinesis to move or throw objects.","유도장비를 사용하면 물체를 이동시키거나 던질 수 있다."
0x76B74939,"Your Air Meter will appear when you are in a vacuum.","진공 상태에 있으면 산소 미터가 표시된다."
0x76B7493A,"Your ammo counter will flash red if you can't jump to a surface.","점프할 수 없는 표면이면 탄약 표시기가 붉게 깜빡인다."
0x76B7493B,"Use Kinesis on heavy objects that display this symbol.","이 표식이 표시된 무거운 물체에 유도장비를 사용한다."
0x76B7493C,"Pick up Schematics to add items to the Store.","설계도를 획득하면 상점에 아이템이 추가된다."
0x76B7493D,"Use Kinesis to plug Power Cells into Receptacles to power up doors or machinery.","유도장비로 파워 셀을 소켓에 꽂아 문이나 기계에 전원을 공급할 수 있다."
0x76B7493E,"All weapons have an alternate firing mode.","모든 무기에는 보조 사격 모드가 있다."
0x76B7493F,"Red weapon icons mean your weapon has no ammo in its clip.","무기 아이콘이 붉게 표시되면 탄창에 탄약이 없다는 뜻이다."
0x76B7496B,"Welcome Isaac Clarke.","환영합니다, 아이작 클라크."
0x76B7496C,"Item purchased.","아이템을 구매했습니다."
0x76B7496D,"Item sold.","아이템을 판매했습니다."
0x76B7496E,"Item transferred","아이템을 옮겼습니다"
0x76B949BD,"Please step forward to upgrade your uniform.","유니폼을 업그레이드하려면 앞으로 나오십시오."
0x76B949BE,"Uniform upgraded.","유니폼이 업그레이드되었습니다."
0x76B949BF,"Inventory full.","가방이 가득 찼습니다."
0x76B949C0,"Bench activated.","벤치가 작동합니다."
0x76B949E8,"Error.","오류."
0x76B949E9,"Schematic downloaded. Please visit a company store to purchase your new item.","설계도를 다운로드했습니다. 새 아이템을 구매하려면 회사 상점을 방문하십시오."
0x76B949EA,"Warning.  Ship orbit decaying.  Main engines offline.","경고.  우주선 궤도가 무너지고 있습니다.  주엔진 작동 중지."
0x76B949EB,"Warning. Fuel reserves depleted. Main engines offline.","경고. 연료 비축량 고갈. 주엔진 작동 중지."
0x76B949EC,"Reminder.  All RIGS must be synched to Standard CEC frequency.  Thank you.","알립니다.  모든 RIG는 CEC 표준 주파수에 동기화해야 합니다.  감사합니다."
0x76B949ED,"Alert.  Explosion detected in Fuel Storage.  Emergency crews have been notified.","경고.  연료 저장실에서 폭발이 감지되었습니다.  긴급 구조대에 통보되었습니다."
0x76BA49F6,"Reminder.  Survival gear must be worn at all times in designated red zones.","알립니다.  지정된 적색 구역에서는 항상 생존 장비를 착용해야 합니다."
0x76BA49F7,"Refueling sequence activated.","연료 주입 절차가 시작되었습니다."
0x76BA49F8,"Refueling sequence activated.  Sufficient fuel to fire primary engine.","연료 주입 절차가 시작되었습니다.  주엔진을 점화하기에 충분한 연료입니다."
0x76BA49F9,"Decontamination sequence activated.  Please stand by.","오염 제거 절차가 시작되었습니다.  잠시 기다려 주십시오."
0x76BA49FA,"Decontamination sequence complete.  Thank you for your patience.","오염 제거 절차가 완료되었습니다.  기다려 주셔서 감사합니다."
0x76BA49FB,"Centrifuge power offline.  Please attach generator modules manually, then return to this station.","원심분리기 전원 차단.  발전기 모듈을 수동으로 연결한 후 이 조작대로 돌아오십시오."
0x76BA49FC,"Generator module attached.","발전기 모듈 연결 완료."
0x76BA49FD,"Generator module attached. Centrifuge power restored.","발전기 모듈 연결 완료. 원심분리기 전원이 복구되었습니다."
0x76BA49FE,"Centrifuge activated.  Re-establishing balance with planetary cargo.  Gravity restored.  Entering vacuum.","원심분리기 가동.  행성 화물과의 균형을 재설정합니다.  중력 복구.  진공 상태로 진입합니다."
0x76BA49FF,"Ignition sequence initiated.  Please stand by.","점화 절차 개시.  잠시 기다려 주십시오."
0x76BA4A27,"Engines ready.  Please confirm ignition.","엔진 준비 완료.  점화를 확인하십시오."
0x76BA4A28,"Engines firing.","엔진 점화."
0x76C09314,"Override the Locks to Block B","B 구역으로 가는 잠금 장치를 강제 해제하라"
0x76E45452,"Reward Locker Unlocked. Congratulations","보상 보관함이 열렸습니다. 축하합니다"
0x76E45453,"All levels complete.","모든 레벨 완료."
0x76E45454,"Starting game. Level 1","게임 시작. 레벨 1"
0x76E45455,"Goal!","골인!"
0x76E4547D,"Game over!","게임 오버!"
0x76E4547E,"Good game, Isaac Clarke.","좋은 게임이었습니다, 아이작 클라크."
0x76E4547F,"Level 2","레벨 2"
0x76E45480,"Level 3","레벨 3"
0x76E45481,"Level 4","레벨 4"
0x76E45482,"Level 5","레벨 5"
0x76E5548B,"Level 6","레벨 6"
0x76E5548C,"Level 7","레벨 7"
0x76E5548D,"Level 8","레벨 8"
0x76E5548E,"Level 9","레벨 9"
0x76E5548F,"Level 10","레벨 10"
0x76E55490,"Level 11","레벨 11"
0x76E55491,"Level 12","레벨 12"
0x76E55492,"Level 13","레벨 13"
0x76E55493,"Level 14","레벨 14"
0x76E55494,"Level 15","레벨 15"
0x76E554BC,"Level 16","레벨 16"
0x76E554BD,"Level 17","레벨 17"
0x76E554BE,"Level 18","레벨 18"
0x76E554BF,"Level 19","레벨 19"
0x76E554C0,"Level 20","레벨 20"
0x76E75510,"Collect and use health packs to replenish your health bar.","회복제를 모아 사용하면 체력 게이지를 보충할 수 있다."
0x76E7553A,"Tram replacement complete.","전동차 교체 완료."
0x774664C4,"Zero-G Jump","무중력 점프"
0x774BD4A2,"Before I can operate the tram, I need to take the data board back to Tram Control and install it.","전동차를 운행하려면 데이터보드를 전동차 조종실로 가져가 설치해야 한다."
0x776A6334,"[Run]","[Run]"
0x776EAB87,"Kyne is on his way to the Hangar Bay.  He needs me to meet him on the Flight Deck and load the Marker onto the Shuttle.  With the Marker onboad, we can then fly down to the planet.  ","카인이 격납고로 가고 있다. 비행 갑판에서 만나 마커를 우주선에 실어 달라고 한다. 마커를 실으면 행성으로 내려갈 수 있다.  "
0x778C058D,"Cast","출연"
0x77C43A18,"The storage device was removed during use. Save failed.","사용 중에 저장장치가 제거되었습니다. 저장에 실패했습니다."
0x77E2B7B0,"LOADED","적재 완료"
0x77E2B7BE,"LOADER CONTROL","@ 운반기 조종기"
0x780039B7,"Veronika Sarossy","Veronika Sarossy"
0x7837F1F9,"Locked","잠김"
0x785B739D,"THE RED MARKER","레드 마커"
0x7881C3A4,"Once the poison pods are all destroyed, I can return to Atmosphere Control and recycle the air.  That will unlock Food Storage, where the Leviathan is holed up.","독극물 포드를 전부 파괴하면 대기 조절실로 돌아가 공기를 순환시킬 수 있다. 그러면 거대괴물이 틀어박힌 식량 저장고의 잠금이 풀릴 것이다."
0x7886D10D,"Collect 75 Logs","기록 75개 수집"
0x78B0F99A,"Fly the Shuttle to the Colony","우주선을 타고 콜로니로 가라"
0x78C5C45E,"ONLINE","작동 중"
0x78D45380,"Highly combustible chemical.","가연성이 매우 높은 화학물질."
0x78E079D7,"SCANNER OFFLINE","스캐너 작동 중지"
0x78E491B7,"[Missions]","[Missions]"
0x7908E049,"Dave Steele","Dave Steele"
0x79269BCB,"Jason Leong","Jason Leong"
0x792A0EA2,"Tiberium","타이베리움"
0x793410FB,"Reload","재장전"
0x794D8B02,"Dave Gainey","Dave Gainey"
0x794D8B03,"Dave Hanson","Dave Hanson"
0x794D8B04,"Colin O'Connor","Colin O'Connor"
0x7974F69B,"MOVEMENT TRAINING","이동 훈련"
0x7974F69C,"ACTION BUTTON TRAINING","행동 버튼 훈련"
0x7974F69D,"MOVEMENT TRAINING","이동 훈련"
0x7974F69E,"WEAPONS TRAINING","무기 훈련"
0x7974F69F,"MAP TRAINING","지도 훈련"
0x7974F6A0,"OBJECTIVES TRAINING","목표 훈련"
0x7974F6A1,"STORE TRAINING","상점 훈련"
0x7974F6A2,"DISMEMBERMENT TRAINING","사지 절단 훈련"
0x7974F6A3,"KEY ITEMS TRAINING","주요 물품 훈련"
0x79A2A37A,"Lift 2","승강기 2"
0x79A2A37B,"Lift 2","승강기 2"
0x79A2A37F,"Comms Hall","통신실 현관"
0x79A2A380,"ADS Cannon 48","ADS 캐논 48"
0x79A2A381,"Comms Lift","통신실 승강기"
0x79A2A382,"Comms Hall","통신실 현관"
0x79A3A3B8,"Comms Control","통신 조종실"
0x79A3A3B9,"Comms Array Airlock","통신배열 밀폐실"
0x79A3A3BA,"Comms Array Chamber","통신배열실"
0x79D3DCF5,"DNA SYSTEM OFFLINE","DNA 시스템 작동 중지"
0x79F253F1,"RESTOCK SAFETY CIRCUIT (REL)","재장전 안전 회로 (REL)"
0x79F253F2,"This will upgrade your RELOAD by %g sec.","재장전 속도가 %g초 업그레이드됩니다."
0x79F3061C,"KINESIS MODULE TRAINING","유도장비 훈련"
0x79F3061D,"AIR TIMER TRAINING","산소 타이머 훈련"
0x79F3061E,"ZERO-G TRAINING","무중력 훈련"
0x79F3061F,"KINESIS SYMBOL TRAINING","유도장비 표식 훈련"
0x79F30620,"SECONDARY FIRE TRAINING","보조 공격 훈련"
0x79F30621,"SCHEMATICS TRAINING","설계도 훈련"
0x79F30622,"POWER CELL TRAINING","파워 셀 훈련"
0x79F30623,"WEAPON SELECT TRAINING","무기 선택 훈련"
0x7A302FFD,"Objective Screen","목표 화면"
0x7A475681,"Lead Engineer","리드 엔지니어"
0x7A6B7FCC,"(Excerpt from the CEC shareholder information packet on planetary mining)\n\nPLANET CRACKING\n\nPlanetary mining is, quite literally, the dismantling of planets and moons on a macro-scale. Entire worlds are fractured to reveal the rich seams of valuable minerals contained inside. Despite environmentalist concerns, the operation is perfectly safe and is the only way to extract the necessary resources on the large scale required to supply Earth and the colonies.\n\n","(행성 채굴에 관한 CEC 주주 안내 자료에서 발췌)\n\n행성 분쇄\n\n행성 채굴이란 말 그대로 행성과 위성을 거대한 규모로 해체하는 작업이다. 행성 전체를 쪼개어 내부에 품고 있는 귀중한 광물의 풍부한 광맥을 드러낸다. 환경운동가들의 우려에도 불구하고 이 작업은 완벽하게 안전하며, 지구와 콜로니에 공급하는 데 필요한 대규모 자원을 추출할 수 있는 유일한 방법이다.\n\n"
0x7A87A82B,"Pause","Pause"
0x7A8FBC98,"Pusher","푸셔"
0x7AB3B953,"press","누르기"
0x7AC65000,"ENERGY","에너지"
0x7AF4F9B7,"Version","버전"
0x7B416F2D,"Confirm\nRefueling","연료 주입\n확인"
0x7B932E60,"Animation Director","애니메이션 디렉터"
0x7BAF0208,"Development Manager - Characters & Animation","개발 매니저 - 캐릭터 & 애니메이션"
0x7BB80454,"Development Manager - Lighting & VFX","개발 매니저 - 조명 & VFX"
0x7BD4B4EA,"STASIS PACK","감속장비 팩"
0x7BDD5A42,"King Lin","King Lin"
0x7BDD5A43,"Richard Mu","Richard Mu"
0x7BDD5A44,"Jane Shen","Jane Shen"
0x7BDD5A45,"Sony Suo","Sony Suo"
0x7BDD5A46,"Dominic Tang","Dominic Tang"
0x7BDD5A47,"Bobo Wu","Bobo Wu"
0x7BDD5A48,"Boris Wu","Boris Wu"
0x7BDD5A49,"Alvin Xu","Alvin Xu"
0x7BDD5A4A,"Sunny Yang","Sunny Yang"
0x7BDD5A4B,"Roy Yuan","Roy Yuan"
0x7BDE5A81,"Illume Zhao","Illume Zhao"
0x7BDE5A82,"Illume Zhao","Illume Zhao"
0x7BE76E51,"RELOAD","RELOAD"
0x7C0EBB7B,"Alex Belfield","Alex Belfield"
0x7C0EBB7C,"Jason Belk","Jason Belk"
0x7C0EBB7D,"Ulysses Cawaling","Ulysses Cawaling"
0x7C0EBB7E,"Wilhelm Chung","Wilhelm Chung"
0x7C0EBB7F,"Cooper Drinkward","Cooper Drinkward"
0x7C0EBB80,"David Flannery","David Flannery"
0x7C0EBB81,"Joseph Guevarra","Joseph Guevarra"
0x7C0EBB82,"Richard Hahn","Richard Hahn"
0x7C0EBB83,"Craig Helm","Craig Helm"
0x7C566BCC,"Caps","Caps"
0x7C6D1436,"Keeper of the Faith","신앙의 수호자"
0x7CDA583A,"Motion Blur","모션 블러"
0x7CDEC08C,"%1 requires downloadable content that is missing and cannot be used","%1에 필요한 다운로드 콘텐츠가 없어 사용할 수 없습니다"
0x7CEF621E,"Art","아트"
0x7D0956F6,"Mirror's Edge","Mirror's Edge"
0x7D194F63,"Select","선택"
0x7D2922BC,"Store Updated:","상점 업데이트:"
0x7D2F6D48,"Convert","변환"
0x7D4D97BE,"Find the Singularity Core","특이성 코어를 찾아라"
0x7D51CC9C,"QA Testers","QA 테스터"
0x7D8DB960,"[Elev_Back]Back","[Elev_Back]뒤로"
0x7D9953B0,"TURN\nOFF?","전원\n끄기?"
0x7E40F9E1,"The signal still isn't strong enough, and Kendra needs the blast doors opened above the Comms Array.  Something big is sitting right on top of them, no doubt some kind of necromorph.  If I can get to one of the ADS turrets, I hopefully can blast it off into space.","신호가 아직 충분히 강하지 않다. 켄드라는 통신배열 위의 방화문을 열어야 한다고 한다. 뭔가 거대한 것이 바로 그 위에 붙어 있는데, 틀림없이 네크로모프의 일종일 것이다. ADS 포탑 중 하나에 갈 수 있다면, 그걸 우주로 날려 버릴 수 있을지도 모른다."
0x7E5A2B97,"Assistant Artists","보조 아티스트"
0x7E5BDE40,"This will upgrade your RANGE by %g pts","사거리가 %g 포인트 업그레이드됩니다"
0x7E8D1B6B,"Dheeraj Shetty","Dheeraj Shetty"
0x7E96AC66,"%1 already exists. Saving again with this name will overwrite the previously saved game. Are you sure you wish to proceed?","%1이(가) 이미 존재합니다. 이 이름으로 다시 저장하면 이전에 저장한 게임을 덮어씁니다. 계속하시겠습니까?"
0x7EA6AA00,"Weapon Slot Up","무기칸 위"
0x7ED69BE2,"EA Certification Group","EA 인증 그룹"
0x7EE39F19,"Engineering","엔지니어링"
0x7EF71243,"Lift 1","승강기 1"
0x7F1B8362,"ELEVATORS ACTIVE","엘리베이터 작동 중"
0x7F31BB19,"Arthur Degirmentas","Arthur Degirmentas"
0x7F4A95D4,"Matthew Brown","Matthew Brown"
0x7F70E512,"AIR","산소"
0x7F737E34,"////RIG mode controls","//// RIG 키 설정"
0x7F7BC5E0,"Not enough credits","현금이 부족합니다"
0x7FB5EC4C,"Cate Latchford","Cate Latchford"
0x7FB890C8,"75","75"
0x7FD96097,"Chapter 8: Search and Rescue","8장: 수색 구조"
0x7FE54366,"Communication array offline.","통신배열 작동 중지."
0x7FE54367,"Shows progress as you move around dishes","접시 안테나 주변을 이동하면 진행 상황이 표시됩니다"
0x7FE54368,"Communications array re-aligned. Activate console","통신배열 재정렬 완료. 조작기를 작동하십시오"
0x80401A5F,"Notice: Treatment for the bends is not authorized more than twice a week.","공지: 감압병 치료는 주 2회를 초과하여 받을 수 없습니다."
0x80401A60,"Attention: Remember to sync your R. I. G. regularly.  Outdated R. I. G. manifests can result in lost paychecks and suffocation.","알립니다: R. I. G. 를 정기적으로 동기화하십시오.  갱신되지 않은 R. I. G. 목록은 급여 누락과 질식을 초래할 수 있습니다."
0x80401A61,"Please be advised: It is illegal to possess cloned body parts, outside of Medical Deck, especially your own.   Pay can be docked, retroactively.","안내드립니다: 의료 갑판 외부에서 복제된 신체 부위를 소지하는 것은 불법이며, 본인의 것이라도 마찬가지입니다.   급여가 소급 삭감될 수 있습니다."
0x80401A62,"Attention:  While in zero-gravity, do not leap into other crew members.   Do not vomit.   Do not shout.","알립니다:  무중력 상태에서는 다른 승무원에게 뛰어들지 마십시오.   구토하지 마십시오.   소리 지르지 마십시오."
0x80401A63,"Attention: All officers and notaries, please report to the bridge immediately.  Repeat: All officers, and notaries please report to the bridge immediately.","알립니다: 모든 장교와 공증인은 즉시 브릿지로 보고하십시오.  반복합니다: 모든 장교와 공증인은 즉시 브릿지로 보고하십시오."
0x80401A64,"Attention: The bridge is restricted at this time.  Medical personnel must report to the E.R. immediately.  Engineers too Centrifuge.","알립니다: 현재 브릿지는 출입이 제한됩니다.  의료진은 즉시 응급실로 보고하십시오.  기술자들은 원심분리기로 보고하십시오."
0x80401A65,"Notice:  ADS system is offline. Please brace for impact.    Insurance covers contusions, lacerations of the face and hands, broken femurs and concussions.","공지:  ADS 시스템이 작동하지 않습니다. 충격에 대비하십시오.    보험은 타박상, 얼굴 및 손의 열상, 대퇴골 골절, 뇌진탕을 보장합니다."
0x80401A66,"Reminder: Please keep your cloning samples current with Medical.","알림: 의료부에 등록된 복제용 샘플을 항상 최신 상태로 유지하십시오."
0x80401A67,"Attention: Missing persons reports are offline.   Please do not query the system at this time.","알립니다: 실종자 신고 시스템이 작동하지 않습니다.   현재 시스템에 조회하지 마십시오."
0x80411A9D,"Calling Doctor Howard Doctor Fine  Doctor Howard. Calling Doctor Howard Doctor Fine  Doctor Howard.","하워드 박사님 파인 박사님  하워드 박사님 호출합니다. 하워드 박사님 파인 박사님  하워드 박사님 호출합니다."
0x80411A9E,"Attention: Quarantines are in effect.    Hazardous waste personnel are required in Hydroponics immediately.","알립니다: 격리 조치가 시행 중입니다.    유해 폐기물 담당자는 즉시 재배구역으로 와 주십시오."
0x80411A9F,"Notice: Compostable waste, organic synthetics, and urine are not acceptable deposits anywhere in Hydroponics.   Please recycle them.","공지: 퇴비화 가능 폐기물, 유기 합성물, 소변은 재배구역 어디에도 버릴 수 없습니다.   재활용하십시오."
0x80411AA0,"Notice: Due to elevated risk, Stasis modules are not allowed in Hydroponics.","공지: 위험도 상승으로 인해 재배구역에서는 감속장비 반입이 금지됩니다."
0x80411AA1,"Notice: Blood toxicology reports are required to start Mining shifts.  Please do not be late because you have failed to test first.","공지: 채굴 교대 근무를 시작하려면 혈액 독성 검사 결과가 필요합니다.  먼저 검사를 받지 않아 지각하는 일이 없도록 하십시오."
0x80411AA2,"Notice: Skin rash, due to Osmium contamination, are common.   Do not alarm yourself or others.   Ointment is available in medical.   Supplies are currently limited.","공지: 오스뮴 오염으로 인한 피부 발진은 흔한 증상입니다.   본인이나 다른 사람을 불안하게 하지 마십시오.   연고는 의료부에서 받을 수 있습니다.   현재 재고가 한정되어 있습니다."
0x80411AA3,"Warning:  Do not shake or refrigerate Plasma Cutters.","경고:  플라즈마 커터를 흔들거나 냉장 보관하지 마십시오."
0x80411AA4,"Notice:  If you fail to properly equalize airlocks, you are financially responsible for crew members who suffer the bends.","공지:  밀폐실 압력을 제대로 맞추지 않을 경우, 감압병에 걸린 승무원에 대한 금전적 책임은 본인에게 있습니다."
0x80411AA5,"Warning:   Hull Compromised.   Manual Survival mode 7.   Manual Survival mode 7.","경고:   선체 손상.   수동 생존 모드 7.   수동 생존 모드 7."
0x80411AA6,"Attention:  Cyanide systems offline.  Cyanide systems offline.","알립니다:  시안화물 시스템 작동 중지.  시안화물 시스템 작동 중지."
0x80421ADC,"Notice:  Meals are at protein-only rationing.  Water contamination is abortive.   Cycle urine until further instructions.","공지:  식사는 단백질 식품만 배급됩니다.  수질 오염으로 정수가 중단되었습니다.   추가 지시가 있을 때까지 소변을 재순환하십시오."
0x80421ADD,"This is a reminder:  Plasma burns to the face and hands are not covered by insurance.","다시 알려 드립니다:  얼굴과 손의 플라즈마 화상은 보험 적용 대상이 아닙니다."
0x80421ADE,"Please Note: Flight Deck pressurization fluctuations have been detected.   Flight deck personnel should report to deck operations immediately.","참고하십시오: 비행 갑판의 기압 변동이 감지되었습니다.   비행 갑판 인원은 즉시 갑판 운영실로 보고하십시오."
0x80421ADF,"Please be advised: Internal arterial expansions are fatal.   Please mind the airlocks.","안내드립니다: 체내 동맥 팽창은 치명적입니다.   밀폐실에 주의하십시오."
0x80421AE0,"Notice:  Spine replacements are covered for cost of goods only.   Land with caution, when gravity is offline.","공지:  척추 교체 수술은 재료비만 보장됩니다.   중력이 꺼져 있을 때는 조심해서 착지하십시오."
0x80421AE1,"Please be advised: Evacuation protocols have expired.   It is illegal to be in public areas.","안내드립니다: 대피 절차가 만료되었습니다.   공공장소에 있는 것은 불법입니다."
0x80421AE2,"Attention:  Level 5 atmosphere rating.   Do not move quickly.    Do not breathe deeply.   Do not exert.","알립니다:  대기 등급 5단계.   빠르게 움직이지 마십시오.    깊게 숨 쉬지 마십시오.   무리하지 마십시오."
0x80421AE3,"Please Note:  Gravity occlusion offline.   Dangerous forces possible.  Move with caution.","참고하십시오:  중력 차폐 작동 중지.   위험한 힘이 작용할 수 있습니다.  조심해서 이동하십시오."
0x80421AE4,"Attention: Uhnauthorized personnel are subject to search and seizure without warning.  Insurance does not cover damage to your person during the event.","알립니다: 허가받지 않은 인원은 경고 없이 수색 및 압수 대상이 됩니다.  이 과정에서 신체에 입은 피해는 보험이 적용되지 않습니다."
0x80421AE5,"Attention: New arrivals must be decontaminated or be held financially responsible for outbreaks of hepatitis, encephalic meningitis, and dengue fever.","알립니다: 새로 도착한 인원은 반드시 오염 제거를 받아야 하며, 그렇지 않을 경우 간염, 뇌수막염, 뎅기열 발생에 대한 금전적 책임을 지게 됩니다."
0x80431B1B,"Reminder: Severed limbs are hazardous waste.  Do not dispose of them in the trash system.  Take them to medical, immediately.","알림: 절단된 사지는 유해 폐기물입니다.  쓰레기 처리 시스템에 버리지 마십시오.  즉시 의료부로 가져가십시오."
0x80431B1C,"Attention: Shuttle service has been temporally canceled. Please see you supervisor for arrival and departure information.","알립니다: 운송선 운항이 일시적으로 취소되었습니다. 출도착 정보는 관리자에게 문의하십시오."
0x80431B1D,"Attention: On order from Captain Mathius. Cargo shipments from the colony have been suspended until further notice.","알립니다: 머싸이어스 선장의 명령입니다. 추후 공지가 있을 때까지 콜로니로부터의 화물 수송이 중단됩니다."
0x80431B1E,"Warning: This is a restricted area. Please contact your supervisor for authorization. Thank You.","경고: 이곳은 제한 구역입니다. 허가를 받으려면 관리자에게 문의하십시오. 감사합니다."
0x805EC83E,"Go to the Cargo Deck","화물 갑판으로 가라"
0x8083818C,"ATMOSPHERIC PURITY LEVEL","--대기 순도 수준--"
0x80979786,"This device does not have enough space to save into an empty slot. Overwrite an existing slot or select a new device.","이 장치에는 빈 슬롯에 저장할 공간이 부족합니다. 기존 슬롯을 덮어쓰거나 다른 장치를 선택하십시오."
0x80B61A53,"Circumflex","Circumflex"
0x810645A2,"Communications log, First Comms Operator Bailey reporting. The ship is under attack, but requests to issue a distress call have been repeatedly denied by Captain Mathius. He won't say it, but everyone on the bridge knows why--this is an illegal operation in a prohibited system. We've all known for months, and we kept our mouths shut. Not any more.","통신 기록, 수석 통신원 베일리 보고. 우주선이 공격받고 있지만, 조난신호를 보내자는 요청은 머싸이어스 선장에 의해 거듭 거부되었다. 선장은 말하지 않지만, 브릿지에 있는 모두가 이유를 안다. 이건 금지된 항성계에서의 불법 작업이다. 우리 모두 몇 달 전부터 알고 있었고, 입을 다물고 있었다. 하지만 이제는 아니다."
0x810645A3,"Mayday, mayday, mayday! This is USG Ishimura, this is--what the hell?","메이데이, 메이데이, 메이데이! 여기는 USG 이시무라, 여기는… 이게 뭐야?"
0x810645A4,"I don't believe this! The whole comms system is offline!","말도 안 돼! 통신 시스템 전체가 먹통이야!"
0x810745AD,"Now he's gone too far... Bailey out.","이번엔 도가 지나쳤어… 베일리 종료."
0x81120404,"Senior Public Relations Manager","수석 홍보 매니저"
0x8130CF92,"Chapter 3: Course Correction","3장: 항로 수정"
0x81BD03A9,"////advanced render settings","//// 고급 렌더링 설정"
0x81D073B3,"Restores Stasis Energy.","감속장비의 에너지를 충전한다."
0x81F747AC,"MEDICAL LOG\nDR. DOMUSS, G. (MEDICAL EXAMINER)\nREPORT OF DEATH ON SHIP\nSUBJECT: CAPTAIN MATHIUS, B.\nIt is my sad duty to officially pronounce Captain Benjamin Mathius dead.\nReports of the exact circumstances surrounding his death are conflicted, and beyond the scope of my role. I can only report on the body.\nThe subject was in generally good health for his age, though a cursory blood test indicates his leukocyte count was very low, with eosinophils in particular almost non-existent. His preflight physical exam showed no such problems, indicating rapid onset; however, it is unlikely this had any effect on his death.","의료 기록\n도머스 G. 박사 (검시관)\n선내 사망 보고서\n대상: 머싸이어스 B. 선장\n벤자민 머싸이어스 선장의 사망을 공식적으로 선고하게 되어 유감이다.\n그의 사망을 둘러싼 정확한 정황에 대한 보고는 서로 엇갈리며, 내 역할의 범위를 벗어난다. 나는 시신에 대해서만 보고할 수 있다.\n대상은 나이에 비해 전반적으로 건강했으나, 간단한 혈액 검사 결과 백혈구 수치가 매우 낮았으며, 특히 호산구는 거의 존재하지 않았다. 출항 전 신체검사에서는 이런 문제가 발견되지 않았으므로 급격히 발병한 것으로 보인다. 다만 이것이 그의 사망에 영향을 미쳤을 가능성은 낮다."
0x8202D3CA,"FIRST CONTACT","최초 접촉"
0x820364E2,"Make us whole again.","우리를 다시 하나로 만들어 줘."
0x820A6668,"Make us whole again.","우리를 다시 하나로 만들어 줘."
0x820A6669,"Make us whole again.","우리를 다시 하나로 만들어 줘."
0x82357106,"Corporal, put that fire out.","하사, 저 불 꺼."
0x82357131,"Open fire!","사격 개시!"
0x82461F19,"OPERATION ERROR!\n\nPOWER CLUTCHES MUST BE ENGAGED TO START CENTRIFUGE.","작동 오류!\n\n원심분리기를 가동하려면 동력 클러치를 연결해야 합니다."
0x82461F1A,"ACTIVATE?\n\nACTIVATING CENTRIFUGE WILL INITIATE GRAVITY WELL.","작동하시겠습니까?\n\n원심분리기를 가동하면 중력장이 전개됩니다."
0x82461F1B,"STATUS\n\n\nGRAVITY WELL ACTIVATED. AIR SEAL OPENED. ATMOSPHERE VENTED.","상태\n\n\n중력장 전개. 공기 차단막 개방. 대기 배출."
0x8255EE4D,"Entering vacuum.","진공 상태로 진입합니다."
0x8256B8F6,"LOAD THE MARKER","마커 적재"
0x82570BDB,"Localization","현지화"
0x827EDBD3,"CONTINUE","계속"
0x82A15D4E,"GO TO CHEMISTRY","화학실로 가라"
0x82AEFEFC,"True Believer","진정한 신자"
0x82B9C323,"PODS DESTROYED","포드 파괴"
0x82D11A71,"Marketing","마케팅"
0x82D28296,"CONTACT ENERGY\nSchematic Acquired\nDownload at the Store","컨택트 에너지\n설계도 획득\n상점에서 다운로드"
0x8304A4E3,"Cinematic Animation Lead","시네마틱 애니메이션 리드"
0x83584CA7,"TEMPLE REPORT 4","템플의 보고 4"
0x83592C61,"214","214"
0x836FF8BE,"Launch the Asteroid","소행성을 발사하라"
0x83A0F8A7,"Kill 30 enemies with the Line Gun","라인 건으로 적 30명 제거"
0x83AC1BD3,"Character Artists","캐릭터 아티스트"
0x8490C2B8,"Find the Chemicals","화학약품을 찾아라"
0x849D7601,"Jino Talens","Jino Talens"
0x84B5B05E,"Doug Brooks","Doug Brooks"
0x84B5B05F,"Kacper Centkowski","Kacper Centkowski"
0x84B5B060,"Michael Condrey","Michael Condrey"
0x84B5B061,"Dave Feise","Dave Feise"
0x84B5B062,"Adam Gousetis","Adam Gousetis"
0x84B5B063,"George Lu","George Lu"
0x84B5B064,"Paul Mathus","Paul Mathus"
0x84B5B065,"Ian Milham","Ian Milham"
0x84B5B066,"Bret Robbins","Bret Robbins"
0x8501E017,"Mouse Sensitivity","마우스 감도"
0x853DF650,"ELEVATOR CONTROL","엘리베이터 조종"
0x85601AB1,"KINESIS MODULE","유도장비"
0x8595876D,"MINING LOG\nDALLAS, A. (SUPERVISOR, 2nd ENGINEER)\nThe death toll is mounting. Known dead so far:\nArnold-Fernandez, D\nAshik, M\nBagwell, W\nBao, A\nBaristiran, O\nBriggs, R\nCarrillo, R\nCentkowski, K\nChan, D\nCharlow, A\nChikes, C\nColomar, B\nCondrey, M\nDeguzman, J\nDing, V\nDrinkward, C\nEckert, J\nEspeleta, T\nFattouh, S\nFeise, D\nFelker, T\nFike, T\nFong, C\nFuentes, C\nGamel, S\nGaugy, M\nGeraci, J\nGregory, L\nGuaman, E\nHartness, E\nHasan, J\nHolt, T\nIgnacio, D\nJamerson, K\nJohnson, M\nKeum, J\nKong, C\nKrakowski, M\nKuo, D\nLackey, A\nLeal, D\nLee, L\nLeong, J\nLingen, D","채굴 기록\n댈러스 A. (감독관, 2등 기술자)\n사망자 수가 늘어나고 있다. 지금까지 확인된 사망자:\nArnold-Fernandez, D\nAshik, M\nBagwell, W\nBao, A\nBaristiran, O\nBriggs, R\nCarrillo, R\nCentkowski, K\nChan, D\nCharlow, A\nChikes, C\nColomar, B\nCondrey, M\nDeguzman, J\nDing, V\nDrinkward, C\nEckert, J\nEspeleta, T\nFattouh, S\nFeise, D\nFelker, T\nFike, T\nFong, C\nFuentes, C\nGamel, S\nGaugy, M\nGeraci, J\nGregory, L\nGuaman, E\nHartness, E\nHasan, J\nHolt, T\nIgnacio, D\nJamerson, K\nJohnson, M\nKeum, J\nKong, C\nKrakowski, M\nKuo, D\nLackey, A\nLeal, D\nLee, L\nLeong, J\nLingen, D"
0x85A53D51,"Release payload 8772?","화물 8772의 고정을 해제하시겠습니까?"
0x85B392D6,"Ctrl","Ctrl"
0x85B3BC07,"The Marker is onboard.  Now we can all finally get off this ship.","마커를 실었다. 이제 드디어 모두 이 우주선에서 벗어날 수 있다."
0x85DE2A32,"AIR TIMER","산소 타이머"
0x8606BD37,"Shift","Shift"
0x863410F1,"USG ISHIMURA\nAEROSPACE ENGINEERING DEPT\nSHUTTLE REPAIRS INVOICE\nMISSION DAY TWO: \n- Faulty fore gyro, vessel USG-ISH-S03. Replaced, now functional.\nMISSION DAY THREE: \n- Faulty 4D scope, vessel USG-ISH-S01. Still in repair.\nMISSION DAY FOUR: \n- Damaged landing repulsors, vessel USG-ISH-S05. Complete replacement, now functional.\n- Damaged fore and left-fore viewports, vessel USG-ISH-S04. Replaced, now functional.\nMISSION DAY FIVE:\n- Damaged booster collar, vessel USG-ISH-S05. Repaired, now functional.\nENGINEER'S NOTE\nWRIGHT, J.F. (2nd ENGINEER, MAINTENANCE BAY)","USG 이시무라\n항공우주공학부\n운송선 수리 명세서\n임무 2일차: \n- 전방 자이로 불량, 선박 USG-ISH-S03. 교체 완료, 정상 작동.\n임무 3일차: \n- 4D 스코프 불량, 선박 USG-ISH-S01. 수리 중.\n임무 4일차: \n- 착륙용 반발 장치 손상, 선박 USG-ISH-S05. 전면 교체, 정상 작동.\n- 전방 및 좌전방 관측창 손상, 선박 USG-ISH-S04. 교체 완료, 정상 작동.\n임무 5일차:\n- 부스터 칼라 손상, 선박 USG-ISH-S05. 수리 완료, 정상 작동.\n기술자 메모\n라이트 J.F. (2등 기술자, 관리구역)"
0x865802E4,"MAIN ARRAY PROBLEM","주 배열 문제"
0x865C39B3,"ZERO-G MOVEMENT","무중력 이동"
0x8660DF0B,"Easy","쉬움"
0x8693823B,"CAPTAIN'S REPORT","선장의 보고"
0x86A15C5B,"Tethers must be deactivated","올가미를 비활성화해야 합니다"
0x86B46398,"Reynaldo Andaya","Reynaldo Andaya"
0x86B46399,"Mohammed Ashik","Mohammed Ashik"
0x86B4639A,"Alberto Contreras","Alberto Contreras"
0x86B4639B,"Hugh Do","Hugh Do"
0x86B4639C,"Joel Eckert","Joel Eckert"
0x86B4639D,"Leland Gregory","Leland Gregory"
0x86B4639E,"Drew Hamilton","Drew Hamilton"
0x86B4639F,"Jehanzeb Hasan","Jehanzeb Hasan"
0x86B463A0,"Matt Johnson","Matt Johnson"
0x86C6D424,"That beacon could be our only way off this goddamn ship.  It's stored somewhere on the Maintenance Sub Deck.  It sends out a strong sub-space broadcast that should alert any ship in the sector.","그 신호기가 이 빌어먹을 우주선에서 벗어날 유일한 방법일지도 모른다. 관리구역 하부 갑판 어딘가에 보관되어 있다. 강력한 아공간 방송을 송출하니, 이 구역에 있는 함선이라면 어떤 배든 신호를 받을 것이다."
0x86DA4934,"KINESIS SYMBOL","유도장비 표식"
0x86F68C68,"DOOR OPENED","문 개방"
0x8723BAFF,"CORRUPTION","오염"
0x873E70A2,"%d x %d, %dHz","%d x %d, %dHz"
0x875858B5,"SECONDARY FIRE","보조 공격"
0x87625F49,"EA Shanghai","EA Shanghai"
0x879515EC,"MERCER'S JOURNAL","머서의 기록"
0x87A1F338,"Re-Route ADS Power","ADS 전원 경로를 변경하라"
0x87A60F04,"Stereo","스테레오"
0x87AEB8C2,"OBJECTIVES","목표"
0x87D66836,"SCHEMATICS","설계도"
0x87EE31D4,"NAV CARD 1","운항카드 1"
0x87F5B422,"Rami Khayyat","Rami Khayyat"
0x87F5B423,"James DeGuzman","James DeGuzman"
0x87F9262B,"Junior Localization Testing Project Manager","주니어 현지화 테스트 프로젝트 매니저"
0x87FD52F2,"MB 3","MB 3"
0x87FD52F3,"MB 4","MB 4"
0x8814370A,"Loading %1. Please don't turn off your PC.","%1 불러오는 중입니다. PC를 끄지 마십시오."
0x882AD222,"Danger!\nHull Breach\nEvaculate Immediately","위험!\n선체 파손\n즉시 대피하십시오"
0x885477B7,"POWER CELLS","파워 셀"
0x889FE30C,"Kill 30 enemies with the Pulse Rifle","펄스 라이플로 적 30명 제거"
0x88A33B1F,"Andrea Plastas","Andrea Plastas"
0x88D1DA27,"Use melee to knock back an enemy for a quicker escape.","근접 공격으로 적을 밀쳐내면 더 빨리 벗어날 수 있다."
0x88D28738,"WEAPON SELECT","무기 선택"
0x88D4E083,"Caps","Caps"
0x88D4E090,"Caps","Caps"
0x88DDE2BA,"Caps","Caps"
0x88DDE2C7,"Caps","Caps"
0x88E63387,"\n","\n"
0x894268F8,"Demetrius Leal","Demetrius Leal"
0x899B87C4,"Credits_Blank_Line","Credits_Blank_Line"
0x899B87C5,"Credits_Design","Credits_Design"
0x899B87C6,"Credits_Design_DD","Credits_Design_DD"
0x899B87C7,"Credits_Design_Lead_LD","Credits_Design_Lead_LD"
0x899B87C8,"Credits_Design_Sr_Gameplay","Credits_Design_Sr_Gameplay"
0x899B87C9,"Credits_Design_Sr_LD","Credits_Design_Sr_LD"
0x899B87CA,"Credits_Design_LD","Credits_Design_LD"
0x899B87CB,"Credits_Design_AddDes","Credits_Design_AddDes"
0x899B87CC,"Credits_Blank_Line","Credits_Blank_Line"
0x899B87CD,"Credits_Eng","Credits_Eng"
0x899C8803,"Credits_Eng_Lead_Eng","Credits_Eng_Lead_Eng"
0x899C8804,"Credits_Eng_Lead_GameEn","Credits_Eng_Lead_GameEn"
0x899C8805,"Credits_Eng_Sr_GameEn","Credits_Eng_Sr_GameEn"
0x899C8806,"Credits_Eng_GameEn","Credits_Eng_GameEn"
0x899C8807,"Credits_Eng_Sr_CoreEn","Credits_Eng_Sr_CoreEn"
0x899C8808,"Credits_Eng_CoreEn","Credits_Eng_CoreEn"
0x899C8809,"Credits_Eng_AudioEn","Credits_Eng_AudioEn"
0x899C880A,"Credits_Eng_BuildEn","Credits_Eng_BuildEn"
0x899C880B,"Credits_Eng_Melbourne","Credits_Eng_Melbourne"
0x899C880C,"Credits_Eng_Sr_PCEn","Credits_Eng_Sr_PCEn"
0x899D8842,"Credits_Eng_PCEn","Credits_Eng_PCEn"
0x899D8843,"Credits_Eng_AddEng","Credits_Eng_AddEng"
0x899D8844,"Credits_Eng_AddEng_DD","Credits_Eng_AddEng_DD"
0x899D8845,"Credits_Eng_AddEng_TechD","Credits_Eng_AddEng_TechD"
0x899D8846,"Credits_Eng_AddEng_Neo","Credits_Eng_AddEng_Neo"
0x899D8847,"Credits_Eng_AddEng_Hyp","Credits_Eng_AddEng_Hyp"
0x899D8848,"Credits_Eng_AddEng_En","Credits_Eng_AddEng_En"
0x899D8849,"Credits_Blank_Line","Credits_Blank_Line"
0x899D884A,"Credits_Prod","Credits_Prod"
0x899D884B,"Credits_Prod_Sr_Prod","Credits_Prod_Sr_Prod"
0x899E8881,"Credits_Prod_Prod","Credits_Prod_Prod"
0x899E8882,"Credits_Prod_Tal_Prod","Credits_Prod_Tal_Prod"
0x899E8883,"Credits_Prod_Aso_Prod","Credits_Prod_Aso_Prod"
0x899E8884,"Credits_Prod_Ast_Prod","Credits_Prod_Ast_Prod"
0x899E8885,"Credits_Prod_Admin","Credits_Prod_Admin"
0x899E8886,"Credits_Blank_Line","Credits_Blank_Line"
0x899E8887,"Credits_Art","Credits_Art"
0x899E8888,"Credits_Art_DMCA","Credits_Art_DMCA"
0x899E8889,"Credits_Art_Char_Lead","Credits_Art_Char_Lead"
0x899E888A,"Credits_Art_Sr_Char","Credits_Art_Sr_Char"
0x899F88C0,"Credits_Art_Anim_Dir","Credits_Art_Anim_Dir"
0x899F88C1,"Credits_Art_CinAnim_Lead","Credits_Art_CinAnim_Lead"
0x899F88C2,"Credits_Art_Sr_Anim","Credits_Art_Sr_Anim"
0x899F88C3,"Credits_Art_Anim","Credits_Art_Anim"
0x899F88C4,"Credits_Art_DME","Credits_Art_DME"
0x899F88C5,"Credits_Art_AADE","Credits_Art_AADE"
0x899F88C6,"Credits_Art_EnvArt_Lead","Credits_Art_EnvArt_Lead"
0x899F88C7,"Credits_Art_Sr_EnvArt","Credits_Art_Sr_EnvArt"
0x899F88C8,"Credits_Art_EnvArt","Credits_Art_EnvArt"
0x899F88C9,"Credits_Art_Aso_EnvArt","Credits_Art_Aso_EnvArt"
0x89A088FF,"Credits_Art_Ast_EnvArt","Credits_Art_Ast_EnvArt"
0x89A08900,"Credits_Art_Add_EnvArt","Credits_Art_Add_EnvArt"
0x89A08901,"Credits_Art_DDO","Credits_Art_DDO"
0x89A08902,"Credits_Art_DMO","Credits_Art_DMO"
0x89A08903,"Credits_Art_DMLV","Credits_Art_DMLV"
0x89A08904,"Credits_Art_Lead_VFX","Credits_Art_Lead_VFX"
0x89A08905,"Credits_Art_VFX","Credits_Art_VFX"
0x89A08906,"Credits_Art_Lgt_Supr","Credits_Art_Lgt_Supr"
0x89A08907,"Credits_Art_Lgtr","Credits_Art_Lgtr"
0x89A08908,"Credits_Art_Lead_Tech","Credits_Art_Lead_Tech"
0x89A1893E,"Credits_Art_Char_Tech_D","Credits_Art_Char_Tech_D"
0x89A1893F,"Credits_Art_Char_Rigger","Credits_Art_Char_Rigger"
0x89A18940,"Credits_Art_Sr_Tech","Credits_Art_Sr_Tech"
0x89A18941,"Credits_Art_Tech","Credits_Art_Tech"
0x89A18942,"Credits_Art_Aso_Tech","Credits_Art_Aso_Tech"
0x89A18943,"Credits_Art_QA_Tech","Credits_Art_QA_Tech"
0x89A18944,"Credits_Art_UI_Dsgn","Credits_Art_UI_Dsgn"
0x89A18945,"Credits_Art_UI_Art","Credits_Art_UI_Art"
0x89A18946,"Credits_Art_Cncpt","Credits_Art_Cncpt"
0x89A18947,"Credits_Blank_Line","Credits_Blank_Line"
0x89A2897D,"Credits_Audio","Credits_Audio"
0x89A2897E,"Credits_Audio_Snd_Dsgn","Credits_Audio_Snd_Dsgn"
0x89A2897F,"Credits_Audio_Ast_Snd_Dsgn","Credits_Audio_Ast_Snd_Dsgn"
0x89A28980,"Credits_Audio_Music_Comp","Credits_Audio_Music_Comp"
0x89A28981,"Credits_Audio_Dialog_Supr","Credits_Audio_Dialog_Supr"
0x89A28982,"Credits_Audio_Add_Sound","Credits_Audio_Add_Sound"
0x89A28983,"Credits_Blank_Line","Credits_Blank_Line"
0x89A28984,"Credits_Audio_Cast","Credits_Audio_Cast"
0x89A28985,"Credits_Audio_Featured_Cast","Credits_Audio_Featured_Cast"
0x89A28986,"Credits_Audio_VO","Credits_Audio_VO"
0x89A389BC,"Credits_Blank_Line","Credits_Blank_Line"
0x89A389BD,"Credits_Video","Credits_Video"
0x89A389BE,"Credits_Video_Dir","Credits_Video_Dir"
0x89A389BF,"Credits_Video_EdComp","Credits_Video_EdComp"
0x89A389C0,"Credits_Blank_Line","Credits_Blank_Line"
0x89A389C1,"Credits_AddArt","Credits_AddArt"
0x89A389C2,"Credits_Blank_Line","Credits_Blank_Line"
0x89A389C3,"Credits_AddArt_EASH","Credits_AddArt_EASH"
0x89A389C4,"Credits_AddArt_EASH_PM","Credits_AddArt_EASH_PM"
0x89A389C5,"Credits_AddArt_EASH_DD","Credits_AddArt_EASH_DD"
0x89C1ACCE,"Salil Nair","Salil Nair"
0x89CBAB5F,"Don't get cocky, kid","까불지 마라, 꼬마야"
0x89DB97B5,"Quality Assurance","품질 보증"
0x89E6FB7F,"QA Franchise Lead","QA 프랜차이즈 리드"
0x89FC8298,"Chris Kassabian","Chris Kassabian"
0x89FC8299,"Chi Kong","Chi Kong"
0x89FC829A,"Michael Krakowski","Michael Krakowski"
0x89FC829B,"Craig Louie","Craig Louie"
0x89FC829C,"Florian Meneses","Florian Meneses"
0x89FC829D,"Robert Merenda","Robert Merenda"
0x89FC829E,"Michael Wallace Peterson","Michael Wallace Peterson"
0x89FC829F,"Anthony Ruelas","Anthony Ruelas"
0x89FC82A0,"David Scott","David Scott"
0x89FC82A1,"Andrew Tantivongsathaporn","Andrew Tantivongsathaporn"
0x89FD82D7,"Chantha Thoeun","Chantha Thoeun"
0x89FD82D8,"John Touhy","John Touhy"
0x89FD82D9,"Nicholas Williams","Nicholas Williams"
0x89FD82DA,"Ryan Wilson","Ryan Wilson"
0x8A129FEB,"Lighting Supervisor","조명 감독"
0x8A40F244,"Video Post-Production Director and Designer","영상 후반 작업 디렉터 및 디자이너"
0x8A7065EF,"Publicist","홍보 담당"
0x8A95E460,"AVOID THE ASTEROIDS","소행성 피하기"
0x8AB323B8,"Manually Ignite the Engine","엔진을 수동으로 점화하라"
0x8ACD3E86,"Tab","Tab"
0x8ACD3E93,"Tab","Tab"
0x8AD640BD,"Tab","Tab"
0x8AD640CA,"Tab","Tab"
0x8B185E20,"Bridge, come in! We've been boarded! Repeat, the ship has been boarded! We are under attack! What the hell are they? They, they've already killed most of the Deck staff! We need security backup here immediately! Guns are useless, we can't hold them back for very long...","브릿지, 응답하라! 침입당했다! 반복한다, 우주선에 무언가 침입했다! 공격받고 있다! 대체 저것들은 뭐야? 저, 저것들이 이미 갑판 인원 대부분을 죽였어! 당장 보안팀 지원이 필요하다! 총은 소용없어, 오래 버티지 못한다…"
0x8B195E2E,"Make us whole again.","우리를 다시 하나로 만들어 줘."
0x8B3A1C95,"Senior Technical Artist","수석 테크니컬 아티스트"
0x8B6054F4,"Zero-G Therapy","무중력 치료실"
0x8B6054F7,"Security Station","보안 구역"
0x8BB0E362,"SHIP GRAVITY","우주선 중력"
0x8BF8E3D4,"Andrew Hung","Andrew Hung"
0x8BF8E3D5,"Adam Iarossi","Adam Iarossi"
0x8BF8E3D6,"Nigel Kay","Nigel Kay"
0x8BF8E3D7,"Ove Lindblom","Ove Lindblom"
0x8BF8E3D8,"Daniel Newmarch","Daniel Newmarch"
0x8BF8E3D9,"Glen Stuart","Glen Stuart"
0x8BF8E3DA,"Bruce Sutherland","Bruce Sutherland"
0x8BF8E3DB,"Scott Wickens","Scott Wickens"
0x8C17A30A,"Air Alert","산소 경보"
0x8C21D6D5,"Eric Pavey","Eric Pavey"
0x8C26F607,"[Navigate]Navigate          [Exit_Rig]Exit","[Navigate]이동          [Exit_Rig]나가기"
0x8C418CE9,"Security Station","보안 구역"
0x8C418CEA,"Welcome to the USG Ishimura Medical Deck","USG 이시무라 의료 구역에 오신 것을 환영합니다"
0x8C428D28,"Tram Station","정거장"
0x8C428D29,"Thank you for visiting the Medical Deck","의료 구역을 방문해 주셔서 감사합니다"
0x8C438D67,"Security Station","보안 구역"
0x8C438D68,"All visitors must sign in at the security kiosk","모든 방문객은 보안 안내소에서 출입 기록을 작성해야 합니다"
0x8C448DA6,"Tram Station","정거장"
0x8C448DA7,"Please collect any belongings you brought to the Medical Deck","의료 구역에 가져온 소지품을 챙겨 주십시오"
0x8C458DE5,"Ishimura Clinic","이시무라 진료실"
0x8C458DE6,"All patients please proceed to Clinic Waiting Room","모든 환자는 진료실 대기실로 가십시오"
0x8C468E24,"Research Wing","연구동"
0x8C468E25,"Authorized Science Personnel Only","인가된 과학 인원 외 출입 금지"
0x8C478E63,"Imaging Diagnostics Wing","영상 진단동"
0x8C478E64,"Please have Lab referral forms ready","연구실 의뢰서를 준비해 주십시오"
0x8C488EA2,"Security Station","보안 구역"
0x8C488EA3,"Thank you for visiting the Imaging Diagnostics Lab","영상 진단실을 방문해 주셔서 감사합니다"
0x8C498EE1,"Imaging Diagnostics Room","영상 진단실"
0x8C498EE2,"Warning: Elevated radiation levels","경고: 방사능 수치 상승"
0x8C860A61,"One of the Valor's weapon modules ripped open in the crash, scattering highly radioactive munitions through the Ore Storage chamber.  The radiation leak has caused the Valor's airlock to seal itself.  I need to clear the chamber of the munitions before I can get onboard the ship.","충돌 때 밸러의 무기 모듈 하나가 찢어지면서, 고방사능 탄약이 광석 저장실 곳곳에 흩어졌다. 방사능 누출 때문에 밸러의 밀폐실이 스스로 봉인되었다. 우주선에 들어가려면 먼저 저장실에서 탄약을 치워야 한다."
0x8CBE9C2B,"Return to Security Station","보안 구역으로 돌아가기"
0x8CBE9C2C,"Thank you for visiting the Imaging Diagnostics lab","영상 진단실을 방문해 주셔서 감사합니다"
0x8CBF9C6A,"Zero-G Therapy Area","무중력 치료 구역"
0x8CBF9C6B,"Authorized Personnel Only","관계자 외 출입 금지"
0x8CC09CA9,"Imaging Diagnostics Room","영상 진단실"
0x8CC09CAA,"Warning: Elevated radiation levels","경고: 방사능 수치 상승"
0x8CC19CE8,"Zero-G Therapy Area","무중력 치료 구역"
0x8CC19CE9,"WARNING: HULL BREACH DETECTED","경고: 선체 파손 감지"
0x8CC29D27,"Chemical Research lab","화학 연구실"
0x8CC29D28,"Proper clearance required","적절한 출입 권한이 필요합니다"
0x8CC39D66,"Return to Imaging Diagnostics Room","영상 진단실로 돌아가기"
0x8CC39D67,"Warning: Elevated radiation levels","경고: 방사능 수치 상승"
0x8CC49DA5,"Zero-G Therapy Area","무중력 치료 구역"
0x8CC49DA6,"Authorized Personnel Only","관계자 외 출입 금지"
0x8CC59DE4,"Return to Imaging Diagnostics Room","영상 진단실로 돌아가기"
0x8CC59DE5,"WARNING: HULL BREACH DETECTED","경고: 선체 파손 감지"
0x8CC69E23,"Zero-G Therapy Area","무중력 치료 구역"
0x8CC69E24,"Authorized Personnel Only","관계자 외 출입 금지"
0x8CC79E62,"Return to Imaging Diagnostics Room","영상 진단실로 돌아가기"
0x8CC79E63,"Warning: Elevated radiation levels","경고: 방사능 수치 상승"
0x8D3CABAC,"Security Station","보안 구역"
0x8D3CABAD,"Thank you for visiting the Research Wing","연구동을 방문해 주셔서 감사합니다"
0x8D3DABEB,"Main Lab","주 연구실"
0x8D3DABEC,"Please check yourself for contaminants","오염 물질이 묻지 않았는지 확인해 주십시오"
0x8D3EAC2A,"Return to Security Station","보안 구역으로 돌아가기"
0x8D3EAC2B,"Thank you for visiting the Research Wing","연구동을 방문해 주셔서 감사합니다"
0x8D3FAC69,"Main Lab","주 연구실"
0x8D3FAC6A,"Please check yourself for contaminants","오염 물질이 묻지 않았는지 확인해 주십시오"
0x8D40ACA8,"Return to Security Station","보안 구역으로 돌아가기"
0x8D40ACA9,"Warning:  No lab materials may leave the area","경고:  연구 자재를 구역 밖으로 반출할 수 없습니다"
0x8D41ACE7,"Bio Lab","생체 연구실"
0x8D41ACE8,"Authorized Personnel Only","관계자 외 출입 금지"
0x8D42AD26,"Main Lab","주 연구실"
0x8D42AD27,"Authorized Personnel Only","관계자 외 출입 금지"
0x8D43AD65,"Bio Lab","생체 연구실"
0x8D43AD66,"Authorized Personnel Only","관계자 외 출입 금지"
0x8D44ADA4,"Return to Main Lab","주 연구실로 돌아가기"
0x8D44ADA5,"Authorized Personnel Only","관계자 외 출입 금지"
0x8D45ADE3,"Bio Lab","생체 연구실"
0x8D45ADE4,"Authorized Personnel Only","관계자 외 출입 금지"
0x8D629D14,"Crackshot","명사수의 솜씨"
0x8D821D13,"Audio Director","오디오 디렉터"
0x8D851EA7,"Clarence Co","Clarence Co"
0x8D851EA8,"Tom Desmarais","Tom Desmarais"
0x8D851EA9,"Louis Gascoigne","Louis Gascoigne"
0x8DBABB2D,"Return to Main Lab","주 연구실로 돌아가기"
0x8DBABB2E,"Authorized Personnel Only","관계자 외 출입 금지"
0x8DBBBB6C,"Return to Main Lab","주 연구실로 돌아가기"
0x8DBBBB6D,"Authorized Personnel Only","관계자 외 출입 금지"
0x8DBCBBAB,"Bio Lab","생체 연구실"
0x8DBCBBAC,"Authorized Personnel Only","관계자 외 출입 금지"
0x8DBDBBEA,"Return to Main Lab","주 연구실로 돌아가기"
0x8DBDBBEB,"Authorized Personnel Only","관계자 외 출입 금지"
0x8DBEBC29,"Bio Lab","생체 연구실"
0x8DBEBC2A,"Authorized Personnel Only","관계자 외 출입 금지"
0x8DBFBC68,"Main Lab","주 연구실"
0x8DBFBC69,"Authorized Personnel Only","관계자 외 출입 금지"
0x8DC0BCA7,"Security Station","보안 구역"
0x8DC0BCA8,"Thank you for visiting the Ishimura Clinic","이시무라 진료실을 방문해 주셔서 감사합니다"
0x8DC1BCE6,"Ishimura Clinic","이시무라 진료실"
0x8DC1BCE7,"Please speak to a Clinic Technician before taking a seat","자리에 앉기 전에 진료실 기술자와 상담해 주십시오"
0x8DC2BD25,"Return to Security Station","보안 구역으로 돌아가기"
0x8DC2BD26,"Please collect any belongings you brought to the Clinic","진료실에 가져온 소지품을 챙겨 주십시오"
0x8DC3BD64,"Emergency Room","응급실"
0x8DC3BD65,"Authorized patients only, please","허가된 환자만 출입해 주십시오"
0x8DC45438,"Destroy the Barricade","방어벽을 파괴하라"
0x8DE9F09D,"Holo-card containing shuttle navigation data.","우주선 운항 데이터가 담긴 홀로카드."
0x8DF7EF3B,"FLAMETHROWER\nSchematic Acquired\nDownload at the Store","화염 방사기\n설계도 획득\n상점에서 다운로드"
0x8E09A202,"Nick Earl","Nick Earl"
0x8E0EB33E,"CALL?","호출?"
0x8E16BF65,"Looks like I've got the tram system up and running.  I can call a tram for Hammond and Kendra from Tram Control.","전동차 시스템을 복구해서 가동시킨 것 같다. 전동차 조종실에서 해먼드와 켄드라에게 전동차를 보낼 수 있다."
0x8E189BCE,"Chapter 10: End of Days","10장: 최후의 날"
0x8E38CAAE,"Return to Security Station","보안 구역으로 돌아가기"
0x8E38CAAF,"Please collect any belongings you brought to the Clinic","진료실에 가져온 소지품을 챙겨 주십시오"
0x8E39964A,"Life Support is down in Sleep Block B and the door is locked.  I should be able to run an override from a nearby control station.  ","취침실 B의 생명유지장치가 멈췄고 문도 잠겨 있다. 근처 조작대에서 강제 해제를 실행할 수 있을 것이다.  "
0x8E39CAED,"ER Hallway A","응급실 복도 A"
0x8E39CAEE,"Patient Beds 001 - 006","환자 병상 001 - 006"
0x8E3ACB2C,"Emergency Room","응급실"
0x8E3ACB2D,"Authorized Medical Personnel only","인가된 의료진 외 출입 금지"
0x8E3BCB6B,"ER Hallway B","응급실 복도 B"
0x8E3BCB6C,"Patient Beds 007 - 012","환자 병상 007 - 012"
0x8E3CCBAA,"ER Hallway A","응급실 복도 A"
0x8E3CCBAB,"Patient Beds 001 - 006","환자 병상 001 - 006"
0x8E3DCBE9,"Intensive Care Unit","중환자실"
0x8E3DCBEA,"ICU Pods 001-004","중환자 포드 001-004"
0x8E3ECC28,"ER Hallway B","응급실 복도 B"
0x8E3ECC29,"Patient Beds 007 - 012","환자 병상 007 - 012"
0x8E3FCC67,"Morgue","영안실"
0x8E3FCC68,"Authorized Medical Personnel only","인가된 의료진 외 출입 금지"
0x8E40CCA6,"Intensive Care Unit","중환자실"
0x8E40CCA7,"ICU Pods 001-004","중환자 포드 001-004"
0x8E41CCE5,"Dr. Mercer's Office","머서 박사 사무실"
0x8E41CCE6,"Proper clearance required","적절한 출입 권한이 필요합니다"
0x8E7C5C80,"User Interface Designer","UI 디자이너"
0x8EB6DA2F,"Morgue","영안실"
0x8EB6DA30,"Authorized Medical Personnel only","인가된 의료진 외 출입 금지"
0x8EB7DA6E,"Intensive Care Unit","중환자실"
0x8EB7DA6F,"ICU Pods 001-004","중환자 포드 001-004"
0x8EB85A4C,"Administrative Assistant","행정 보조"
0x8EB8DAAD,"Morgue","영안실"
0x8EB8DAAE,"Authorized Medical Personnel only","인가된 의료진 외 출입 금지"
0x8EB9DAEC,"Return to Intensive Care Unit","중환자실로 돌아가기"
0x8EB9DAED,"Authorized Medical Personnel only","인가된 의료진 외 출입 금지"
0x8EBADB2B,"Return to Emergency Room","응급실로 돌아가기"
0x8EBADB2C,"Authorized Medical Personnel only","인가된 의료진 외 출입 금지"
0x8EBBDB6A,"Elevator to Morgue","영안실행 엘리베이터"
0x8EBBDB6B,"Proper clearance required","적절한 출입 권한이 필요합니다"
0x8EBCDBA9,"Chemical Research lab","화학 연구실"
0x8EBCDBAA,"Proper clearance required","적절한 출입 권한이 필요합니다"
0x8EBDDBE8,"Imaging Diagnostics Room","영상 진단실"
0x8EBDDBE9,"Warning: Elevated radiation levels","경고: 방사능 수치 상승"
0x8EBEDC27,"Chemical Research lab","화학 연구실"
0x8EBEDC28,"Warning: Unstable Compounds","경고: 불안정한 화합물"
0x8EBFDC66,"Return to Imaging Diagnostics Room","영상 진단실로 돌아가기"
0x8EBFDC67,"Warning: Elevated radiation levels","경고: 방사능 수치 상승"
0x8F0AEF7E,"Main Atrium","중앙홀"
0x8F0AEF7F,"The Ishimura Atrium is a secured location. All visitors must undergo security scan.","이시무라 중앙홀은 보안 구역입니다. 모든 방문객은 보안 검색을 받아야 합니다."
0x8F0BEFBD,"Tram Station","정거장"
0x8F0BEFBE,"Thank you for visiting the Ishimura Bridge","이시무라 브릿지를 방문해 주셔서 감사합니다"
0x8F0CEFFC,"Main Atrium","중앙홀"
0x8F0CEFFD,"Welcome,  Ishimura Officer","환영합니다,  이시무라 장교님"
0x8F0DF03B,"To Tram Station","정거장 방면"
0x8F0DF03C,"Please be careful passing through security hall","보안 복도를 지날 때 주의해 주십시오"
0x8F0EF07A,"Security Room","보안실"
0x8F0EF07B,"Attention:  Security officers only","알림:  보안요원 전용"
0x8F0FF0B9,"Main Atrium","중앙홀"
0x8F0FF0BA,"Authorized Personnel Only","관계자 외 출입 금지"
0x8F10F0F8,"Storage Room","보관실"
0x8F10F0F9,"Authorized Personnel Only","관계자 외 출입 금지"
0x8F11F137,"Elevator to Ship Systems Level","우주선 시스템 층행 엘리베이터"
0x8F11F138,"Authorized Personnel Only","관계자 외 출입 금지"
0x8F12F176,"Elevator to Mining Admin and Comm Array Levels","채굴 관리부 및 통신배열 층행 엘리베이터"
0x8F12F177,"Authorized Personnel Only","관계자 외 출입 금지"
0x8F34E9B0,"Cryogenics Lab","극저온 연구실"
0x8F34E9B1,"Zero temperature certified technicians only","극저온 인증 기술자 전용"
0x8F35E9EF,"Chemical Research lab","화학 연구실"
0x8F35E9F0,"Authorized Personnel Only","관계자 외 출입 금지"
0x8F36EA2E,"Tram Station","정거장"
0x8F36EA2F,"Thank you for visiting the Medical Deck","의료 구역을 방문해 주셔서 감사합니다"
0x8F37EA6D,"Cryogenics Lab","극저온 연구실"
0x8F37EA6E,"Zero temperature certified technicians only","극저온 인증 기술자 전용"
0x8F38EAAC,"Tram Station","정거장"
0x8F38EAAD,"Thank you for visiting the Medical Deck","의료 구역을 방문해 주셔서 감사합니다"
0x8F39EAEB,"Cryogenics Lab","극저온 연구실"
0x8F39EAEC,"Zero temperature certified technicians only","극저온 인증 기술자 전용"
0x8F461642,"Science log, Chief Science Officer Dr. Kyne reporting. The colony's problems concern me greatly. I have no doubt they are somehow linked to discovery of the marker, but the exact nature of that connection is still unknown. Almost 40 per cent of the colonists are experiencing a form of dementia. The obvious symptoms are acute depression, insomnia and hallucination.","과학 기록, 수석 과학관 카인 박사 보고. 콜로니의 문제가 매우 걱정된다. 마커의 발견과 어떻게든 연관되어 있다는 데는 의심의 여지가 없지만, 그 연관성의 정확한 성격은 아직 알 수 없다. 콜로니 주민의 거의 40퍼센트가 일종의 치매 증상을 겪고 있다. 뚜렷한 증상은 급성 우울증, 불면증, 환각이다."
0x8F461643," Incidence of violence and even murder also indicate extreme paranoia.  Dr. Mercer has advised that I bring some of the affected on board for study.  Dr Welland, the planetside psychiatrist, has reported that his own analysis has been fruitless. I'm hesitant to rely on Dr. Mercer at this point, but I need his expertise. We need solutions and we need them quickly."," 폭력 사건과 심지어 살인까지 발생하는 것으로 보아 극심한 편집증도 나타나고 있다. 머서 박사는 증상을 보이는 사람 일부를 연구를 위해 우주선으로 데려오라고 조언했다. 행성의 정신과 의사인 웰런드 박사는 자신의 분석으로는 아무 성과가 없었다고 보고했다. 지금 시점에서 머서 박사에게 의지하는 것은 망설여지지만, 그의 전문 지식이 필요하다. 해결책이 필요하다, 그것도 빨리."
0x8F702B04,"Wwww Wwww Wwww Wwww Wwww Wwww Wwww Wwww Wwww Wwww Wwww Wwww Wwww Wwww Wwww Wwww Wwww Wwww Wwww Wwww Wwww Wwww Wwww Wwww Wwww Wwww Wwww Wwww Wwww Wwww Wwww Wwww Wwww Wwww Wwww Wwww Wwww Wwww Wwww Wwww Wwww Wwww Wwww Wwww Wwww Wwww Wwww Wwww Wwww Wwww Wwww Wwww Wwww Wwww Wwww Wwww Wwww Wwww","Wwww Wwww Wwww Wwww Wwww Wwww Wwww Wwww Wwww Wwww Wwww Wwww Wwww Wwww Wwww Wwww Wwww Wwww Wwww Wwww Wwww Wwww Wwww Wwww Wwww Wwww Wwww Wwww Wwww Wwww Wwww Wwww Wwww Wwww Wwww Wwww Wwww Wwww Wwww Wwww Wwww Wwww Wwww Wwww Wwww Wwww Wwww Wwww Wwww Wwww Wwww Wwww Wwww Wwww Wwww Wwww Wwww Wwww"
0x8F87FEC0,"Captain's Nest","선장실"
0x8F87FEC1,"ATTENTION:  This is a restricted area.  Rank 5 Officers Only.","알림:  이곳은 제한 구역입니다.  5등급 장교 전용."
0x8F88FEFF,"To Main Atrium","중앙홀 방면"
0x8F88FF00,"Remember to Sync Your RIG","RIG 동기화를 잊지 마십시오"
0x8F89FF3E,"Captain's Nest","선장실"
0x8F89FF3F,"ATTENTION:  This is a restricted area.  Rank 5 Officers Only.","알림:  이곳은 제한 구역입니다.  5등급 장교 전용."
0x8F8AFF7D,"To Main Atrium","중앙홀 방면"
0x8F8AFF7E,"Remember to Sync Your RIG","RIG 동기화를 잊지 마십시오"
0x8F8BFFBC,"To Mining Admin Room","채굴 관리실 방면"
0x8F8BFFBD,"Authorized Personnel Only","관계자 외 출입 금지"
0x8F8CFFFB,"To Main Atrium","중앙홀 방면"
0x8F8CFFFC,"Authorized Personnel Only","관계자 외 출입 금지"
0x8F8E003A,"MA Hall Storage","채굴 관리부 복도 보관실"
0x8F8E003B,"Authorized Personnel Only","관계자 외 출입 금지"
0x8F8F0079,"Return to Hall","복도로 돌아가기"
0x8F8F007A,"Do not remove items without authorization","허가 없이 물품을 반출하지 마십시오"
0x8F9000B8,"Mining Admin Room","채굴 관리실"
0x8F9000B9,"Authorized Personnel Only","관계자 외 출입 금지"
0x8F9100F7,"To Main Atrium","중앙홀 방면"
0x8F9100F8,"Please de-rez before returning to Main Atrium","중앙홀로 돌아가기 전에 디레즈하십시오"
0x90060E41,"MA Storage Room B","채굴 관리부 보관실 B"
0x90060E42,"Authorized Personnel Only","관계자 외 출입 금지"
0x90070E80,"Mining Admin Room","채굴 관리실"
0x90070E81,"Authorized Personnel Only","관계자 외 출입 금지"
0x90080EBF,"MA Storage Room C","채굴 관리부 보관실 C"
0x90080EC0,"Authorized Personnel Only","관계자 외 출입 금지"
0x90090EFE,"MA Computer Room","채굴 관리부 컴퓨터실"
0x90090EFF,"Beware: Elevated Electromagnetism","주의: 전자기 수치 상승"
0x900A0F3D,"Mining Admin Room","채굴 관리실"
0x900A0F3E,"Authorized Personnel Only","관계자 외 출입 금지"
0x900AF74E,"Mindless Prey","생각 없는 먹잇감"
0x900B0F7C,"MA Storage Room D","채굴 관리부 보관실 D"
0x900B0F7D,"Authorized Personnel Only","관계자 외 출입 금지"
0x900C0FBB,"MA Computer Room","채굴 관리부 컴퓨터실"
0x900C0FBC,"Beware: Elevated Electromagnetism","주의: 전자기 수치 상승"
0x900D0FFA,"To Main Atrium","중앙홀 방면"
0x900D0FFB,"Authorized Personnel Only","관계자 외 출입 금지"
0x900E1039,"To Ship Systems Room","우주선 시스템실 방면"
0x900E103A,"Authorized Personnel Only","관계자 외 출입 금지"
0x900F1078,"To Main Atrium","중앙홀 방면"
0x900F1079,"Authorized Personnel Only","관계자 외 출입 금지"
0x9057F979,"Lab Rat","실험용 쥐"
0x90841DC2,"SS Storage A","우주선 시스템 보관실 A"
0x90841DC3,"Authorized Personnel Only","관계자 외 출입 금지"
0x90851E01,"Return to Hall","복도로 돌아가기"
0x90851E02,"Do not remove items without authorization","허가 없이 물품을 반출하지 마십시오"
0x90861E40,"Ship Systems","우주선 시스템"
0x90861E41,"Warning: Sensitive Equipment!","경고: 민감한 장비!"
0x90871E7F,"To Main Atrium","중앙홀 방면"
0x90871E80,"Remember to Sync Your RIG","RIG 동기화를 잊지 마십시오"
0x9087A3F0,"LARGE MED PACK\nSchematic Acquired\nDownload at the Store","대형 회복제\n설계도 획득\n상점에서 다운로드"
0x90881EBE,"To Main Atrium","중앙홀 방면"
0x90881EBF,"Remember to Sync Your RIG","RIG 동기화를 잊지 마십시오"
0x90891EFD,"To Comm Array and Exterior Access","통신배열 및 외부 출입구 방면"
0x90891EFE,"Authorized Personnel Only","관계자 외 출입 금지"
0x908A1F3C,"To Main Atrium","중앙홀 방면"
0x908A1F3D,"Remember to Sync Your RIG","RIG 동기화를 잊지 마십시오"
0x908B1F7B,"Ship Exterior Access","우주선 외부 출입구"
0x908B1F7C,"WARNING: Extreme Danger!","경고: 극도로 위험!"
0x908C1FBA,"Return to Hall","복도로 돌아가기"
0x908C1FBB,"Remember to Sync Your RIG","RIG 동기화를 잊지 마십시오"
0x908D1FF9,"Storage Room 47","보관실 47"
0x908D1FFA,"Authorized Personnel Only","관계자 외 출입 금지"
0x9097E10B,"RECOVERED FILE\nPersonal Log: Dr. G. Abernathy, automated transcript\n(Restricted access - Maximum encryption)\n\nDay three of quarantine for the former Drs. Clifton and Hogan. The infection is spreading quickly through Dr. Clifton. Dr. Hogan appears unaffected at this time.\n\n","복구된 파일\n개인 기록: G. 애버내시 박사, 자동 녹취록\n(접근 제한 - 최고 수준 암호화)\n\n전직 클리프턴 박사와 호건 박사의 격리 3일차. 클리프턴 박사의 몸에서 감염이 빠르게 퍼지고 있다. 호건 박사는 현재로서는 영향을 받지 않은 것으로 보인다.\n\n"
0x90BC86E6,"PLASMA ENERGY","플라즈마 에너지"
0x90D584B8,"Replace the Damaged Tram","파손된 전동차를 교체하라"
0x90D91FB9,"TRAM DATABOARD","전동차 데이터보드"
0x90E0EFCE,"Ericka Sykes","Ericka Sykes"
0x91022D43,"Ship Exterior Access","우주선 외부 출입구"
0x91022D44,"WARNING: Extreme Danger!","경고: 극도로 위험!"
0x91032D82,"Return to Hall","복도로 돌아가기"
0x91032D83,"Remember to Sync Your RIG","RIG 동기화를 잊지 마십시오"
0x91042DC1,"Ship Exterior Access Airlock","우주선 외부 출입구 밀폐실"
0x91042DC2,"WARNING: Extreme Danger!  Confirm grav boot operation!","경고: 극도로 위험!  중력 부츠 작동을 확인하십시오!"
0x91052E00,"To Comm Array","통신배열 방면"
0x91052E01,"Warning: Sensitive Equipment!","경고: 민감한 장비!"
0x91062E3F,"Return to Hall","복도로 돌아가기"
0x91062E40,"Remember to Sync Your RIG","RIG 동기화를 잊지 마십시오"
0x91072E7E,"To Comm Array","통신배열 방면"
0x91072E7F,"Warning: Sensitive Equipment!","경고: 민감한 장비!"
0x91082EBD,"To Comm Array","통신배열 방면"
0x91082EBE,"Warning: Sensitive Equipment!","경고: 민감한 장비!"
0x91092EFC,"Return to Hall","복도로 돌아가기"
0x91092EFD,"Remember to Sync Your RIG","RIG 동기화를 잊지 마십시오"
0x910A2F3B,"To Comm Array","통신배열 방면"
0x910A2F3C,"Warning: Sensitive Equipment!","경고: 민감한 장비!"
0x910B2F7A,"Return to Hall","복도로 돌아가기"
0x910B2F7B,"Remember to Sync Your RIG","RIG 동기화를 잊지 마십시오"
0x91118A73,"Music Volume","음악 음량"
0x9118022D,"Epic Tier 3 Engineer","에픽 3티어 엔지니어"
0x91746FE5,"Pick Up","줍기"
0x91803CC4,"To Comm Array","통신배열 방면"
0x91803CC5,"Warning: Sensitive Equipment!","경고: 민감한 장비!"
0x91813D03,"Return to Hall","복도로 돌아가기"
0x91813D04,"Remember to Sync Your RIG","RIG 동기화를 잊지 마십시오"
0x91823D42,"To ADS Cannon 48","ADS 캐논 48 방면"
0x91823D43,"Authorized Personnel Only","관계자 외 출입 금지"
0x91833D81,"Return to Hall","복도로 돌아가기"
0x91833D82,"Remember to Sync Your RIG","RIG 동기화를 잊지 마십시오"
0x91843DC0,"ADS Cannon 48","ADS 캐논 48"
0x91843DC1,"Authorized Personnel Only","관계자 외 출입 금지"
0x91CFB6F0,"//new game","// 새 게임"
0x9224A22B,"A.K. and Suhad Khayyat for their endless support","끝없는 지지를 보내 준 A.K. and Suhad Khayyat"
0x9224A22C,"Aisha, My Family, and my fat cat IMO!","Aisha, 가족, 그리고 우리 뚱냥이 IMO!"
0x9224A22D,"Alex Liberman","Alex Liberman"
0x9224A22E,"Alex Sue and Tony Tran","Alex Sue and Tony Tran"
0x9224A22F,"Alexandre Caldeira","Alexandre Caldeira"
0x9224A230,"Alia Moore","Alia Moore"
0x9224A231,"AlyCat and DaisyDog","AlyCat and DaisyDog"
0x9224A232,"Amanda & Jackson Holt","Amanda & Jackson Holt"
0x9224A233,"Andrea Smidova","Andrea Smidova"
0x92F4201E,"LEVEL 1 SUIT","레벨 1 보호복"
0x92F4A696,"GOLD SEMICONDUCTOR","금 반도체"
0x92F59803,"Cancel (logs/menus)","취소 (기록/메뉴)"
0x9325536C,"Credits_Title","Credits_Title"
0x9325536D,"Credits_Production","Credits_Production"
0x9325536E,"Credits_Blank_Line","Credits_Blank_Line"
0x9325536F,"Credits_ExecP","Credits_ExecP"
0x93255370,"Credits_SrDD","Credits_SrDD"
0x93255371,"Credits_CreativeD","Credits_CreativeD"
0x93255372,"Credits_ArtD","Credits_ArtD"
0x93255373,"Credits_ProductionD","Credits_ProductionD"
0x93255374,"Credits_AudioD","Credits_AudioD"
0x9331D7B1,"Activate decon system.","오염 제거 시스템을 작동하라."
0x934A7EB9,"This will upgrade your MINE by %g pts.","지뢰가 %g 포인트 업그레이드됩니다."
0x9351410E,"SHOOTING RANGE CONTROLS","사격장 조종"
0x935B4975,"High energy mineral cutter.","고에너지 광물 절단기."
0x9366C897,"FIND THE MARKER","마커를 찾아라"
0x939299C2,"Welcome to the Hydroponics Deck","재배구역 갑판에 오신 것을 환영합니다"
0x939299C3,"Please,  our plant life is fragile.  Decontaminated Personnel Only","주의해 주십시오,  식물들은 연약합니다.  오염 제거된 인원만 출입"
0x93939A01,"Tram Station","정거장"
0x93939A02,"Thank you for visiting the Hydroponics Deck","재배구역 갑판을 방문해 주셔서 감사합니다"
0x93949A40,"Elevator to Grow Decks","성장 갑판행 엘리베이터"
0x93949A41,"Please,  our plant life is fragile.  Decontaminated Personnel Only","주의해 주십시오,  식물들은 연약합니다.  오염 제거된 인원만 출입"
0x93959A7F,"To Tram Station","정거장 방면"
0x93959A80,"Thank you for visiting the Hydroponics Deck","재배구역 갑판을 방문해 주셔서 감사합니다"
0x93969ABE,"To Growth Areas","성장 구역 방면"
0x93969ABF,"Please,  our plant life is fragile.  Decontaminated Personnel Only","주의해 주십시오,  식물들은 연약합니다.  오염 제거된 인원만 출입"
0x93979AFD,"To Tram Station","정거장 방면"
0x93979AFE,"Thank you for visiting the Hydroponics Deck","재배구역 갑판을 방문해 주셔서 감사합니다"
0x93989B3C,"Atmosphere Control","대기 조절실"
0x93989B3D,"Certified Oxygen Technicians only","인증된 산소 기술자 전용"
0x93999B7B,"To Tram Station","정거장 방면"
0x93999B7C,"Thank you for visiting the Hydroponics Deck","재배구역 갑판을 방문해 주셔서 감사합니다"
0x939A9BBA,"To West Grow Chamber","서쪽 성장실 방면"
0x939A9BBB,"Please,  our plant life is fragile.  Decontaminated Personnel Only","주의해 주십시오,  식물들은 연약합니다.  오염 제거된 인원만 출입"
0x93C43DC0,"Sorry, Isaac, I couldn't let him go through with it. I suppose I should thank him for finding the Marker. We even managed without help from the USM Valor... Thank you for helping me find it, by the way. My department's been looking for this place for a long time. See, what Kyne didn't know was, it was the government's mess to begin with. This whole planet is one big experiment.","미안해, 아이작. 그자가 그 일을 끝까지 하게 둘 수는 없었어. 마커를 찾아 준 건 그자에게 고마워해야겠지. USM 밸러의 도움도 없이 해냈으니까… 그건 그렇고, 마커 찾는 걸 도와줘서 고마워. 우리 부서는 오랫동안 이곳을 찾고 있었거든. 카인이 몰랐던 게 있는데, 애초에 이건 정부가 저질러 놓은 일이었어. 이 행성 전체가 하나의 거대한 실험이야."
0x93C43DC1,"The Marker? This ""divine relic""? Made by man.  They reverse-engineered it a couple of hundred years ago from the REAL Marker, a true alien artifact recovered on Earth.  They dug it up, studied it, and made it their own. Then they brought it to Aegis 7, and activated it.  And you've seen the result.  The stuff of nightmares. They sealed the system, and no one would have been the wiser.","마커? 이 ""신성한 유물""이? 인간이 만든 거야. 지구에서 발굴된 진짜 외계 유물인 진짜 마커를 몇백 년 전에 역설계해서 만든 거지. 그걸 파내고, 연구하고, 자기들 것으로 만들었어. 그리고 이지스 7로 가져와서 작동시켰지. 그 결과는 너도 봤잖아. 악몽 그 자체. 그들은 이 항성계를 봉쇄했고, 아무도 알아채지 못했을 거야."
0x93C43DC2,"But then CEC blunders in and starts tearing the planet apart.  The experiment was still alive.  Kyne was right about the Hive Mind.  The Marker would contain it...but that doesn't matter now, does it?  I have the Marker, and this entire system can go to hell. For what it's worth, you did a great job, Isaac. See you around... Or maybe not.","그런데 CEC가 멋모르고 끼어들어서 행성을 뜯어내기 시작한 거지. 실험은 아직 살아 있었어. 하이브 마인드에 대해서는 카인이 옳았어. 마커가 그걸 억누를 수 있었을 테니까… 하지만 이제 그건 상관없잖아, 안 그래? 마커는 내 손에 있고, 이 항성계 전체는 지옥에나 떨어지라지. 어쨌든, 넌 정말 훌륭하게 해냈어, 아이작. 또 보자… 아니면 못 보거나."
0x93C8C67A,"ALL OBJECTIVES\nCOMPLETE","모든 목표\n완료"
0x93CBB707,"EAC Game Lab","EAC Game Lab"
0x93F8CC87,"Is Kendra right...am I losing my mind...?  Nicole was dead this entire time.  A hallucination created by the Marker.  This whole time, it was the Marker pushing me to return it to the planet.  It's sentient...alive in some way.  And now Kendra has it again.  I've got to get back to the shuttle and get off of the planet before the chunk smashes into it!","켄드라 말이 맞는 걸까… 내가 미쳐 가는 걸까…? 니콜은 줄곧 죽어 있었다. 마커가 만들어 낸 환각이었다. 지금까지 줄곧 날 몰아붙여 마커를 행성으로 돌려놓게 한 것은 마커 자신이었다. 마커는 지각이 있다… 어떤 식으로든 살아 있다. 그리고 이제 켄드라가 다시 그걸 가져갔다. 그 파편이 행성에 충돌하기 전에 우주선으로 돌아가 행성을 벗어나야 한다!"
0x940FA904,"West Grow Chamber","서쪽 성장실"
0x940FA905,"Please,  our plant life is fragile.  Decontaminated Personnel Only","주의해 주십시오,  식물들은 연약합니다.  오염 제거된 인원만 출입"
0x9410A943,"To Atmosphere Control","대기 조절실 방면"
0x9410A944,"No foreign plant matter allowed","외부 식물 반입 금지"
0x9411A982,"Elevator to Upper Levels","위층행 엘리베이터"
0x9411A983,"Authorized Personnel Only","관계자 외 출입 금지"
0x9412A9C1,"Elevator to Upper Levels","위층행 엘리베이터"
0x9412A9C2,"Authorized Personnel Only","관계자 외 출입 금지"
0x9413AA00,"Inner Greenhouse A","내부 온실 A"
0x9413AA01,"Warning:  Fragile Plant Life","경고:  연약한 식물"
0x9414AA3F,"Inner Greenhouse A","내부 온실 A"
0x9414AA40,"Warning:  Fragile Plant Life","경고:  연약한 식물"
0x9415AA7E,"To Refrigeration West","서쪽 냉동실 방면"
0x9415AA7F,"Authorized Personnel Only","관계자 외 출입 금지"
0x9416AABD,"Hydroponics Control","재배구역 통제실"
0x9416AABE,"Authorized Personnel Only","관계자 외 출입 금지"
0x9417AAFC,"West Grow Chamber","서쪽 성장실"
0x9417AAFD,"Please,  our plant life is fragile.  Decontaminated Personnel Only","주의해 주십시오,  식물들은 연약합니다.  오염 제거된 인원만 출입"
0x9418AB3B,"East Grow Chamber","동쪽 성장실"
0x9418AB3C,"Please,  our plant life is fragile.  Decontaminated Personnel Only","주의해 주십시오,  식물들은 연약합니다.  오염 제거된 인원만 출입"
0x948DB885,"West Grow Chamber","서쪽 성장실"
0x948DB886,"Please,  our plant life is fragile.  Decontaminated Personnel Only","주의해 주십시오,  식물들은 연약합니다.  오염 제거된 인원만 출입"
0x948EB8C4,"To Refrigeration West","서쪽 냉동실 방면"
0x948EB8C5,"Authorized Personnel Only","관계자 외 출입 금지"
0x948FB903,"To West Grow Chamber","서쪽 성장실 방면"
0x948FB904,"Please,  our plant life is fragile.  Decontaminated Personnel Only","주의해 주십시오,  식물들은 연약합니다.  오염 제거된 인원만 출입"
0x9490B942,"To Refrigeration West","서쪽 냉동실 방면"
0x9490B943,"Authorized Personnel Only","관계자 외 출입 금지"
0x9491B981,"To West Grow Chamber","서쪽 성장실 방면"
0x9491B982,"Reset gravity boots","중력 부츠를 재설정하십시오"
0x9492B9C0,"Refrigeration West","냉동실 서쪽"
0x9492B9C1,"Confirm gravity boot function and sync RIG","중력 부츠 작동을 확인하고 RIG를 동기화하십시오"
0x9493B9FF,"To West Grow Chamber","서쪽 성장실 방면"
0x9493BA00,"Reset gravity boots","중력 부츠를 재설정하십시오"
0x9494BA3E,"Refrigeration West","냉동실 서쪽"
0x9494BA3F,"Confirm gravity boot function and sync RIG","중력 부츠 작동을 확인하고 RIG를 동기화하십시오"
0x9495BA7D,"Air Filtration Room","공기 여과실"
0x9495BA7E,"WARNING: EXTREME HEAT","경고: 극고온"
0x9496BABC,"To Refrigeration West","서쪽 냉동실 방면"
0x9496BABD,"Confirm gravity boot function and sync RIG","중력 부츠 작동을 확인하고 RIG를 동기화하십시오"
0x949C780D,"CAPTAIN'S RIG","선장의 RIG"
0x950BC806,"Exit to West Grow Chamber","서쪽 성장실 출구"
0x950BC807,"Authorized Personnel Only","관계자 외 출입 금지"
0x950CC845,"Air Filtration Room","공기 여과실"
0x950CC846,"WARNING: EXTREME HEAT","경고: 극고온"
0x950DC884,"Exit to West Grow Chamber","서쪽 성장실 출구"
0x950DC885,"Authorized Personnel Only","관계자 외 출입 금지"
0x950EC8C3,"To Air Filtration Room","공기 여과실 방면"
0x950EC8C4,"Authorized Personnel Only","관계자 외 출입 금지"
0x950FC902,"To East Grow Chamber","동쪽 성장실 방면"
0x950FC903,"Please,  our plant life is fragile.  Decontaminated Personnel Only","주의해 주십시오,  식물들은 연약합니다.  오염 제거된 인원만 출입"
0x9510C941,"East Grow Chamber","동쪽 성장실"
0x9510C942,"Please,  our plant life is fragile.  Decontaminated Personnel Only","주의해 주십시오,  식물들은 연약합니다.  오염 제거된 인원만 출입"
0x9511C980,"To Atmosphere Control","대기 조절실 방면"
0x9511C981,"No foreign plant matter allowed","외부 식물 반입 금지"
0x9512C9BF,"Elevator to Upper Levels","위층행 엘리베이터"
0x9512C9C0,"Authorized Personnel Only","관계자 외 출입 금지"
0x9513C9FE,"Elevator to Upper Levels","위층행 엘리베이터"
0x9513C9FF,"Authorized Personnel Only","관계자 외 출입 금지"
0x9514CA3D,"Inner Greenhouse B","내부 온실 B"
0x9514CA3E,"Warning:  Fragile Plant Life","경고:  연약한 식물"
0x955284C6,"Production Designer","프로덕션 디자이너"
0x9589D787,"Inner Greenhouse B","내부 온실 B"
0x9589D788,"Warning:  Fragile Plant Life","경고:  연약한 식물"
0x958AD7C6,"To Refrigeration East","동쪽 냉동실 방면"
0x958AD7C7,"Authorized Personnel Only","관계자 외 출입 금지"
0x958BD805,"East Grow Chamber","동쪽 성장실"
0x958BD806,"Please,  our plant life is fragile.  Decontaminated Personnel Only","주의해 주십시오,  식물들은 연약합니다.  오염 제거된 인원만 출입"
0x958CD844,"To Refrigeration East","동쪽 냉동실 방면"
0x958CD845,"Authorized Personnel Only","관계자 외 출입 금지"
0x958DD883,"East Grow Chamber","동쪽 성장실"
0x958DD884,"Please,  our plant life is fragile.  Decontaminated Personnel Only","주의해 주십시오,  식물들은 연약합니다.  오염 제거된 인원만 출입"
0x958ED8C2,"To Refrigeration East","동쪽 냉동실 방면"
0x958ED8C3,"Authorized Personnel Only","관계자 외 출입 금지"
0x958FD901,"To East Grow Chamber","동쪽 성장실 방면"
0x958FD902,"Authorized Personnel Only","관계자 외 출입 금지"
0x9590D940,"Refrigeration East","냉동실 동쪽"
0x9590D941,"Confirm gravity boot function and sync RIG","중력 부츠 작동을 확인하고 RIG를 동기화하십시오"
0x9591D97F,"To East Grow Chamber","동쪽 성장실 방면"
0x9591D980,"Authorized Personnel Only","관계자 외 출입 금지"
0x9592D9BE,"Primary Food Storage","주 식량 저장고"
0x9592D9BF,"Warning:  Foreign biological presence detected","경고:  외부 생물체 감지"
0x95B817DC,"Associate Artists","어소시에이트 아티스트"
0x95DBF7E5,"IGNITION SEQUENCE INITIATED\nPLEASE STAND BY...","점화 절차 개시\n잠시 기다려 주십시오..."
0x95E4AF2B,"How many times have you watched that thing? Guess you really miss her. Don't worry, we're almost there. You'll be able to look her up once we're onboard. Sounds like you two have a lot of catching up to do.","그거 몇 번이나 보는 거예요? 정말 보고 싶은가 보네요. 걱정 마요, 거의 다 왔어요. 일단 승선하면 찾아볼 수 있을 거예요. 두 사람, 밀린 얘기가 많겠네요."
0x95E4AF2E,"All this trouble over that chunk of rock.","저 바위 덩어리 하나 때문에 이 난리라니."
0x95E4AF58,"So that's the Ishimura? Impressive.","저게 그 이시무라예요? 대단하네요."
0x95E4AF5A,"Why is it all dark? I don't see any running lights.","왜 저렇게 깜깜하죠? 운항 표시등이 하나도 안 보여요."
0x95E4AF5D,"You're going to need to boost the signal if their power is low.","저쪽 전력이 약하면 신호를 증폭해야 할 거예요."
0x95E5AF67,"Never heard of a total communications blackout on one of these things.  You'd think with a thousand people on board, someone would pick up the phone--","이런 배에서 통신이 완전히 두절됐다는 얘기는 들어 본 적이 없어요. 천 명이나 타고 있는데, 누군가는 연락을 받아야 정상이잖아요--"
0x95E5AF69,"It's a busted array like we thought. Sounds like they're having problems with their encoder. You get us down there and Isaac and I can fix it.  Forty-eight hours max.","예상했던 대로 배열이 고장 났어요. 인코더에 문제가 있는 것 같아요. 우리를 저기 내려주면 아이작하고 제가 고칠 수 있어요. 최대 48시간이면 돼요."
0x95E5AF99,"Inside the magnetic field? Are you insane?! Abort!","자기장 안에서요? 미쳤어요?! 중단해요!"
0x95E66E25,"FIND THE DATA BOARD","데이터보드를 찾아라"
0x95E6AFA5,"What...? What the hell were you thinking?! Were you trying to get us killed?","뭐…? 대체 무슨 생각이었어요?! 우리를 다 죽일 셈이었어요?"
0x95E6AFA9,"Hold still, Isaac, I'm synching up everyone's RIGs with the ship. Okay, we're done. Clean bill of health for everyone.","가만히 있어요, 아이작. 모두의 RIG를 우주선과 동기화하는 중이에요. 좋아요, 끝났어요. 모두 건강에 이상 없어요."
0x95E6AFAC,"You didn't lose power to the port booster. You LOST the port booster! Unbelievable.","좌현 부스터 전력이 끊긴 게 아니라, 좌현 부스터가 통째로 날아간 거잖아요! 믿을 수가 없네."
0x95E7AFEA,"Seems like everyone was trying to pack in a hurry.","다들 급하게 짐을 싸려고 한 것 같네요."
0x95E7AFEC,"Yeah, well there's not. There's nobody here. I can't pick up any broadcasts.","네, 그런데 아니에요. 여긴 아무도 없어요. 방송도 하나도 안 잡혀요."
0x95E7B015,"Power's dead. I can't.","전원이 나갔어요. 못 해요."
0x95E7B019,"Where the hell is everyone?","다들 대체 어디 간 거죠?"
0x95F9669E,"Flamethrower Schematic","화염 방사기 설계도"
0x9607E708,"Atmosphere Control","대기 조절실"
0x9607E709,"Certified Oxygen Technicians only","인증된 산소 기술자 전용"
0x9608E747,"Primary Food Storage","주 식량 저장고"
0x9608E748,"Warning:  Foreign biological presence detected","경고:  외부 생물체 감지"
0x9609E786,"To Atmosphere Control","대기 조절실 방면"
0x9609E787,"Certified Oxygen Technicians only","인증된 산소 기술자 전용"
0x960AE68D,"23","23"
0x960AE7C5,"Primary Food Storage","주 식량 저장고"
0x960AE7C6,"Warning:  Foreign biological presence detected","경고:  외부 생물체 감지"
0x960B374A,"Unable to delete %1.","%1을(를) 삭제할 수 없습니다."
0x960BE804,"Exit to Atmosphere Control","대기 조절실 출구"
0x960BE805,"Authorized Personnel Only","관계자 외 출입 금지"
0x960CE843,"West Grow Chamber","서쪽 성장실"
0x960CE844,"Please,  our plant life is fragile.  Decontaminated Personnel Only","주의해 주십시오,  식물들은 연약합니다.  오염 제거된 인원만 출입"
0x960DE882,"East Grow Chamber","동쪽 성장실"
0x960DE883,"Please,  our plant life is fragile.  Decontaminated Personnel Only","주의해 주십시오,  식물들은 연약합니다.  오염 제거된 인원만 출입"
0x962FB21D,"What the hell was that?","대체 뭐였죠?"
0x962FB221,"What was that? Did you hear that?!","뭐였어요? 저 소리 들었어요?!"
0x962FB224,"I don't know! Something's in the room with us!","모르겠어요! 여기 우리랑 같이 뭔가 있어요!"
0x962FB24F,"Come on... come on. Got it!","제발… 제발. 됐다!"
0x9630B25A,"The door's unlocked, run!","문 열렸어요, 뛰어요!"
0x9630B25B,"Run, Isaac! Get the hell out of there!","뛰어요, 아이작! 거기서 빨리 나와요!"
0x9630B25F,"Isaac? Isaac! God, I can't believe he made it.","아이작? 아이작! 세상에, 무사히 빠져나왔다니 믿을 수가 없어."
0x9630B261,"More what?! What the hell are those things? Is that the crew?!","더 뭐요?! 저것들은 대체 뭐예요? 저게 승무원들이에요?!"
0x9630B28D,"You're crazy Hammond. You're going to get us all killed.","당신 미쳤어요, 해먼드. 우리 다 죽게 만들 거예요."
0x9630B28F,"The data board is fried but there should be a spare in the Maintenance Bay. There's also a broken tram blocking the tunnel that needs to be repaired. Dammit,  everything is on the other side of this quarantine. We can't reach it from here.","데이터보드가 타 버렸지만, 관리구역에 여분이 있을 거예요. 터널을 막고 있는 고장 난 전동차도 수리해야 해요. 젠장, 전부 이 격리 구역 반대편에 있어요. 여기서는 갈 수가 없어요."
0x9631B29C,"That's it, Isaac! Take that board back to Tram Control and slot it into the computer array. That should get the tram system back online.","그거예요, 아이작! 그 보드를 전동차 조종실로 가져가서 컴퓨터 배열에 꽂아요. 그러면 전동차 시스템이 다시 작동할 거예요."
0x9631B29E,"Isaac, you did it! That tram was blocking the whole system.  When you get the computer online, you'll be able to call the tram from the control room.  Faster the better...I can hear something crawling around out there...","아이작, 해냈네요! 그 전동차가 시스템 전체를 막고 있었어요. 컴퓨터를 작동시키면 조종실에서 전동차를 호출할 수 있을 거예요. 빠를수록 좋아요… 밖에서 뭔가 기어다니는 소리가 들려요…"
0x9631B2A0,"Strange...the quarantine just lifted...","이상하네요… 방금 격리가 해제됐어요…"
0x9631B2A2,"If we live that long.  You're out of your league, Hammond.  This is suicide!  We're going to die out here.","우리가 그때까지 살아 있다면요. 당신 능력 밖의 일이에요, 해먼드. 이건 자살 행위예요! 우린 여기서 죽을 거라고요."
0x9631B2CB,"Just get us out of here alive.","그냥 우리를 여기서 살아서 나가게만 해 줘요."
0x9631B2CF,"That was our ride home... It's the only way off this ship...","그게 우리가 타고 돌아갈 배였는데… 이 우주선에서 나갈 유일한 방법이었다고요…"
0x9632B2D9,"No Hammond! This changes everything!","아니요, 해먼드! 이걸로 모든 게 달라졌어요!"
0x9632B2DB,"It's no good. There's an executive lockdown of all primary systems. Without the Captain's authorization, I can't access them.","소용없어요. 모든 주요 시스템에 간부 봉쇄가 걸려 있어요. 선장의 승인 없이는 접속할 수가 없어요."
0x9632B2DD,"Here he is. Captain Benjamin Mathius. Location... Medlab. Status... Deceased.","여기 있네요. 벤자민 머싸이어스 선장. 위치는… 의료 연구실. 상태는… 사망."
0x9632B2DF,"I can't access that information. Find the Captain and you'll find his RIG. With his authorization codes, I can crack this computer wide open.","그 정보에는 접근할 수 없어요. 선장을 찾으면 선장의 RIG도 찾을 수 있을 거예요. 선장의 승인 코드만 있으면 이 컴퓨터를 완전히 열 수 있어요."
0x9632B2E1,"What was that?","무슨 소리죠?"
0x96459C2C,"Time","시간"
0x96AF84EA,"CALL TRAM?","전동차를 호출하시겠습니까?"
0x96B0C261,"Isaac? Can you hear me? It's Kendra... They attacked me...I ran for it...and Hammond just...he just disappeared.","아이작? 내 말 들려요? 켄드라예요… 놈들이 날 공격해서… 도망쳤는데… 해먼드는 그냥… 그냥 사라져 버렸어요."
0x96B0C28A,"Nice to see you're alive and well, Hammond.","살아서 멀쩡한 모습을 보니 반갑네요, 해먼드."
0x96B0C28B,"I've barricaded myself in the computer core. I can hear them moving outside. But I don't think they know I'm in here--","컴퓨터 코어 안에 방어벽을 치고 숨어 있어요. 밖에서 놈들이 움직이는 소리가 들려요. 그래도 내가 여기 있다는 건 모르는 것 같아요--"
0x96B0C28D,"I can log into everything from here. I hacked the root, and found some reports from the colony. Even before they cracked the planet, the colonists were experiencing widespread dementia.  It seems to be related to some artifact they found on the planet.  Something called ""the Marker.""  I'll keep looking. I've got your location, and I'm going to unlock the door to Fuel Storage. You can get to the engine chamber from there.","여기서는 모든 곳에 접속할 수 있어요. 최상위 권한을 해킹해서 콜로니에서 온 보고서를 몇 개 찾았어요. 행성을 쪼개기 전부터 콜로니 주민들 사이에 치매가 널리 퍼지고 있었대요. 그들이 행성에서 발견한 어떤 유물과 관련이 있는 것 같아요. ""마커""라고 불리는 거요. 계속 찾아볼게요. 당신 위치를 확인했으니, 연료 저장실 문 잠금을 풀어 줄게요. 거기서 엔진실로 갈 수 있어요."
0x96B1C299,"Wait, wait! We're not safe yet. The ship's asteroid defense system is offline. On the way up, the ship's going to pass through a debris field thrown up from the planetcrack... We'll be ripped to pieces unless you restart it.","잠깐, 잠깐만요! 아직 안전하지 않아요. 우주선의 소행성 방어 시스템이 꺼져 있어요. 올라가는 도중에 행성 채굴 때문에 튀어나온 잔해 지대를 지나가게 될 거예요… 그걸 다시 가동하지 않으면 우린 산산조각이 날 거예요."
0x96B4C356,"When were you going to tell us about the artifact, Hammond?  This ""Marker?""","그 유물에 대해선 언제 말해 줄 생각이었어요, 해먼드? 이 ""마커""라는 거요?"
0x96B4C358,"It's on the ship?!","그게 이 우주선에 있다고요?!"
0x96B4C35A,"Really?  CEC didn't know anything about it?  You're lying.","정말요? CEC가 그것에 대해 아무것도 몰랐다고요? 거짓말하지 마요."
0x96B4C35E,"Isaac!  Impact on the bridge, right at your feet!  I'm reading heavy damage, but containment looks solid.    Life support is stabilized.  We've got to get the ADS working!","아이작! 브릿지에 충돌했어요, 바로 당신 발밑이에요! 손상이 심하지만, 격벽은 튼튼해 보여요. 생명유지장치도 안정됐어요. ADS를 작동시켜야 해요!"
0x96B6C3D8,"Isaac, listen up. I've gone over the med-sci reports. These things are BIO-RECOMBINATORS. They take dead tissue, absorb it and molds it into new forms. One iteration seems to have the sole purpose of infecting corpses... The others, well, seem to be making corpses to infect. And that body tissue we keep seeing on the walls is part of it, too. I found a report that says it's a habitat changer. ","아이작, 잘 들어요. 의료 과학 보고서를 살펴봤어요. 이것들은 생체 재조합체예요. 죽은 조직을 흡수해서 새로운 형태로 빚어내요. 어떤 형태는 시체를 감염시키는 것만이 목적인 것 같고… 나머지는, 음, 감염시킬 시체를 만들어 내는 것 같아요. 그리고 벽에 계속 보이는 신체 조직도 그 일부예요. 그게 서식지 변형체라고 적힌 보고서를 찾았어요. "
0x96B6C404,"Wait! Isaac, Hammond...you're not gonna believe this. Oxygen levels are falling. Something's poisoning Hydroponics air production, and whatever it is, it's filling the deck up with that organic stuff. We're not going to have any air to breathe soon.  But if I understand these lab reports correctly, I think I can make a  poison to destroy it. Head to Medical. It should have everything you need.","잠깐만요! 아이작, 해먼드… 이건 믿기 힘들 거예요. 산소 수치가 떨어지고 있어요. 뭔가가 재배구역의 공기 생산을 오염시키고 있는데, 그게 뭐든 갑판을 그 유기물로 채우고 있어요. 곧 숨 쉴 공기가 없어질 거예요. 하지만 이 연구 보고서를 제대로 이해한 거라면, 그걸 없앨 독을 만들 수 있을 것 같아요. 의료 구역으로 가요. 필요한 건 전부 거기 있을 거예요."
0x96B845AF,"Ammo for the Plasma Cutter.","플라즈마 커터 탄약."
0x96D26AF8,"Move","이동"
0x96D53DA1,"Complete Level 6 in Zero-G Basketball","무중력 농구 레벨 6 완료"
0x96E0CE5B,"Shit, Isaac! I can smell the contaminated air from here. It's spreading faster than I expected! I'm trying to isolate it but it's not going to buy us much time! We have to get that thing off this ship! The chemicals you need are in the Chemistry Lab. I'll hack the door for you when you get there. ","젠장, 아이작! 여기서도 오염된 공기 냄새가 나요. 예상보다 빨리 퍼지고 있어요! 격리하려고 애쓰고 있지만 시간을 많이 벌지는 못할 거예요! 그걸 이 우주선에서 없애야 해요! 필요한 화학약품은 화학 연구실에 있어요. 거기 도착하면 문을 해킹해 줄게요. "
0x96E0CE5C,"Looks like someone has reprogrammed the door locks on this deck.  And recently, too. I guess we're not alone here, after all. Someone doesn't want you in this part of the ship. ","누군가 이 갑판의 문 잠금을 다시 프로그래밍한 것 같아요. 그것도 최근에요. 결국 여기 우리만 있는 게 아니었나 봐요. 누군가 당신이 우주선의 이 구역에 오는 걸 원하지 않아요. "
0x96E0CE5F,"Someone keeps shutting down the door protocol. I've bypassed the lock! Go!","누군가 계속 문 프로토콜을 차단하고 있어요. 잠금을 우회했어요! 가요!"
0x96E1CE6E,"Now you need to find a DNA sample of the growth. According to lab records, there's an inert sample stored in the ICU.  A Dr. Mercer was apparently doing intensive research on it. I've been trying to contact Hammond but all I'm getting is static! Isaac, you've got to hurry!","이제 그 증식체의 DNA 샘플을 찾아야 해요. 연구 기록에 따르면 중환자실에 비활성 샘플이 보관되어 있어요. 머서 박사라는 사람이 그걸 집중적으로 연구하고 있었던 것 같아요. 해먼드에게 계속 연락하고 있는데 잡음만 들려요! 아이작, 서둘러요!"
0x96E1CE9C,"That's it, Isaac! Now you just need to finish mixing the poison.","그거예요, 아이작! 이제 독극물 혼합만 끝내면 돼요."
0x96E1CE9D,"Who the hell was that?! Isaac, he's decompressed the entire deck and I'm being locked out of those systems! All the air has been vented into space! You should be able to bring it back online from the Security Station, but you don't have much time!","대체 누구였죠?! 아이작, 그자가 갑판 전체의 압력을 빼 버렸고 난 그 시스템에 접근할 수 없게 됐어요! 공기가 전부 우주로 배출됐어요! 보안 구역에서 다시 복구할 수 있을 텐데, 시간이 별로 없어요!"
0x96E1D346,"HULL INTEGRITY","선체 내구도"
0x96E2CEA7,"Hammond!  Where the hell have you been?","해먼드! 대체 어디 있었던 거예요?"
0x96E2CEA9,"You've got everything you need to make the poison. Now get back to the Chemistry Lab!","독극물을 만들 재료는 전부 구했어요. 이제 화학 연구실로 돌아가요!"
0x96E2CEAB,"You're cutting out, Hammond! I'm going to try to switch over... Shit! I lost his signal! I'll continue scanning for his location! You have to get that compound mixed!","끊기고 있어요, 해먼드! 다른 채널로 바꿔 볼게요… 젠장! 신호를 놓쳤어요! 계속 해먼드 위치를 찾아볼게요! 당신은 그 화합물을 혼합해야 해요!"
0x96E2CEAF,"Let's hope that poison works! Head back to the tram station, and get up to Hydroponics as fast as you can. Still no response from Hammond so be careful! There's no telling how contaminated that deck is.","독이 효과가 있기를 빌어요! 정거장으로 돌아가서 최대한 빨리 재배구역으로 올라가요. 해먼드는 아직 응답이 없으니 조심해요! 그 갑판이 얼마나 오염됐는지 알 수가 없어요."
0x96E2CEB0,"You can't kill it, Isaac! It's just going to keep regenerating!  Get out of there, run!","그건 죽일 수 없어요, 아이작! 계속 재생할 거예요! 거기서 나와요, 뛰어요!"
0x96E2CED8,"Let's just  hope that's the last we see of that...thing.  I've managed to override Mercer's lockdown. There's a secondary tram station nearby and you can take to Hydroponics. Let's just hope there's enough time.","그… 괴물을 보는 게 이번이 마지막이길 빌어요. 머서의 봉쇄를 간신히 무력화했어요. 근처에 보조 정거장이 있으니 거기서 재배구역으로 갈 수 있어요. 시간이 충분하길 빌어요."
0x96E3CEEF,"Hammond! I thought you were dead! You need to get to cleaner air! You're not going to be able to help Isaac in your condition. Isaac, I'm scanning the area now. He's right, there's something really big in Food Storage, but I can't get a good scan. Monitor readings are off the scale. Be careful!","해먼드! 죽은 줄 알았어요! 더 깨끗한 공기가 있는 곳으로 가야 해요! 그 상태로는 아이작을 도울 수 없어요. 아이작, 지금 그 구역을 스캔하고 있어요. 해먼드 말이 맞아요, 식량 저장고에 정말 거대한 뭔가가 있는데 제대로 스캔이 안 돼요. 모니터 수치가 측정 범위를 벗어났어요. 조심해요!"
0x96E3CF17,"That's the door to Food Storage. But I can't override the integrity lockdown.  You have to destroy the pods to bring the air quality up.   Then you can go through and use the poison on the Leviathan.  ","그게 식량 저장고로 가는 문이에요. 하지만 내구도 봉쇄를 강제 해제할 수가 없어요. 공기 질을 높이려면 포드들을 파괴해야 해요. 그러면 안으로 들어가서 거대괴물에게 독을 쓸 수 있어요.  "
0x96E3CF1C,"That's the last one, Isaac. There's a switch in Atmosphere Control to restart the oxygen recycling. Once the air's clean, you can get into Food Storage. Isaac, I've been reading these reports...the crew all began having mass hallucinations.  And...well, I just saw my brother on a security monitor.  And that's just not possible...","그게 마지막이에요, 아이작. 대기 조절실에 산소 재순환을 재가동하는 스위치가 있어요. 공기가 깨끗해지면 식량 저장고에 들어갈 수 있어요. 아이작, 이 보고서들을 읽고 있는데… 승무원들 모두가 집단 환각을 겪기 시작했대요. 그리고… 음, 방금 보안 모니터에서 제 동생을 봤어요. 그건 불가능한데…"
0x97016766,"UNITOLOGY ARTICLE","유니톨로지 기사"
0x972BD11F,"Dammit, the poison wasn't strong enough. It's still alive! Get in there and kill it, before it contaminates the entire ship!","젠장, 독이 충분히 강하지 않았어요. 아직 살아 있어요! 들어가서 그걸 죽여요, 우주선 전체를 오염시키기 전에!"
0x972BD120,"Isaac, you did it! Hammond? Do you read? Oxygen levels are returning to normal.","아이작, 해냈어요! 해먼드? 들려요? 산소 수치가 정상으로 돌아오고 있어요."
0x972BD121,"Dammit! He's gone again! No sign of his RIG anywhere! It's up to us now. I've got a plan to get off this ship! I've located an SOS beacon on the Mining Deck. If you can get down there and activate it, we might be able to send a distress call.","젠장! 또 사라졌어요! 어디에서도 RIG 신호가 안 잡혀요! 이제 우리한테 달렸어요. 이 우주선에서 나갈 계획이 있어요! 채굴 갑판에서 SOS 신호기를 찾았어요. 거기로 내려가서 작동시킬 수 있다면, 조난신호를 보낼 수 있을지도 몰라요."
0x972BD122,"Oh god.  I don't know how much longer that door will hold...","맙소사. 저 문이 얼마나 더 버틸지 모르겠어요…"
0x972BD123,"This may be our last chance of getting out of here alive, Isaac. There's an asteroid loaded up in the mining bay, waiting to be smelted. If you attach the SOS beacon to it, you can launch it away from the ship to make a clean broadcast. The beacon's  on the Maintenance sub deck. You can launch the asteroid from the control room. Damn, the control room is locked.  It looks like they keep an emergency access key on the Processing sub deck. Couldn't be easy, could it? I don't know how much more of this I can take. ","이게 여기서 살아서 나갈 마지막 기회일지도 몰라요, 아이작. 채굴 작업장에 제련을 기다리는 소행성이 실려 있어요. 거기에 SOS 신호기를 부착하고 우주선 밖으로 발사하면 깨끗한 신호를 송출할 수 있어요. 신호기는 관리구역 하부 갑판에 있어요. 소행성은 통제실에서 발사할 수 있고요. 젠장, 통제실이 잠겨 있네요. 처리 작업 하부 갑판에 비상 출입 열쇠를 보관하고 있는 것 같아요. 쉬운 게 하나도 없네요, 그렇죠? 얼마나 더 버틸 수 있을지 모르겠어요. "
0x972BD14E,"That's the key, Isaac. It'll get you into the Control Room so you can launch the asteroid. Don't forget to attach the beacon first! I read another report on the colonist's dementia.  It seemed to start after they removed the Marker from the planet.  God knows how long it was down there.","그게 열쇠예요, 아이작. 그걸로 통제실에 들어가서 소행성을 발사할 수 있어요. 먼저 신호기를 부착하는 걸 잊지 마요! 콜로니 주민들의 치매에 관한 다른 보고서를 읽었어요. 행성에서 마커를 옮긴 뒤부터 시작된 것 같아요. 그게 얼마나 오랫동안 거기 묻혀 있었는지는 아무도 모르죠."
0x972CD165,"Isaac! Hey, I lost your signal for a while. You had me worried... I see you've got the beacon, so head for the mining bay and attach it to the asteroid. I've been running trajectory calculations and if we launch soon, there's a good chance the asteroid can reach a safe distance to begin transmitting!  Still no sign of Hammond.  In his state, I can't imagine he's still alive...","아이작! 잠깐 신호를 놓쳤었어요. 걱정했잖아요… 신호기를 구했네요, 채굴 작업장으로 가서 소행성에 부착해요. 궤도 계산을 해 봤는데, 곧 발사하면 소행성이 송신을 시작할 수 있는 안전한 거리까지 도달할 가능성이 높아요! 해먼드는 아직 소식이 없어요. 그 상태로는 아직 살아 있을 거라고 생각하기 힘들어요…"
0x972CD18D,"Beacon's on it's way! All functions normal, and broadcasting wide band. Now we just have to hope somebody's listening.  I'll position the array receiver. I thought I saw my brother again.  He waved to me.  Like nothing was wrong. Okay, I should be able to leave this channel open... What? The comms Array receiver isn't responding! Isaac, can you get back to the bridge? We need that array online or we can't receive signals from anyone responding to the beacon!","신호기가 출발했어요! 모든 기능 정상, 광대역으로 송신 중이에요. 이제 누군가 듣고 있기만 바라야죠. 배열 수신기를 위치시킬게요. 또 동생을 본 것 같아요. 나한테 손을 흔들었어요. 아무 일도 없다는 듯이. 좋아요, 이 채널은 열어 둘 수 있을 거예요… 뭐야? 통신배열 수신기가 응답하지 않아요! 아이작, 브릿지로 돌아올 수 있어요? 배열이 작동하지 않으면 신호기에 응답하는 누구의 신호도 받을 수 없어요!"
0x972CD18E,"Things are looking up! A military ship just shocked in! The USM Valor...I don't know what it was doing out there, but it must have gotten our distress signal.  We can't talk to it until that Comms Array is fixed.  I'm going to hack the door to Communications for you. Get in there and find the Comms Control Station.","상황이 좋아지고 있어요! 방금 군함 한 척이 쇼크포인트 도약으로 나타났어요! USM 밸러예요… 저기서 뭘 하고 있었는지는 모르겠지만, 우리 조난신호를 받은 게 틀림없어요. 통신배열을 고치기 전까지는 교신할 수 없어요. 통신실 문을 해킹해 줄게요. 들어가서 통신 조종 장치를 찾아요."
0x972CD18F,"Isaac, the door to Communications  is open. But I've been getting some weird feedback spikes on the local comms. I think someone's listening in on us, so be careful.","아이작, 통신실 문이 열렸어요. 그런데 근거리 통신에 이상한 피드백 신호가 계속 잡혀요. 누군가 우리 대화를 엿듣고 있는 것 같으니 조심해요."
0x972DD19C,"That Comms Array is in bad shape.  We need at least six working dishes for a strong enough signal.   Make sure they're aligned symmetrically so there are no power gaps.","그 통신배열은 상태가 엉망이에요. 충분히 강한 신호를 보내려면 작동하는 안테나가 최소 여섯 개는 필요해요. 전력 공백이 생기지 않도록 대칭으로 정렬해야 해요."
0x972DD19D,"That's it, it's working! Get back to Communications and use the control panel to send our coordinates to the Valor!","됐어요, 작동해요! 통신실로 돌아가서 조종 패널로 밸러에 우리 좌표를 보내요!"
0x972DD1A2,"What? Isn't that the escape pod Hammond jettisoned? One of those things was onboard! No! No, this isn't going to happen! USM Valor! Come in Valor! Our signal isn't strong enough.  I'm going to open the blast doors to boost the signal.","뭐죠? 저거 해먼드가 사출한 탈출포드 아니에요? 그 안에 놈들 중 하나가 타고 있었어요! 안 돼! 안 돼, 이렇게 둘 순 없어! USM 밸러! 응답하라, 밸러! 신호가 충분히 강하지 않아요. 신호를 증폭하려면 방화문을 열어야겠어요."
0x972DD1A4,"Shit!  Isaac, there's something big on the hull of the ship, directly above the Comms Array.  Something organic.  I don't know what it is, and I don't care.  We have to get the doors open to transmit to the Valor. You should have a clear shot from ADS cannon 48.  Get to the cannon and blow it out into space!","젠장! 아이작, 선체 위, 통신배열 바로 위에 뭔가 커다란 게 있어요. 유기체 같아요. 그게 뭔지 모르겠고, 알고 싶지도 않아요. 밸러에 송신하려면 문을 열어야 해요. ADS 캐논 48에서라면 정확히 조준할 수 있을 거예요. 캐논으로 가서 그걸 우주로 날려 버려요!"
0x972DD1CC,"USM Valor, this is Kendra Daniels on the USG Ishimura, come in! Do not open the escape pod. USM Valor, this is Kendra Daniels on the USG Ishimura, come in! Do not open the escape pod! Dammit, respond!","USM 밸러, 여기는 USG 이시무라의 켄드라 다니엘스다, 응답하라! 탈출포드를 열지 마라. USM 밸러, 여기는 USG 이시무라의 켄드라 다니엘스다, 응답하라! 탈출포드를 열지 마! 젠장, 응답해!"
0x972DD1CF,"Why did they open the pod?! Dammit...","왜 포드를 연 거야?! 젠장…"
0x972DD1D0,"Oh my god, It's heading right for us! Isaac! ISAAC! Get the fuck out of there! It's going to crash into the ship.","맙소사, 이쪽으로 곧장 오고 있어요! 아이작! 아이작! 당장 거기서 나와요! 우주선에 충돌할 거예요."
0x972ED1DA,"Hammond?  Where have you been?","해먼드? 어디 있었어요?"
0x972ED1DD,"Isaac, if what he says is true about the shuttle, we might have a chance of getting out of here. Head to the cargo bay and see if you can help Hammond...in his condition, he may not last long.","아이작, 해먼드가 말한 우주선 얘기가 사실이라면, 여기서 빠져나갈 기회가 생길지도 몰라요. 화물칸으로 가서 해먼드를 도울 수 있는지 봐요… 저 상태로는 오래 버티지 못할 거예요."
0x9731D29B,"Isaac, I've lost him again! No signal from Hammond's RIG... Find the singularity core and get the hell out of there!","아이작, 또 해먼드를 놓쳤어요! 해먼드의 RIG 신호가 없어요… 특이성 코어를 찾아서 거기서 빨리 나와요!"
0x9731D29C,"The part you're looking for will be in the engine room at the back of the ship! I'm reading massive damage, so you may need to find an alternate route to get there!","찾는 부품은 함선 뒤쪽 엔진실에 있을 거예요! 손상이 심한 것으로 나오니, 거기 가려면 다른 경로를 찾아야 할지도 몰라요!"
0x9731D2C9,"I just lost all of Hammond's vitals!  Is he dead?  Oh god. It's just us now, Isaac...","방금 해먼드의 생체 신호가 전부 사라졌어요! 죽은 거예요? 맙소사. 이제 우리뿐이에요, 아이작…"
0x9731D2CA,"Is that it? You got it? Oh my god, you got it!  That's the piece we need. Get to the Crew deck! ","그거예요? 구했어요? 세상에, 구했네요! 그게 우리한테 필요한 부품이에요. 승무원 갑판으로 가요! "
0x9732D2DF,"Isaac, I've located the shuttle Hammond found. Shit! No good. That shuttle's brain dead. Someone removed the navigation cards, God knows why.  There's three of them scattered around the deck.  I'm downloading their locations. I can't access the doors from here, so you'll need a Crew Key.  If you can find those parts, I think we can get that shuttle operational again!","아이작, 해먼드가 찾은 우주선 위치를 찾았어요. 젠장! 소용없어요. 저 우주선은 두뇌가 죽었어요. 누군가 운항카드를 빼 갔어요, 도대체 왜 그랬는지. 카드 세 장이 갑판 여기저기 흩어져 있어요. 위치를 다운로드하고 있어요. 여기서는 문에 접근할 수 없으니, 승무원 열쇠가 필요할 거예요. 그 부품들을 찾으면, 저 우주선을 다시 작동시킬 수 있을 것 같아요!"
0x9733D349,"Isaac, be careful with Dr. Kyne. A lot of what I've discovered so far has come from his records... the man has clearly gone insane. He might be unstable, maybe even violent.","아이작, 카인 박사를 조심해요. 지금까지 알아낸 것 중 상당 부분이 그 사람 기록에서 나왔는데… 그 사람은 확실히 미쳤어요. 불안정할 수도 있고, 어쩌면 폭력적일 수도 있어요."
0x9734D35A,"I don't know if Kyne is crazy or not, but we need that shuttle. Let's keep him on our side... for now.","카인이 미쳤는지 아닌지는 모르겠지만, 우린 저 우주선이 필요해요. 일단은 우리 편으로 두죠… 지금은요."
0x9734D385,"I restored power to the elevator.  Take it up to the Hangar Bay and get that Marker on the shuttle.  I'm heading up to the flight deck now. Oh god...I'm just going to run for it...wish me luck.","엘리베이터에 전원을 복구했어요. 그걸 타고 격납고로 올라가서 마커를 우주선에 실어요. 저는 지금 비행 갑판으로 올라갈게요. 맙소사… 그냥 뛰어가야겠어요… 행운을 빌어 줘요."
0x9737161D,"Unprocessed employee detected. Welcome CEC employee...  Isaac Clarke...  to the USG Ishimura.","미등록 직원 감지. 환영합니다, CEC 직원… 아이작 클라크… USG 이시무라에 오신 것을 환영합니다."
0x9737161E,"The Ishimura was the first Planetcracker-class vessel, and is now the oldest serving, with 62 years of continuous service.","이시무라는 최초의 플래닛 크래커급 함선이며, 62년간 쉬지 않고 운용되어 현재 가장 오래된 현역 함선입니다."
0x9737161F,"It holds the record for highest number of planetcracks, with 34 to date-","현재까지 34회로 최다 행성 분쇄 기록을 보유하고 있으며-"
0x97371620,"-- and highest deadweight of refined product, at 14 trillion kilotons and counting.","-- 정제 산물 최대 적재량 또한 14조 킬로톤으로 기록을 계속 경신하고 있습니다."
0x97381629,"Whether you'll be joining us aboard the Ishimura or strengthening the extraction workforce on the colony, the captain and crew would like to welcome you and we hope your stay is a pleasant one. Concordance Extraction Company - ""Powering humanity into the future.","이시무라에 승선해 저희와 함께하시든, 콜로니의 채굴 인력에 힘을 보태시든, 선장과 승무원 일동은 여러분을 환영하며 즐거운 시간이 되시기를 바랍니다. 콘코던스 채굴 회사 - ""인류의 미래에 동력을 공급합니다."
0x975CDD2E,"Sorry, Isaac, I couldn't let him go through with it. I suppose I should thank him for finding the Marker. We even managed without help from the USM Valor... Thank you for helping me find it, by the way. My department's been looking for this place for a long time. See, what Kyne didn't know was, it was the government's mess to begin with. This whole planet was one big experiment. The Marker? This ""divine relic""? Made by man.  They reverse-engineered it a couple of hundred years ago from the REAL Marker, a true alien artifact recovered on Earth.  They dug it up, studied it, and made it their own. Then they brought it to Aegis 7, and activated it.  And you've seen the result.  The stuff of nightmares.  They sealed the system, and no one would have been the wiser.  But then CEC blunders in and starts tearing the planet apart.  The experiment was still alive.  Kyne was right about the Hive Mind.  The Marker would contain it...but that doesn't matter now, does it?  I have the Marker, and this entire system can go to hell. For what it's worth, you did a great job, Isaac. See you around... Or maybe not.","미안해, 아이작. 그자가 그 일을 끝까지 하게 둘 수는 없었어. 마커를 찾아 준 건 그자에게 고마워해야겠지. USM 밸러의 도움도 없이 해냈으니까… 그건 그렇고, 마커 찾는 걸 도와줘서 고마워. 우리 부서는 오랫동안 이곳을 찾고 있었거든. 카인이 몰랐던 게 있는데, 애초에 이건 정부가 저질러 놓은 일이었어. 이 행성 전체가 하나의 거대한 실험이었어. 마커? 이 ""신성한 유물""이? 인간이 만든 거야. 지구에서 발굴된 진짜 외계 유물인 진짜 마커를 몇백 년 전에 역설계해서 만든 거지. 그걸 파내고, 연구하고, 자기들 것으로 만들었어. 그리고 이지스 7로 가져와서 작동시켰지. 그 결과는 너도 봤잖아. 악몽 그 자체. 그들은 이 항성계를 봉쇄했고, 아무도 알아채지 못했을 거야. 그런데 CEC가 멋모르고 끼어들어서 행성을 뜯어내기 시작한 거지. 실험은 아직 살아 있었어. 하이브 마인드에 대해서는 카인이 옳았어. 마커가 그걸 억누를 수 있었을 테니까… 하지만 이제 그건 상관없잖아, 안 그래? 마커는 내 손에 있고, 이 항성계 전체는 지옥에나 떨어지라지. 어쨌든, 넌 정말 훌륭하게 해냈어, 아이작. 또 보자… 아니면 못 보거나."
0x975CDD32,"Isaac, what the hell are you doing?! You're making a big mistake. This is not over!","아이작, 대체 무슨 짓이야?! 큰 실수를 하는 거야. 아직 끝나지 않았어!"
0x975DDD6D,"Isaac, Isaac... You really didn't  think I was going to just walk away, did you? I can't do that. The Marker's coming with me. It's a shame... I was starting to like you. Even if you are insane. What, you don't believe me? Take a look at yourself. Better yet, take a look at that video from Nicole. And this time, watch it right to the end...","아이작, 아이작… 설마 내가 그냥 떠날 거라고 생각한 건 아니지? 그럴 수는 없어. 마커는 나랑 같이 가야 해. 안타깝네… 너한테 호감이 생기기 시작했는데. 네가 미쳤다고 해도 말이야. 뭐, 못 믿겠어? 너 자신을 봐. 아니, 그보다 니콜이 보낸 그 영상을 봐. 이번엔 끝까지 봐…"
0x975DDD6F,"See! You're insane. Just like Kyne, just like the Captain. Nicole has been dead this whole time.  Whatever you were seeing...was caused by that.  You were its pawn. But don't worry.  It will be in good hands, now.  Far away from this damned place. Goodbye, Isaac","봐! 넌 미쳤어. 카인처럼, 선장처럼. 니콜은 줄곧 죽어 있었어. 네가 본 게 뭐든… 그건 저것 때문이었어. 넌 저것의 꼭두각시였던 거야. 하지만 걱정 마. 이제 저건 믿을 만한 사람 손에 있으니까. 이 빌어먹을 곳에서 멀리 떨어진 곳으로 갈 거야. 잘 가, 아이작"
0x975DDD70,"Oh my God!","맙소사!"
0x975DDDA0,"Isaac, that son of a bitch just overrode the door lock!  I'll try to run a bypass.  Hold on!","아이작, 저 개자식이 방금 문 잠금을 강제로 걸었어요! 우회해 볼게요. 버텨요!"
0x975DDDA1,"Okay, I bypassed the lock!  Get out of there!","좋아요, 잠금을 우회했어요! 거기서 나와요!"
0x975EDDAB,"Run Issac!","뛰어요, 아이작!"
0x975EDDAC,"Get the hell out of there!","거기서 빨리 나와요!"
0x975EDDAD,"Run Isaac, find a weapon somewhere!","뛰어요, 아이작, 어디서든 무기를 찾아요!"
0x975EDDAE,"Run Isaac, get to the elevator! Run!","뛰어요, 아이작, 엘리베이터로 가요! 뛰어요!"
0x976253B4,"This is Benson. Everybody listen up! They're using the vents! That's how they're getting around the ship! Stay away from the vents...","여기는 벤슨이다. 다들 잘 들어! 놈들은 환기구를 이용한다! 그렇게 우주선 안을 돌아다니는 거야! 환기구에서 떨어져…"
0x976253B6,"Get back! Get back!","물러서! 물러서!"
0x976353F3,"This is Benson, tram engineering. We think we've figured it out. Smith killed one! Listen, forget about shooting them in the body, you gotta cut off the limbs. Grab a cutter, anything like that. Cut them apart!","여기는 전동차 정비부 벤슨이다. 알아낸 것 같다. 스미스가 한 놈을 죽였어! 잘 들어, 몸통을 쏠 생각은 버려, 팔다리를 잘라야 해. 커터든 뭐든 그런 걸 집어. 토막을 내!"
0x976353F5,"Listen up, car 8 is trashed.  We managed to get it back to the repair depot, but now the auto-loader is fried.  I need a Stasis module brought down here now!  If we don't get this piece of shit off the tracks, it's going to jam up the whole system!","잘 들어, 8번 차량이 박살 났다. 간신히 수리 창고까지 끌고 왔는데, 이번엔 자동 적재기가 타 버렸어. 당장 감속장비를 여기로 가져와! 이 망할 고철을 선로에서 치우지 않으면 시스템 전체가 막혀 버린다고!"
0x976E0C7D,"Buy?","구입?"
0x978C2050,"DEACTIVATING","비활성화 중"
0x97DDED6D,"Isaac, one of the Valor's weapons ripped open in the crash. Those green orbs you see are highly radioactive, and the Valor's airlock has sealed itself.  You're going to have to throw those into space before you can get into the ship.\n","아이작, 충돌 때 밸러의 무기 하나가 찢어졌어요. 보이는 녹색 구체들은 방사능이 매우 강하고, 밸러의 밀폐실은 스스로 봉인됐어요. 우주선에 들어가려면 그것들을 우주로 던져 버려야 해요.\n"
0x97DDED6E,"It looks like some of the gravity plating is malfunctioning. Keep an eye out for any kind of distortion effect coming from the floor. It could be dangerous.","중력판 일부가 오작동하는 것 같아요. 바닥에서 올라오는 일그러짐 효과를 잘 살펴봐요. 위험할 수 있어요."
0x97DDED6F,"Isaac, it's Kendra. It looks like the door to the storage room is locked. There should be a key somewhere in the maintenance bay.","아이작, 켄드라예요. 보관실 문이 잠겨 있는 것 같아요. 관리구역 어딘가에 열쇠가 있을 거예요."
0x97DFEDF1,"There's a failsafe on the processing control door.  It won't open until gravity is restored.  But you can't turn on the gravity until those boulders are cleared from the room.  Maybe you can dump them into that gravity beam with your Kinesis gun.","처리실 조종실 문에 안전장치가 걸려 있어요. 중력이 복구되기 전까지는 열리지 않아요. 하지만 방에서 저 바위들을 치우기 전까지는 중력을 켤 수 없어요. 유도장비로 바위들을 저 중력 빔 속에 던져 넣으면 될지도 몰라요."
0x9817DE42,"Reload","재장전"
0x9827F052,"Isaac, you still need to find the data board to the tram computer. It's in the Maintenance Bay.","아이작, 아직 전동차 컴퓨터용 데이터보드를 찾아야 해요. 관리구역에 있어요."
0x9828F08F,"Looks like that door is malfunctioning, Isaac.  Try using the Stasis Module you just picked up.","그 문이 오작동하는 것 같아요, 아이작. 방금 주운 감속장비를 사용해 봐요."
0x9828F090,"Your Stasis module should be able to help you with that arm mechanism.","그 기계팔 장치는 감속장비로 해결할 수 있을 거예요."
0x9828F091,"You still need to plant the beacon onto the shuttle, Isaac, before you launch the asteroid","아이작, 소행성을 발사하기 전에 아직 신호기를 우주선에 설치해야 해요"
0x9828F092,"The life support system in Sleep Block B has been shut down.  You'll have to find an override nearby to get to the door.","취침실 B의 생명유지장치가 정지됐어요. 문으로 가려면 근처에서 강제 해제 장치를 찾아야 해요."
0x9828F093,"You're close to the chemistry station.  Once you get the chemicals, you're also going to need a DNA sample of the alien tissue.  I'll search the records for one.","화학 처리기 근처에 왔어요. 화학약품을 구하면 외계 조직의 DNA 샘플도 필요할 거예요. 기록에서 찾아볼게요."
0x9828F094,"Isaac, I patched into the deck's security system.  It took some work, but I've got the door to the Maintenance Bay unlocked. The data board should be somewhere inside","아이작, 갑판 보안 시스템에 접속했어요. 좀 애먹었지만 관리구역 문 잠금을 풀었어요. 데이터보드는 안쪽 어딘가에 있을 거예요"
0x982CF162,"The mining sub deck is offline for some reason, Isaac.  I'll see if I can run a bypass.","아이작, 어떤 이유에선지 채굴 하부 갑판이 작동하지 않아요. 우회할 수 있는지 볼게요."
0x982CF163,"I've got elevator access to the mining sub deck.  It was a security lockdown, although I don't think it helped them.  Now that you've got the beacon and the key, head over there. It looks like the asteroid is held in place by some gravity tethers.  You'll have to knock those out before you can launch it.","채굴 하부 갑판으로 가는 엘리베이터 접근 권한을 얻었어요. 보안 봉쇄였는데, 그들한테 도움이 된 것 같진 않네요. 이제 신호기와 열쇠를 구했으니 그쪽으로 가요. 소행성이 중력 올가미 몇 개로 고정되어 있는 것 같아요. 발사하기 전에 그것들을 무력화해야 해요."
0x982CF18B,"I've got more intel on the atmosphere.  A survivor's report says that a  massive creature entered the Hydroponics deck from outside the ship.  That's when the air quality began degrading. The survivor called it...the Leviathan","대기에 대한 정보를 더 찾았어요. 한 생존자의 보고에 따르면 거대한 생물이 우주선 밖에서 재배구역 갑판으로 들어왔대요. 그때부터 공기 질이 나빠지기 시작했어요. 그 생존자는 그걸… 레비아단이라고 불렀어요"
0x982F3509,"IMPACT","충돌"
0x98479ADE,"HAMMOND'S ASSISTANCE","해먼드의 지원"
0x985AFCE2,"I suppose I should be glad that Hammond's alive, but I still don't trust him.  I think he's hiding something about the Marker.","해먼드가 살아 있는 건 다행이지만, 여전히 믿을 수가 없어요. 마커에 대해 뭔가 숨기고 있는 것 같아요."
0x985CFD2E,"Your Stasis module should be able to help you with that.","감속장비로 해결할 수 있을 거예요."
0x98831A35,"RESTORE GRAVITY","중력 복구"
0x98CDBE8D,"INTERRUPTED","방해"
0x98CFBEF2,"ADS Mouse Sensitivity","ADS 마우스 감도"
0x98D27D2A,"[UI_Select]Select","[UI_Select]선택"
0x98E62462,"A MESSAGE","메시지"
0x98EFDEE7,"Increases Inventory slots and Armor.","가방의 용량과 방어력이 증가한다."
0x992EE8C5,"Andrew & Toffee","Andrew & Toffee"
0x992EE8C6,"Anne Mannucci","Anne Mannucci"
0x992EE8C7,"Antony Johnston","Antony Johnston"
0x992EE8C8,"Ari, T-Bone, Bay-way & AshyBashy","Ari, T-Bone, Bay-way & AshyBashy"
0x992EE8C9,"Ashley Eads","Ashley Eads"
0x992EE8CA,"Ashley Tanti","Ashley Tanti"
0x992EE8CB,"Barbara, Nicole, Kyle and Caitlyn","Barbara, Nicole, Kyle and Caitlyn"
0x992EE8CC,"Bart Cobbaert","Bart Cobbaert"
0x992EE8CD,"Becca and Jack, for everything","Becca and Jack, 모든 것에 감사하며"
0x992EE8CE,"Becky and my family","Becky, 그리고 우리 가족"
0x992FE904,"Behr Behr","Behr Behr"
0x992FE905,"Ben Templesmith","Ben Templesmith"
0x992FE906,"Brian Deppiesse","Brian Deppiesse"
0x992FE907,"Carl, Igue, Zoe, Billie and Nina","Carl, Igue, Zoe, Billie and Nina"
0x992FE908,"Caroline Zelaya","Caroline Zelaya"
0x992FE909,"Cat Wells","Cat Wells"
0x992FE90A,"Cessmi, Darius, and Charlize","Cessmi, Darius, and Charlize"
0x992FE90B,"Chris Seifert","Chris Seifert"
0x992FE90C,"Christian Ponziani","Christian Ponziani"
0x992FE90D,"Craig Auld","Craig Auld"
0x9930E943,"Cynthia, Jacqueline, Nicholas & Lucas","Cynthia, Jacqueline, Nicholas & Lucas"
0x9930E944,"Dan Davis","Dan Davis"
0x9930E945,"David Jackson","David Jackson"
0x9930E946,"Debra, Luka, Tomiko & Kenji","Debra, Luka, Tomiko & Kenji"
0x9930E947,"To my lovely wife, Dawn Pollak","사랑하는 아내 Dawn Pollak에게"
0x9930E948,"Eddie Chung","Eddie Chung"
0x9930E949,"Eleni Nikitas","Eleni Nikitas"
0x9930E94A,"Emma and Vianne, I love you!","Emma and Vianne, 사랑해!"
0x9930E94B,"Emma Fisci","Emma Fisci"
0x9930E94C,"Eric Vaughn","Eric Vaughn"
0x9931E982,"Eric, Toulouse, and Nuendo","Eric, Toulouse, and Nuendo"
0x9931E983,"Errol Chopping and Andrew Lacey","Errol Chopping and Andrew Lacey"
0x9931E984,"Eunkyoung Lee Swearingen","Eunkyoung Lee Swearingen"
0x9931E985,"Ferry Brands","Ferry Brands"
0x9931E986,"Gareth Foster","Gareth Foster"
0x9931E987,"Gino Castro","Gino Castro"
0x9931E988,"Gloria Valadez","Gloria Valadez"
0x9931E989,"G-Net Media","G-Net Media"
0x9931E98A,"Greg Burton","Greg Burton"
0x9931E98B,"Greg Gervin","Greg Gervin"
0x9932E9C1,"Guy and Ryan of Pape Meat Co.","Pape Meat Co. 의 Guy and Ryan"
0x9932E9C2,"Hammer Creative Advertising","Hammer Creative Advertising"
0x9932E9C3,"Hans Moe","Hans Moe"
0x9932E9C4,"Henrik Jurgens","Henrik Jurgens"
0x9932E9C5,"Ian Freitas","Ian Freitas"
0x9932E9C6,"Image Comics","Image Comics"
0x9932E9C7,"Inna Chizkova","Inna Chizkova"
0x9932E9C8,"Ivan Kako","Ivan Kako"
0x9932E9C9,"Jaap Tuinman","Jaap Tuinman"
0x9932E9CA,"Jacob and Matthew Wrede","Jacob and Matthew Wrede"
0x9933EA00,"Jake Ushijima","Jake Ushijima"
0x9933EA01,"Jacquelou DeGuzman","Jacquelou DeGuzman"
0x9933EA02,"Jason Byrum","Jason Byrum"
0x9933EA03,"Jason Woodward","Jason Woodward"
0x9933EA04,"Jasper & Sabina","Jasper & Sabina"
0x9933EA05,"Jennifer Martin","Jennifer Martin"
0x9933EA06,"Jenny","Jenny"
0x9933EA07,"Jesse Dishart","Jesse Dishart"
0x9933EA08,"Joe Keatinge","Joe Keatinge"
0x9933EA09,"Joe Reeder, Bri and Zie","Joe Reeder, Bri and Zie"
0x9934EA3F,"John Burns","John Burns"
0x9934EA40,"John Sicat","John Sicat"
0x9934EA41,"Josh Marguilies","Josh Marguilies"
0x9934EA42,"JP Dolan","JP Dolan"
0x9934EA43,"Julie Pitts","Julie Pitts"
0x9934EA44,"Justine Boler","Justine Boler"
0x9934EA45,"Kai, Crystal, and Mom","Kai, Crystal, 그리고 엄마"
0x9934EA46,"Kevin Carney","Kevin Carney"
0x9934EA47,"Kevin Patterson","Kevin Patterson"
0x9934EA48,"Ktamas Kovats","Ktamas Kovats"
0x9935EA7E,"For my love, my all - Liliana and Alyssa Condrey","나의 사랑, 나의 전부 - Liliana and Alyssa Condrey"
0x9935EA7F,"Laura Papoutsis","Laura Papoutsis"
0x9935EA80,"Liana Kishi, Tyler Leong, Tegan Leong","Liana Kishi, Tyler Leong, Tegan Leong"
0x9935EA81,"Lidia Zalewska","Lidia Zalewska"
0x9935EA82,"Lily and Ian","Lily and Ian"
0x9935EA83,"Linda McCulloch","Linda McCulloch"
0x9935EA84,"Lohan & Alejandro","Lohan & Alejandro"
0x9935EA85,"Lorna and Zoe","Lorna and Zoe"
0x9935EA86,"Margrethe and Little Miss","Margrethe and Little Miss"
0x9935EA87,"Mariann Tam","Mariann Tam"
0x9936EABD,"Mario Valle","Mario Valle"
0x9936EABE,"Markus Koenig","Markus Koenig"
0x9936EABF,"Marlo, Maya and Justin","Marlo, Maya and Justin"
0x9936EAC0,"Martin Brundin","Martin Brundin"
0x9936EAC1,"Melody and Leoni Mai","Melody and Leoni Mai"
0x9936EAC2,"Michael Galli","Michael Galli"
0x9936EAC3,"Michael Herst","Michael Herst"
0x9936EAC4,"Mohamed A. Fattouh","Mohamed A. Fattouh"
0x9936EAC5,"Molly Ten Broeck","Molly Ten Broeck"
0x9936EAC6,"Monique, Benjamin, and Ryan","Monique, Benjamin, and Ryan"
0x99415900,"+ 100","+ 100"
0x99480144,"ACCESS DENIED","접근 거부"
0x996C4811,"DESTROY THE BARRICADE","방어벽을 파괴하라"
0x997A56E6,"The CEC would like to thank you for visiting the USG Ishimura, the flagship of our fleet.  Information on investment opportunities and company policy can be found in the brochure provided.  Concordance Extraction Company - Powering Humanity Into the Future.","USG 이시무라는 저희 함대의 기함입니다. 방문해 주신 여러분께 CEC가 감사드립니다.  투자 기회와 회사 방침에 관한 정보는 제공된 안내 책자에서 확인하실 수 있습니다.  콘코던스 채굴 회사 - 인류의 미래에 동력을 공급합니다."
0x997A56E7,"Safety and Resource Conservation are our primary concerns at CEC.  We pride ourselves in our 98% Redistribution Rate of food, waste, and energy, the highest of any interplanetary mining corporation.  And we have received a Platinum rating by the Department of Worker's Safety seven years in a row.","CEC는 안전과 자원 절약을 최우선으로 생각합니다.  저희는 행성 간 채굴 기업 중 최고인 98%의 식량, 폐기물, 에너지 재분배율을 자랑스럽게 여깁니다.  또한 노동자 안전부로부터 7년 연속 플래티넘 등급을 받았습니다."
0x997A56E8,"Quality of life is important to us here at CEC.  We strive to provide a healthy work-life balance for our employees, and we offer a wide range of services to assist them in every aspect of their lives.  From financial counseling to health and legal benefits, we want our employees to be happy, healthy, and productive.","CEC는 삶의 질을 소중히 여깁니다.  저희는 직원들의 건강한 일과 삶의 균형을 위해 노력하며, 삶의 모든 측면을 돕기 위한 폭넓은 서비스를 제공합니다.  재정 상담에서 건강 및 법률 혜택까지, 저희는 직원들이 행복하고 건강하며 생산적이기를 바랍니다."
0x997B5725,"Make us whole again.","우리를 다시 하나로 만들어 줘."
0x99805891,"Make us whole again","우리를 다시 하나로 만들어 줘"
0x99805892,"Make us whole again.","우리를 다시 하나로 만들어 줘."
0x9984ADE6,"CENTRIFUGE ACTIVATED","원심분리기 작동"
0x99AC6330,"Welcome CEC employee to the USG Ishimura. ","CEC 직원 여러분, USG 이시무라에 오신 것을 환영합니다. "
0x99BE3F59,"Josh Pierson","Josh Pierson"
0x9A060C36,"Sign In","로그인"
0x9A2FC24C,"Weapon Slot Left","무기칸 왼쪽"
0x9A349C95,"Cursor Right","커서 오른쪽"
0x9A782F0F,"SPEED","속도"
0x9AEA1E49,"MISSION","임무"
0x9B157184,"Character Art Lead","캐릭터 아트 리드"
0x9B5048AB,"Moreno Family, Marcus, James and Al","Moreno 가족, Marcus, James and Al"
0x9B5048AC,"My love, Diana for all her patience!","나의 사랑, 인내해 준 Diana에게!"
0x9B5048AD,"My SUPER PREGNANT & patient wife Lani","만삭인데도 참아 준 나의 아내 Lani"
0x9B5048AE,"My wife Brenda","나의 아내 Brenda"
0x9B5048AF,"My wonderful wife Jodi","나의 멋진 아내 Jodi"
0x9B5048B0,"Nelly Kind","Nelly Kind"
0x9B5048B1,"Nessa","Nessa"
0x9B5048B2,"Nikolaos Maniatis","Nikolaos Maniatis"
0x9B5048B3,"Nile","Nile"
0x9B5048B4,"Ondraus Jenkins","Ondraus Jenkins"
0x9B5148EA,"Orsolya Kasza","Orsolya Kasza"
0x9B5148EB,"Pat O'Brien","Pat O'Brien"
0x9B5148EC,"Paul Hill","Paul Hill"
0x9B5148ED,"Rachael, Lily, and Hamish","Rachael, Lily, and Hamish"
0x9B5148EE,"Renata Kloch","Renata Kloch"
0x9B5148EF,"Rik Dimond","Rik Dimond"
0x9B5148F0,"Robert Villaluz","Robert Villaluz"
0x9B5148F1,"Sara Sprinkles","Sara Sprinkles"
0x9B5148F2,"Sarah Turner","Sarah Turner"
0x9B5148F3,"Scott Taylor","Scott Taylor"
0x9B524929,"Sebastiean Koenig","Sebastiean Koenig"
0x9B52492A,"Sharon Andrews","Sharon Andrews"
0x9B52492B,"Shianna Huynh","Shianna Huynh"
0x9B52492C,"Starz Media / Film Roman","Starz Media / Film Roman"
0x9B52492D,"Steven Sarron","Steven Sarron"
0x9B52492E,"Stuart Lang","Stuart Lang"
0x9B52492F,"Susan Santos","Susan Santos"
0x9B524930,"Tammy Schachter","Tammy Schachter"
0x9B524931,"Tanya, Ben, and QE","Tanya, Ben, and QE"
0x9B524932,"The amazing patience of my dog, Hoju","놀라운 인내심을 보여 준 우리 개 Hoju"
0x9B534968,"The Art Machine","The Art Machine"
0x9B534969,"Theresa Pugh","Theresa Pugh"
0x9B53496A,"Thomas Koed","Thomas Koed"
0x9B53496B,"Tim Moore","Tim Moore"
0x9B53496C,"Todd Arnold","Todd Arnold"
0x9B53496D,"Tom Rossi","Tom Rossi"
0x9B53496E,"To my lovely wife, Dawn Pollak","사랑하는 아내 Dawn Pollak에게"
0x9B53496F,"Tomasz Jarzebowski","Tomasz Jarzebowski"
0x9B534970,"Vanessa Cattau","Vanessa Cattau"
0x9B534971,"Violet, mom and dad","Violet, 엄마와 아빠"
0x9B5449A7,"Yvonne Milham","Yvonne Milham"
0x9B61D86A,"Collect 8 schematics","설계도 8개 수집"
0x9B6CCE08,"Low","낮음"
0x9BF52567,"Bring this schematic to the store to unlock the Flamethrower.","이 설계도를 상점에 가져가면 화염 방사기의 잠금이 해제됩니다."
0x9C08E113,"Manual Override?","수동 강제 조작?"
0x9C12C62E,"OBJECTIVE\nINACTIVE","목표\n비활성화"
0x9C2020E0,"Captain's log, personal. I want to set the record straight. By the time this log is heard, my actions will have been vindicated. I'm a Unitologist. By now, it's probably no secret that we shouldn't be in this star system. Just another illegal mining job for the company... That is until the colony found the Marker. That was when the Church took an interest, and chose me to lead this pilgrimage.","선장 기록, 개인용. 사실을 바로잡고자 한다. 이 기록이 알려질 때쯤이면 내 행동이 옳았음이 입증되어 있을 것이다. 나는 유니톨로지 신자다. 지금쯤이면 우리가 이 항성계에 있어서는 안 된다는 건 아마 비밀도 아닐 것이다. 그저 회사의 또 다른 불법 채굴 작업일 뿐이었다… 콜로니가 마커를 발견하기 전까지는. 그때 교회가 관심을 갖게 되었고, 이 순례를 이끌 사람으로 나를 선택했다."
0x9C2020E1,"They also ensured many of the mission crew were devout. My primary instruction was to get the Marker up from the colony and on board the ship. Dr. Kyne, the CSO, is an expert on the original Marker and was tasked with deciphering this new one. He says he's making good progress. My decision to quarantine the colony is sound.","교회는 또한 임무 승무원 상당수를 독실한 신자로 채웠다. 내가 받은 주요 지령은 콜로니에서 마커를 끌어올려 우주선에 싣는 것이었다. 수석 과학관인 카인 박사는 원본 마커의 전문가로, 이 새로운 마커의 해독을 맡았다. 그는 작업이 순조롭게 진행되고 있다고 한다. 콜로니를 격리하기로 한 내 결정은 타당하다."
0x9C2020E2,"They've got some kind of epidemic down there, and I can't allow it to infect the ship. Not with such a precious cargo. Not when we are so close! Planetcrack takes place tomorrow. We'll continue to decipher the Marker, and when we return home, we'll pass all our findings, and the Marker, to the Church. The government isn't going to cover this one up. Altman be praised.","저 아래에 무슨 전염병 같은 게 돌고 있는데, 그게 우주선까지 감염시키도록 둘 수는 없다. 이토록 귀중한 화물을 싣고 있는데. 이렇게 목표에 가까워졌는데! 행성 채굴은 내일 시작된다. 우리는 마커 해독을 계속할 것이며, 귀환하면 모든 연구 결과와 마커를 교회에 넘길 것이다. 이번만큼은 정부도 은폐하지 못할 것이다. 알트만을 찬양하라."
0x9C30A61B,"RESTORE POWER?","전원 복구?"
0x9C30A61C,"POWER ACTIVATED","전원 작동 중"
0x9C30A61D,"POWER MALFUNCTION","전원 고장"
0x9C5BCFE5,"The captain's body has been... transfomed by one of those things.  I've got to take him down to get his RIG.","선장의 시신이… 저것들 중 하나로 변해 버렸다. RIG를 얻으려면 쓰러뜨려야 한다."
0x9C5BDB07,"Omz Velasco","Omz Velasco"
0x9C77188D,"Done","완료"
0x9C77189A,"Done","완료"
0x9C7EA6CA,"The Marker is on it's way up to the Hangar Bay.  Kyne should be arriving there now.","마커가 격납고로 올라가고 있다. 카인은 지금쯤 거기 도착하고 있을 것이다."
0x9C801AC4,"Done","완료"
0x9C801AD1,"Done","완료"
0x9C846423,"ARRAY FIXED","배열 수리 완료"
0x9C9B23B1,"This will upgrade your HIT POINTS by %g pts.","체력이 %g 포인트 업그레이드됩니다."
0x9CBFE37A,"ON MY WAY","이동 중"
0x9CDDFA43,"Off","끔"
0x9CE16E96,"DECK B: PROCESSING","B 갑판: 처리"
0x9D22EDA7,"MERCER'S EXPERIMENT 1","머서의 실험 1"
0x9D753412,"Dino Ignacio","Dino Ignacio"
0x9D847413,"Transfer the Marker","마커를 이동시켜라"
0x9DA73E9F,"Deutsch","Deutsch"
0x9DC1772B,"FOUND THE THERMITE","고열폭약 발견"
0x9DEEA5C2,"CHAOS","혼돈"
0x9E0A6EE9,"Chris Chikes","Chris Chikes"
0x9E0A6EEA,"Marcus Egan","Marcus Egan"
0x9E0A6EEB,"Jason Heffel","Jason Heffel"
0x9E0C5134,"[Aim_Mode]","[Aim_Mode]"
0x9E7B69CD,"FLAMETHROWER","화염 방사기"
0x9E8E4A61,"%gSec.","%g초"
0x9EC19EE9,"EYES ONLY - PRIORITY BLACK\nFROM: CHIEF OF STAFF, EARTH DEFENSE\nATTN: COMMANDER CADIGAN, F.\nOPERATION WHITE LIGHT\nTHEATER: AEGIS SYSTEM, PLANET PENDING\nOBJECTIVE: DEEP CLEANSE\nCEC vessel USG Ishimura in breach of government order. They are believed to have recovered Marker 3A. Special Ops has confirmed the system but has been unable to provide the planet location.\nSpecial Ops advises caution. If Marker 3A has been recovered, infection by a lethal organism is a credible threat.\nShockpoint to Aegis system, move to position out of local scope range and await signal from Ishimura to confirm location.","극비 - 블랙 등급 우선순위\n발신: 지구 방위군 참모총장\n수신: 카디간 F. 사령관\n화이트 라이트 작전\n작전 지역: 이지스 항성계, 행성 미확인\n목표: 완전 정화\nCEC 소속 USG 이시무라가 정부 명령을 위반했다. 이들은 마커 3A를 회수한 것으로 추정된다. 특수작전부는 항성계는 확인했으나 행성 위치는 파악하지 못했다.\n특수작전부는 주의를 당부한다. 마커 3A가 회수되었다면, 치명적인 생명체에 의한 감염은 실제적인 위협이다.\n이지스 항성계로 쇼크포인트 도약한 뒤, 근거리 탐지 범위 밖의 위치로 이동하여 이시무라로부터 위치를 확인하는 신호를 기다려라."
0x9EDDB2B5,"Deadly chemical mixture.","치명적인 화학 혼합물."
0x9F087036,"[Aim_Mode]","[Aim_Mode]"
0x9F1B8A50,"TEAM FIFTY SEVEN","TEAM FIFTY SEVEN"
0x9F2E3C9D,"Collect Power Nodes","파워 노드를 모아라"
0x9F527D00,"Voice Volume","음성 음량"
0x9F74EF8C,"Li Wan Jing","Li Wan Jing"
0x9F74EF8D,"Wang Peng","Wang Peng"
0x9F795A7E,"Mining Operations","채굴 작업부"
0x9F795A7F,"WARNING:  Mining Operations is a very dangerous environment.  Authorized personnel ONLY.","경고:  채굴 작업 구역은 매우 위험한 환경입니다.  관계자 외 출입 금지."
0x9F7A5ABD,"Tram Station","정거장"
0x9F7A5ABE,"Have you checked all your gear at the RIG room?","RIG 보관실에서 장비를 모두 점검했습니까?"
0x9F7B5AFC,"RIG Room","RIG 보관실"
0x9F7B5AFD,"Remember to sync your RIG before entering Mining area","채굴 구역에 들어가기 전에 RIG 동기화를 잊지 마십시오"
0x9F7C5B3B,"To Tram Station","정거장 방면"
0x9F7C5B3C,"Have you checked all your gear at the RIG room?","RIG 보관실에서 장비를 모두 점검했습니까?"
0x9F7D5B7A,"Elevator to Mining Area","채굴 구역행 엘리베이터"
0x9F7D5B7B,"WARNING:  Mining Operations is a very dangerous environment.  Authorized personnel ONLY.","경고:  채굴 작업 구역은 매우 위험한 환경입니다.  관계자 외 출입 금지."
0x9F7E5BB9,"Elevator to Other Decks","다른 갑판행 엘리베이터"
0x9F7E5BBA,"WARNING:  Mining Operations is a very dangerous environment.  Authorized personnel ONLY.","경고:  채굴 작업 구역은 매우 위험한 환경입니다.  관계자 외 출입 금지."
0x9F7F5BF8,"Mineral Processing Area","광물 처리 구역"
0x9F7F5BF9,"WARNING: EXTREME DANGER","경고: 극도로 위험"
0x9F805C37,"To Elevator","엘리베이터 방면"
0x9F805C38,"WARNING:  Mining Operations is a very dangerous environment.  Authorized personnel ONLY.","경고:  채굴 작업 구역은 매우 위험한 환경입니다.  관계자 외 출입 금지."
0x9F815C76,"Mineral Processing Control","광물 처리 통제실"
0x9F815C77,"Gravity must be restored before entering","들어가기 전에 중력을 복구해야 합니다"
0x9F953D09,"Ripper Schematic","리퍼 설계도"
0x9FAC4C1E,"Fire","발사"
0x9FAC4C1F,"FIRE","발사"
0x9FAC4C20,"RELOAD","재장전"
0x9FDE102C,"FLAME FUEL SCHEMATIC","기름통 설계도"
0x9FF669C0,"Mineral Processing Chamber","광물 처리실"
0x9FF669C1,"WARNING:  Mining Operations is a very dangerous environment.  Authorized personnel ONLY.","경고:  채굴 작업 구역은 매우 위험한 환경입니다.  관계자 외 출입 금지."
0x9FF769FF,"To Elevator","엘리베이터 방면"
0x9FF76A00,"Miners!  Remember to sync your RIG!","광부 여러분!  RIG 동기화를 잊지 마십시오!"
0x9FF86A3E,"Mineral Processing Control","광물 처리 통제실"
0x9FF86A3F,"Authorized Personnel Only","관계자 외 출입 금지"
0x9FF96A7D,"To Processing Hall","처리 작업 복도 방면"
0x9FF96A7E,"DANGER:  DAMAGE DETECTED","위험:  손상 감지"
0x9FFA6ABC,"Mineral Processing Chamber","광물 처리실"
0x9FFA6ABD,"WARNING:  Mining Operations is a very dangerous environment.  Authorized personnel ONLY.","경고:  채굴 작업 구역은 매우 위험한 환경입니다.  관계자 외 출입 금지."
0x9FFB6AFB,"Elevator to Other Decks","다른 갑판행 엘리베이터"
0x9FFB6AFC,"Miners!  Remember to sync your RIG!","광부 여러분!  RIG 동기화를 잊지 마십시오!"
0x9FFC6B3A,"Equipment Maintenance Bay","장비 정비실"
0x9FFC6B3B,"Gondola Operator Required","곤돌라 조종사 필요"
0x9FFD6B79,"To Elevator","엘리베이터 방면"
0x9FFD6B7A,"WARNING:  Mining Operations is a very dangerous environment.  Authorized personnel ONLY.","경고:  채굴 작업 구역은 매우 위험한 환경입니다.  관계자 외 출입 금지."
0x9FFE6BB8,"Repair Room","정비실"
0x9FFE6BB9,"Authorized Personnel Only","관계자 외 출입 금지"
0x9FFF6BF7,"Equipment Maintenance Bay","장비 정비실"
0x9FFF6BF8,"Gondola Operator Required","곤돌라 조종사 필요"
0xA0048F38,"[Aim_Mode]","[Aim_Mode]"
0xA0407366,"You may have read reports that claim the destruction of a planet can destroy an entire solar system due to the disruption in the gravitation forces that hold each celestial object in orbit. Some of the wilder reports claim this causes the whole system to spin out of control or causes planets to smash into each other. Concerned investors are directed to read the article ""The CEC Pledge to the Health of Our Universe"" for a detailed breakdown of the truths about Planet Cracking. The short answer is: Planet Cracking is perfectly safe and provides an essential service to Earth and the colonies. With all Planet Cracks, the planets are carefully chosen for their mineral content, net worth, and the safety with which they can be dismantled.\n\n","행성을 파괴하면 각 천체를 궤도에 붙잡아 두는 중력이 교란되어 항성계 전체가 파괴될 수 있다고 주장하는 보도를 접하셨을 수도 있습니다. 좀 더 과장된 보도들은 이로 인해 항성계 전체가 통제 불능 상태로 회전하거나 행성끼리 충돌한다고 주장합니다. 우려하시는 투자자분들께서는 행성 분쇄에 관한 진실을 자세히 정리한 기사 ""우리 우주의 건강을 위한 CEC의 서약""을 읽어 보시기 바랍니다. 간단히 말씀드리자면, 행성 분쇄는 완벽하게 안전하며 지구와 콜로니에 필수적인 서비스를 제공합니다. 모든 행성 분쇄 작업에서 대상 행성은 광물 함량, 순자산 가치, 그리고 해체 작업의 안전성을 고려하여 신중하게 선정됩니다.\n\n"
0xA0407367,"Planet Cracking is a lengthy process spanning from three to five years. Generally, the first year is spent prospecting and setting up the colony. The second year and a half involves tectonic excavation and related planet-side activities.\n\nThe Planet Cracker class ship arrives between the 2.5 and 3 year mark, depending on the progress of the excavation. Once the ship is in orbit, preparation for tectonic chunk extraction begins. This takes approximately one week.\n\n","행성 분쇄는 3년에서 5년에 걸친 긴 과정입니다. 일반적으로 첫해에는 탐사와 콜로니 건설이 이루어집니다. 이후 1년 반 동안은 지각 굴착과 관련 행성 작업이 진행됩니다.\n\n플래닛 크래커급 함선은 굴착 진행 상황에 따라 2.5년에서 3년 사이에 도착합니다. 함선이 궤도에 진입하면 지각 덩어리 추출 준비가 시작됩니다. 이 과정은 약 1주일이 소요됩니다.\n\n"
0xA0407368,"The removal of an excavated chunk from the planet into a stabilized geosynchronous orbit usually takes about 1 day (24 standard hours). During this process, billions of tons of debris break off from the underside of the chunk, creating an instant asteroid ring around the planet. While the floating debris is extremely dangerous, the Planet Cracker ships have an excellent Asteroid Defense System (ADS) to keep the ship and crew safe from harm.\n\nDepending on the size of the planet, this process is repeated until the entire planet has been broken up and processed.\n\n","굴착된 덩어리를 행성에서 떼어내 안정된 정지궤도로 옮기는 데는 보통 약 1일(표준 24시간)이 걸립니다. 이 과정에서 덩어리 아래쪽에서 수십억 톤의 잔해가 떨어져 나가 행성 주위에 즉시 소행성 고리가 형성됩니다. 떠다니는 잔해는 극도로 위험하지만, 플래닛 크래커 함선에는 함선과 승무원을 위험으로부터 안전하게 지켜 주는 뛰어난 소행성 방어 시스템(ADS)이 갖춰져 있습니다.\n\n행성의 크기에 따라, 행성 전체가 쪼개지고 처리될 때까지 이 과정이 반복됩니다.\n\n"
0xA0407369,"ABOUT US\n\nThe CEC is the largest solar mining and extraction company in the Earth colonies. It is also the fifth largest company in terms of market capital. It has become a powerhouse of industrial might and an influential political force. With a generous budget allocated to election spending, CEC has always been able to maintain and improve its market position.\n\nThe CEC owns over 400 deep space vehicles including five Planet Crackers, with the famous USG Ishimura as its flagship. The CEC was the first to develop deep space mining, asteroid catchers and was the first to implement shockpoint drives for commercial use. We are the largest supplier of precious metals.\n\n","회사 소개\n\nCEC는 지구 콜로니에서 가장 큰 항성계 채굴 및 추출 기업입니다. 또한 시가총액 기준 다섯 번째로 큰 기업이기도 합니다. CEC는 산업계의 강자이자 영향력 있는 정치 세력으로 성장했습니다. 선거 비용에 넉넉한 예산을 배정한 덕분에, CEC는 언제나 시장 지위를 유지하고 강화할 수 있었습니다.\n\nCEC는 유명한 USG 이시무라를 기함으로 하는 플래닛 크래커 5척을 포함해 400척이 넘는 심우주 선박을 보유하고 있습니다. CEC는 최초로 심우주 채굴과 소행성 포획기를 개발했으며, 쇼크포인트 드라이브를 최초로 상업화했습니다. 저희는 최대의 귀금속 공급업체입니다.\n\n"
0xA040736A,"Out of over three dozen Planet Cracks, only one operation has met with less than optimal results. Many may remember the Wanat Disaster 11 years ago wherein a Planet Cracker, three supply ships and a colony were lost due to a gravity tether failure. Since that time, CEC has worked closely with the manufacturers and held crew training lectures to ensure a distaster of this magnitude never happens again.\n\nWe take your financial well-being and the well-being of our employees seriously. When you invest in CEC, you are investing in the future of mankind.\n\n","서른 건이 넘는 행성 분쇄 작업 중 기대에 못 미치는 결과를 낸 작업은 단 한 건뿐입니다. 많은 분들이 11년 전 중력 올가미 고장으로 플래닛 크래커 한 척, 보급선 세 척, 그리고 콜로니 하나를 잃은 워낫 참사를 기억하실 것입니다. 그 이후로 CEC는 이런 규모의 참사가 다시는 일어나지 않도록 제조사들과 긴밀히 협력하고 승무원 교육 강좌를 개최해 왔습니다.\n\n저희는 여러분의 재정적 안녕과 직원들의 안녕을 중요하게 생각합니다. CEC에 투자하시는 것은 인류의 미래에 투자하시는 것입니다.\n\n"
0xA05E233B,"COLONY CHAOS","콜로니의 혼돈"
0xA06C4B34,"Slot","슬롯"
0xA0747941,"Maintenance Storage Room","관리 보관실"
0xA0747942,"DOOR MALFUNCTION!  MANUAL OVERRIDE REQUIRED","문 오작동!  수동 강제 조작 필요"
0xA0757980,"Elevator to Other Decks","다른 갑판행 엘리베이터"
0xA0757981,"Miners!  Remember to sync your RIG!","광부 여러분!  RIG 동기화를 잊지 마십시오!"
0xA07679BF,"Extraction Area Left","추출 구역 왼쪽"
0xA07679C0,"WARNING:  Mining Operations is a very dangerous environment.  Authorized personnel ONLY.","경고:  채굴 작업 구역은 매우 위험한 환경입니다.  관계자 외 출입 금지."
0xA07779FE,"Extraction Area Right","추출 구역 오른쪽"
0xA07779FF,"WARNING:  Mining Operations is a very dangerous environment.  Authorized personnel ONLY.","경고:  채굴 작업 구역은 매우 위험한 환경입니다.  관계자 외 출입 금지."
0xA0787A3D,"Elevator to Asteroid Mining Contol","소행성 채굴 통제실행 엘리베이터"
0xA0787A3E,"Authorized Personnel Only","관계자 외 출입 금지"
0xA0797A7C,"Elevator to Mining Operations Deck","채굴 작업 갑판행 엘리베이터"
0xA0797A7D,"WARNING:  Mining Operations is a very dangerous environment.  Authorized personnel ONLY.","경고:  채굴 작업 구역은 매우 위험한 환경입니다.  관계자 외 출입 금지."
0xA07A7ABB,"Mining Control","채굴 통제실"
0xA07A7ABC,"Authorized Personnel Only","관계자 외 출입 금지"
0xA07B7AFA,"To Elevator to Mining Operations Deck","채굴 작업 갑판행 엘리베이터 방면"
0xA07B7AFB,"Miners!  Remember to sync your RIG!","광부 여러분!  RIG 동기화를 잊지 마십시오!"
0xA07C7B39,"Elevator to Mining Bay","채굴 작업장행 엘리베이터"
0xA07C7B3A,"WARNING:  Mining Operations is a very dangerous environment.  Authorized personnel ONLY.","경고:  채굴 작업 구역은 매우 위험한 환경입니다.  관계자 외 출입 금지."
0xA07D7B78,"To Elevator to Mining Operations Deck","채굴 작업 갑판행 엘리베이터 방면"
0xA07D7B79,"Miners!  Remember to sync your RIG!","광부 여러분!  RIG 동기화를 잊지 마십시오!"
0xA095A493,"Find the Crew Key","승무원 열쇠를 찾아라"
0xA0A86B20,"Health Button","회복 버튼"
0xA0B811BA,"Talent Producer","탤런트 프로듀서"
0xA0C2459F,"AIM THE ADS CANNON","ADS 캐논 조준"
0xA0F288C2,"Mining Bay","채굴 작업장"
0xA0F288C3,"WARNING:  Mining Operations is a very dangerous environment.  Authorized personnel ONLY.","경고:  채굴 작업 구역은 매우 위험한 환경입니다.  관계자 외 출입 금지."
0xA0F38901,"To Elevator to Mining Operations Deck","채굴 작업 갑판행 엘리베이터 방면"
0xA0F38902,"Miners!  Remember to sync your RIG!","광부 여러분!  RIG 동기화를 잊지 마십시오!"
0xA0F48940,"Mining Bay","채굴 작업장"
0xA0F48941,"WARNING:  Mining Operations is a very dangerous environment.  Authorized personnel ONLY.","경고:  채굴 작업 구역은 매우 위험한 환경입니다.  관계자 외 출입 금지."
0xA0F5897F,"To Elevator to Mining Operations Deck","채굴 작업 갑판행 엘리베이터 방면"
0xA0F58980,"Miners!  Remember to sync your RIG!","광부 여러분!  RIG 동기화를 잊지 마십시오!"
0xA112B246,"//extras","//추가 요소"
0xA11620E5,"RANGE","사거리"
0xA13F74B3,"[MovementR]","[MovementR]"
0xA18C74B3,"CLUTCH DISENGAGED","클러치 분리됨"
0xA18EF3F7,"Use","사용"
0xA18EF3F8,"Use","사용"
0xA1A1F939,"Are you sure you want to overwrite %1 on storage device %2?","저장장치 %2에 있는 %1을(를) 덮어쓰시겠습니까?"
0xA1AA39A7,"Sandra Voelker","Sandra Voelker"
0xA1AA39A8,"Craig Brown","Craig Brown"
0xA1BD8434,"[Reload]","[Reload]"
0xA1F16DEA,"Big Spender","큰손"
0xA1F563AB,"AIR","산소"
0xA20D0378,"Unlocked","열림"
0xA210E45C,"Development Director - Engineering","개발 디렉터 - 엔지니어링"
0xA211E4A5,"Additional Engineering","추가 엔지니어링"
0xA21B0622,"The elevators leading to the other sub decks of the Bridge are offline.  The controls are in the Security Room.","브릿지의 다른 하부 갑판으로 가는 엘리베이터가 작동하지 않는다. 조작기는 보안실에 있다."
0xA22D5FA2,"Flares","섬광"
0xA2860B19,"Remote Pilot the Shuttle","원격으로 우주선을 조종하라"
0xA2A59C22,"LEVEL 5 SUIT","레벨 5 보호복"
0xA2B8FA7A,"Level 4 Suit Schematic","레벨 4 보호복 설계도"
0xA2B92821,"All Rights Reserved. See www.havok.com for details.","All Rights Reserved. 자세한 내용은 www.havok.com을 참조하십시오."
0xA2B9A336,"[RIG_Toggle]","[RIG_Toggle]"
0xA2E980B3,"CAP","CAP"
0xA2F0826E,"CHR","CHR"
0xA309227A,"Fire","발사"
0xA309227B,"FIRE","발사"
0xA309227C,"SECONDARY","보조 공격"
0xA309227D,"RELOAD","재장전"
0xA309227E,"MELEE","근접 공격"
0xA368421C,"Design Development Director","디자인 개발 디렉터"
0xA3704414,"Level Designers","레벨 디자이너"
0xA373931F,"DMG","DMG"
0xA37B9522,"DUR","DUR"
0xA38731FB,"Change Objective","목표 변경"
0xA3A9996C,"Modular circuit board for the tram control computer.","전동차 조종 컴퓨터용 조립식 회로."
0xA3C0BCF2,"Pulse Rounds Schematic","펄스 라운드 설계도"
0xA3F2A2DF,"ENG","ENG"
0xA405417C,"Map Screen","지도 화면"
0xA405417D,"MAP TUMBLE","지도 회전"
0xA405417E,"MAP PATHS","지도 경로"
0xA43DF8B4,"Assistant Environment Artist","보조 환경 아티스트"
0xA48350FD,"Change Menus","메뉴 전환"
0xA48350FE,"ACCESS SAFE","보관함 열기"
0xA49851D9,"L1","L1"
0xA4A83703,"CEC MISSION ER529","CEC 임무 ER529"
0xA4A83704,"USG KELLION EN ROUTE TO AEGIS SYSTEM...","USG 켈리온, 이지스 항성계로 이동 중..."
0xA4A83705,"...ISAAC CLARKE - ENGINEERING AND SHIP SYSTEMS SPECIALIST...\n\n...KENDRA DANIELS - COMPUTER SPECIALIST...\n\n...ZACH HAMMOND - CHIEF SECURITY OFFICER...\n","... 아이작 클라크 - 엔지니어링 및 우주선 시스템 전문가...\n\n... 켄드라 다니엘스 - 컴퓨터 전문가...\n\n... 자크 해먼드 - 보안 책임자...\n"
0xA4A83706,"DIRECTIVE A: LOCATE MINING VESSEL USG ISHIMURA...\n","지령 A: 채굴선 USG 이시무라의 위치를 확인할 것...\n"
0xA4A83707,"DIRECTIVE B: DIAGNOSE AND REPAIR COMMUNICATIONS BLACKOUT...\n","지령 B: 통신 두절의 원인을 진단하고 수리할 것...\n"
0xA4A83708,"TIME TO CONTACT POINT: 3 MINUTES...","접촉 지점까지 남은 시간: 3분..."
0xA4B48272,"Upgrade all weapons and equipment","모든 무기와 장비 업그레이드"
0xA4E1AA28,"There should be a security console nearby where I can run a systems diagnostic check.","근처에 시스템 진단을 실행할 수 있는 보안 콘솔이 있을 것이다."
0xA501607E,"Dismember enemies to slow them","적의 사지를 절단하면 느리게 만들 수 있다"
0xA590FBD2,"Bring this schematic to the store to unlock the Ripper.","이 설계도를 상점에 가져가면 리퍼의 잠금이 해제됩니다."
0xA5C01C85,"Complete Chapter 8 on any difficulty setting","아무 난이도로 8장 완료"
0xA5D9CEF5,"Bring this schematic to the store to unlock the Flame Fuel.","이 설계도를 상점에 가져가면 기름통의 잠금이 해제됩니다."
0xA65C562E,"Kamakshi Devi Anupoju","Kamakshi Devi Anupoju"
0xA65C5630,"Kalyan Chakravarthy","Kalyan Chakravarthy"
0xA65C5631,"Ramaswami Chanduluri","Ramaswami Chanduluri"
0xA65C5632,"Vinay Kumar Chippa","Vinay Kumar Chippa"
0xA65C5633,"Phanindra Chitta","Phanindra Chitta"
0xA65C5634,"Aravind Durgam","Aravind Durgam"
0xA65C5635,"Raghavendra Reddy Garlapati","Raghavendra Reddy Garlapati"
0xA65C5636,"Mohammed Gayas","Mohammed Gayas"
0xA66BC083,"Portable defibrillator, capable of delivering an electric charge.","전기 충격을 가할 수 있는 휴대용 제세동기."
0xA68200F4,"Front Center","전방 중앙"
0xA68200FD,"Front Left","전방 왼쪽"
0xA6820103,"Front Right","전방 오른쪽"
0xA68E03F1,"Rear Left","후방 왼쪽"
0xA68E03F7,"Rear Right","후방 오른쪽"
0xA6A4C121,"FORCE ENERGY\nSchematic Acquired\nDownload at the Store","포스 에너지\n설계도 획득\n상점에서 다운로드"
0xA6B1AA61,"Saving %1. Please don't turn off your PC.","%1 저장 중입니다. PC를 끄지 마십시오."
0xA6B827BC,"OBJECTIVE\nCOMPLETE","목표\n완료"
0xA6C4424A,"RECOVERED FILE FRAGMENTS\nFROM: DR. EANDO DUKAJ\nTO: GENERAL AMBROSE CAIDEN\n(Restricted access - Maximum encryption)\n\nAltman's hasty expulsion from the project is unfortunate. His notes on the Black Marker appear incomplete and our findings thus far have been inconclusive. What notes we have recovered appear to be written in a code of his devising. It will be weeks before we can decipher them. In the meantime, someone has to shut him up. His public outcry about the Marker is more than a nuisance. This is a matter of security.\n\n...\n\n","복구된 파일 조각\n발신: 앤도 두카이 박사\n수신: 앰브로스 케이든 장군\n(접근 제한 - 최고 수준 암호화)\n\n알트만이 프로젝트에서 성급하게 추방된 것은 유감이다. 블랙 마커에 관한 그의 기록은 불완전해 보이며, 지금까지 우리의 연구 결과도 결론을 내리지 못했다. 회수한 기록은 그가 고안한 암호로 쓰인 것 같다. 해독하려면 몇 주는 걸릴 것이다. 그동안 누군가는 그의 입을 막아야 한다. 마커에 대한 그의 공개적인 항의는 골칫거리 수준을 넘어섰다. 이것은 안보 문제다.\n\n…\n\n"
0xA7010699,"Lift 2","승강기 2"
0xA722A93D,"Clear Radioactive Material","방사능 물질을 제거하라"
0xA749B5FA,"RUN DIAGONISTICS?","진단을 실행하시겠습니까?"
0xA7A3BA58,"Ian Milham","Ian Milham"
0xA7AD968E,"LEVEL 3 SUIT\nSchematic Acquired\nDownload at the Store","레벨 3 보호복\n설계도 획득\n상점에서 다운로드"
0xA7AD968F,"LEVEL 4 SUIT\nSchematic Acquired\nDownload at the Store","레벨 4 보호복\n설계도 획득\n상점에서 다운로드"
0xA7AD9690,"LEVEL 5 SUIT\nSchematic Acquired\nDownload at the Store","레벨 5 보호복\n설계도 획득\n상점에서 다운로드"
0xA7DE1DB3,"MIN","MIN"
0xA85FD620,"KP -","KP -"
0xA8A15AEB,"Increases Inventory slots and Armor.","가방의 용량과 방어력이 증가한다."
0xA8B4B943,"Bring this schematic to the store to unlock the Level 4 Suit.","이 설계도를 상점에 가져가면 레벨 4 보호복의 잠금이 해제됩니다."
0xA98BCB71,"A Cut Above","한 수 위의 절단"
0xA99329D6,"COME ONBOARD","승선"
0xA9AA6558,"Lead Gameplay Engineer","리드 게임플레이 엔지니어"
0xA9B18B27,"To Flight Hangar","비행 격납고 방면"
0xA9B18B28,"Thank you for visiting the USG Ishimura","USG 이시무라를 방문해 주셔서 감사합니다"
0xA9B28B66,"To Tram Station","정거장 방면"
0xA9B28B67,"Please collect any belongings you have brought on board","승선 시 가져온 소지품을 챙겨 주십시오"
0xA9B38BA5,"Security Panel Access","보안 패널 출입구"
0xA9B38BA6,"Authorized Engineers Only","인가된 기술자 외 출입 금지"
0xA9B48BE4,"Flight Lounge","비행 대합실"
0xA9B48BE5,"Please stow all tools and torches","모든 공구와 토치를 보관해 주십시오"
0xA9B58C23,"To Elevator","엘리베이터 방면"
0xA9B58C24,"Emergency Access to Workshops and Tram Control","작업실 및 전동차 조종실 비상 출입구"
0xA9B68C62,"Flight Lounge","비행 대합실"
0xA9B68C63,"Please stow all tools and torches","모든 공구와 토치를 보관해 주십시오"
0xA9B78CA1,"Elevator","엘리베이터"
0xA9B78CA2,"Emergency Access to Workshops and Tram Control","작업실 및 전동차 조종실 비상 출입구"
0xA9B88CE0,"To Flight Lounge","비행 대합실 방면"
0xA9B88CE1,"Please stow all tools and torches","모든 공구와 토치를 보관해 주십시오"
0xA9B98D1F,"To Flight Lounge","비행 대합실 방면"
0xA9B98D20,"Please stow all tools and torches","모든 공구와 토치를 보관해 주십시오"
0xA9BB0361,"[RDUp]RESET","[RDUp]초기화"
0xA9BC7BBB,"Bring this schematic to the store to unlock the Pulse Rounds.","이 설계도를 상점에 가져가면 펄스 라운드의 잠금이 해제됩니다."
0xA9F2D784,"Force Energy Schematic","포스 에너지 설계도"
0xAA2E9A69,"To Tram Control Room","전동차 조종실 방면"
0xAA2E9A6A,"Authorized Personnel only. Please have ID ready.","관계자 외 출입 금지. 신분증을 준비해 주십시오."
0xAA2F9AA8,"To Flight Lounge","비행 대합실 방면"
0xAA2F9AA9,"Please stow all tools and torches","모든 공구와 토치를 보관해 주십시오"
0xAA309AE7,"To Tram Control Room","전동차 조종실 방면"
0xAA309AE8,"Authorized Personnel only. Please have ID ready.","관계자 외 출입 금지. 신분증을 준비해 주십시오."
0xAA319B26,"To Flight Lounge","비행 대합실 방면"
0xAA319B27,"Please stow all tools and torches","모든 공구와 토치를 보관해 주십시오"
0xAA329B65,"Tram Control Room","전동차 조종실"
0xAA329B66,"Certified Tram Operators only.","인증된 전동차 운전사 전용."
0xAA339BA4,"To Flight Lounge","비행 대합실 방면"
0xAA339BA5,"No live tools beyond this point","이곳부터 작동 중인 공구 반입 금지"
0xAA33D9BD,"Use the ADS Cannon to Clear the Blast Doors","ADS 캐논으로 방화문 위를 치워라"
0xAA349BE3,"Cargo Hallway","화물실 복도"
0xAA349BE4,"Danger:  Automated Cargo Track","위험:  자동 화물 선로"
0xAA359C22,"Tram Control Room","전동차 조종실"
0xAA359C23,"Certified Tram Operators only","인증된 전동차 운전사 전용"
0xAA369C61,"Cargo Hallway","화물실 복도"
0xAA369C62,"Danger:  Automated Cargo Track","위험:  자동 화물 선로"
0xAA379CA0,"Tram Control Room","전동차 조종실"
0xAA379CA1,"Certified Tram Operators only","인증된 전동차 운전사 전용"
0xAA506A3A,"REL","REL"
0xAA596C6C,"RNG","RNG"
0xAA684322,"Load Damage Report?","피해 보고서를 불러오시겠습니까?"
0xAAA0E065,"From bad to worse.  We're no longer going to crash, but we're going to get smashed to pieces by the asteroid field surrounding the planet.  I've got to get to the Bridge and meet up with Hammond.","갈수록 태산이다. 이제 추락은 면했지만, 행성을 둘러싼 소행성대에 부딪혀 산산조각이 날 판이다. 브릿지로 가서 해먼드와 합류해야 한다."
0xAAACA9EA,"Tram Tunnel","전동차 터널"
0xAAACA9EB,"Warning: Live Tramway","경고: 전동차 운행 선로"
0xAAADAA29,"Maintenance Bay","관리구역"
0xAAADAA2A,"Authorized Repair Personnel Only","인가된 수리 인원 외 출입 금지"
0xAAAEAA68,"Tram Tunnel","전동차 터널"
0xAAAEAA69,"Warning: Live Tramway","경고: 전동차 운행 선로"
0xAAAFAAA7,"Cargo Hallway","화물실 복도"
0xAAAFAAA8,"Danger:  Automated Cargo Track","위험:  자동 화물 선로"
0xAAB0AAE6,"Tram Station Hall","정거장 현관"
0xAAB0AAE7,"WARNING: DOOR MALFUNCTION DETECTED.  USE STASIS BEFORE SERVICING","경고: 문 오작동 감지.  정비 전에 감속장비를 사용하십시오"
0xAAB1AB25,"Tram Tunnel","전동차 터널"
0xAAB1AB26,"WARNING: DOOR MALFUNCTION DETECTED.  USE STASIS BEFORE SERVICING","경고: 문 오작동 감지.  정비 전에 감속장비를 사용하십시오"
0xAAB2AB64,"Tram Tunnel","전동차 터널"
0xAAB2AB65,"Warning: Live Tramway","경고: 전동차 운행 선로"
0xAAB3ABA3,"Tram Repair Room","전동차 정비실"
0xAAB3ABA4,"Qualified Tram Repair Operators Only","자격을 갖춘 전동차 정비사 전용"
0xAAB4ABE2,"Tram Station Hall","정거장 현관"
0xAAB4ABE3,"Authorized Personnel only. Please have ID ready.","관계자 외 출입 금지. 신분증을 준비해 주십시오."
0xAAB5AC21,"Cargo Room","화물실"
0xAAB5AC22,"SECURED BY ORDER OF CAPTAIN MATHIUS","머싸이어스 선장의 명령으로 봉쇄됨"
0xAAC3B74A,"I need a mobile loading platform to move the Marker.  There should be one attached to the track somewhere around here.","마커를 옮기려면 이동식 적재 플랫폼이 필요하다. 이 근처 어딘가의 선로에 하나 연결되어 있을 것이다."
0xAAD97C68,"SPD","SPD"
0xAB070A63,"[MenuA_InGame]","[MenuA_InGame]"
0xAB070A64,"[MenuB_InGame]","[MenuB_InGame]"
0xAB2AB96B,"Tram Station Hall","정거장 현관"
0xAB2AB96C,"Authorized Personnel only. Please have ID ready.","관계자 외 출입 금지. 신분증을 준비해 주십시오."
0xAB2BB9AA,"Tram Station","정거장"
0xAB2BB9AB,"Please stow all tools and torches","모든 공구와 토치를 보관해 주십시오"
0xAB2CB9E9,"Tram Station Hall","정거장 현관"
0xAB2CB9EA,"Authorized Personnel only. Please have ID ready.","관계자 외 출입 금지. 신분증을 준비해 주십시오."
0xAB2DBA28,"To Flight Lounge","비행 대합실 방면"
0xAB2DBA29,"Thank you for visiting the USG Ishimura","USG 이시무라를 방문해 주셔서 감사합니다"
0xAB2EBA67,"Cargo Hallway","화물실 복도"
0xAB2EBA68,"Danger:  Automated Cargo Track","위험:  자동 화물 선로"
0xAB2FBAA6,"Maintenance Bay","관리구역"
0xAB2FBAA7,"Authorized Repair Personnel Only","인가된 수리 인원 외 출입 금지"
0xAB30BAE5,"Bay Office","구역 사무실"
0xAB30BAE6,"CEC Officers Only, Please","CEC 간부 전용"
0xAB31BB24,"Elevator to Crane Control","크레인 조종실행 엘리베이터"
0xAB31BB25,"Certified Crane Operators Only","인증된 크레인 조종사 전용"
0xAB32BB63,"Elevator to Main Bay","주 구역행 엘리베이터"
0xAB32BB64,"Authorized Repair Personnel Only","인가된 수리 인원 외 출입 금지"
0xAB33BBA2,"To Tram Station","정거장 방면"
0xAB33BBA3,"Welcome to the USG Ishimura","USG 이시무라에 오신 것을 환영합니다"
0xAB49D49E,"Kill 30 enemies with the Force Gun","포스건으로 적 30명 제거"
0xAB531866,"Stasis Gun","감속장비"
0xAB789A9A,"Unable to save %1.\nRetry or Continue without Saving?","%1을(를) 저장할 수 없습니다.\n다시 시도하시겠습니까, 아니면 저장하지 않고 계속하시겠습니까?"
0xAB9AD435,"< > Select    ^ ! Scroll   (A) View Selected  (B) Back","< > 선택    ^ ! 스크롤   (A) 선택 항목 보기  (B) 뒤로"
0xABA8C8EC,"Flight Lounge","비행 대합실"
0xABA8C8ED,"Thank you for visiting the USG Ishimura","USG 이시무라를 방문해 주셔서 감사합니다"
0xABA9C92B,"Flight Lounge","비행 대합실"
0xABA9C92C,"Welcome to the USG Ishimura","USG 이시무라에 오신 것을 환영합니다"
0xABAAC96A,"Flight Hangar","비행 격납고"
0xABAAC96B,"Thank you for visiting the USG Ishimura","USG 이시무라를 방문해 주셔서 감사합니다"
0xABABC9A9,"Runway 2","활주로 2"
0xABABC9AA,"Manifest Passengers only beyond this point","이곳부터 탑승자 명단에 있는 승객만 출입 가능"
0xABACC9E8,"Flight Lounge","비행 대합실"
0xABACC9E9,"Welcome to the USG Ishimura","USG 이시무라에 오신 것을 환영합니다"
0xABADCA27,"Runway 2","활주로 2"
0xABADCA28,"Manifest Passengers only beyond this point","이곳부터 탑승자 명단에 있는 승객만 출입 가능"
0xABAECA66,"To Control Room","통제실 방면"
0xABAECA67,"Authorized Personnel only. Please have ID ready.","관계자 외 출입 금지. 신분증을 준비해 주십시오."
0xABAFCAA5,"Flight Hangar","비행 격납고"
0xABAFCAA6,"Please stow all tools and torches","모든 공구와 토치를 보관해 주십시오"
0xABB0CAE4,"To Control Room","통제실 방면"
0xABB0CAE5,"Manifest Passengers only beyond this point","이곳부터 탑승자 명단에 있는 승객만 출입 가능"
0xABB1CB23,"Service Areas","서비스 구역"
0xABB1CB24,"Authorized Personnel only. Please have ID ready.","관계자 외 출입 금지. 신분증을 준비해 주십시오."
0xAC149751,"Audio Engineers","오디오 엔지니어"
0xAC26D86D,"To Control Room","통제실 방면"
0xAC26D86E,"Authorized Personnel only. Please have ID ready.","관계자 외 출입 금지. 신분증을 준비해 주십시오."
0xAC27D8AC,"Flight Hangar","비행 격납고"
0xAC27D8AD,"Authorized Personnel only. Please have ID ready.","관계자 외 출입 금지. 신분증을 준비해 주십시오."
0xAC28D8EB,"Control Room A","통제실 A"
0xAC28D8EC,"Authorized Personnel only. Please have ID ready.","관계자 외 출입 금지. 신분증을 준비해 주십시오."
0xAC29D92A,"To Flight Hangar","비행 격납고 방면"
0xAC29D92B,"Authorized Personnel only. Please have ID ready.","관계자 외 출입 금지. 신분증을 준비해 주십시오."
0xAC2AD969,"Control Room B","통제실 B"
0xAC2AD96A,"Flight Controllers Only","비행 관제사 전용"
0xAC2BD9A8,"Control Room A","통제실 A"
0xAC2BD9A9,"Authorized Personnel only. Please have ID ready.","관계자 외 출입 금지. 신분증을 준비해 주십시오."
0xAC5EB6C1,"Gameplay Engineering","게임플레이 엔지니어링"
0xAC8C1F3F,"Emergency: geo-orbital gravity tethers offline. Tectonic load released. Impact imminent. Evacuate this area immediately.","비상: 정지궤도 중력 올가미 작동 중지. 지각 덩어리 고정 해제. 충돌 임박. 즉시 이 구역에서 대피하십시오."
0xACB15FCD,"CONTROLS OFFLINE","조종 장치 작동 중지"
0xACCAB8B3,"WID","WID"
0xACD69606,"DEACTIVATE","비활성화"
0xAD272C3C,"Complete Chapter 10 on any difficulty setting","아무 난이도로 10장 완료"
0xAD2DC8A5,"Z-BALL RULES","무중력 농구 규칙"
0xAD450A3D,"Plant the Beacon","신호기를 설치하라"
0xAD795D56,"RIG Mode Controls","RIG 키 설정"
0xADADDF43,"Sprint","달리기"
0xADDBCD43,"RELAY CIRCUIT (SPD)","릴레이 회로 (SPD)"
0xADDBCD44,"This will upgrade your SPEED by %g sec.","속도가 %g초 업그레이드됩니다."
0xAE14628A,"Devlopment QA Assistant Lead","개발 QA 보조 리드"
0xAE5B9648,"HAMMOND RETURNS","해먼드의 복귀"
0xAE5E0473,"Dead Space","데드 스페이스"
0xAE73FC1D,"INFECTED SOLDIERS","감염된 병사들"
0xAE7CB982,"Bret Robbins","Bret Robbins"
0xAEA3EEB0,"CLAMP CONTROL","고정 장치 조종"
0xAEA86F06,"Development QA Testers","개발 QA 테스터"
0xAEFA1FCC,"GOT THE POISON","독극물 입수"
0xAF1285A1,"CROSS REPORT 4","크로스의 보고 4"
0xAF2616A0,"I finally convinced Jurgens to show me the video feed from the colony.  And what I saw was glorious.  Breathtaking.  Miners undergoing a transformation into something extraordinary.  I must know more.  Even as the believer within me wants to become one of them, the scientist needs to uncover their secrets.  I need to study one of these... necromorphs, as Kyne so clinically puts it.  I need to witness this infection first hand.  Perhaps that patient from the colony...","마침내 위르겐스를 설득해서 콜로니에서 온 영상을 봤다. 내가 본 것은 영광스러웠다. 숨이 멎을 듯했다. 광부들이 무언가 경이로운 존재로 변모하고 있었다. 더 알아야 한다. 내 안의 신자는 저들 중 하나가 되기를 원하지만, 과학자로서의 나는 저들의 비밀을 밝혀내야 한다. 카인이 그토록 무미건조하게 부르는 이… 네크로모프 중 하나를 연구해야 한다. 이 감염을 직접 목격해야 한다. 어쩌면 콜로니에서 온 그 환자라면…"
0xAF2616D4,"You found something down there, didn't you?","저 아래에서 뭔가 찾았군, 그렇지?"
0xAF558730,"LOCKED","잠김"
0xAF8CB8CA,"Ready","준비"
0xAF98A950,"KYNE AND THE CAPTAIN","카인과 선장"
0xAFA225D7,"You can't stand in the way of God's plan... The natural order... Are you... Are you blind, like the rest?","신의 계획을 가로막을 순 없어… 자연의 섭리를… 너도… 너도 다른 놈들처럼 눈이 멀었나?"
0xAFA325E2,"Personal log, Dr. Challus Mercer. I now have a live subject for my study. I'm eager to validate my tissue regeneration theory.  Initial restraint was problematic, but now the patient is resting comfortably.  HE trusts me, Doctor Kyne. He puts his life in MY hands! He knows his part in all of this, understands what I'm doing! The forehead has been swabbed clean and marked...","개인 기록, 챌러스 머서 박사. 이제 연구를 위한 살아 있는 실험체를 확보했다. 조직 재생 이론을 어서 입증하고 싶다. 처음엔 제압하는 데 애를 먹었지만, 이제 환자는 편안히 쉬고 있다. 그는 나를 믿는다네, 카인 박사. 자기 목숨을 내 손에 맡긴 거야! 그는 이 모든 일에서 자신의 역할을 알고 있고, 내가 무엇을 하는지 이해하고 있어! 이마를 깨끗이 소독하고 표시를 해 두었다…"
0xAFA325E4,"...and I am now attempting to create a passage to insert the sample tissue into...","… 이제 샘플 조직을 삽입할 통로를 만들려는 중이다…"
0xAFA325E6,"What ARE you doing? Your fight for survival is admirable but pointless. And yet you keep on going. It almost makes me think that we had hope, as a species. Am I the only one who sees that we have died out a long time ago? We just haven't accepted it yet. Stop running. Stop your struggle. Our future, your future, the future of our race, ends here. Allow me to introduce you to humanity's child. The children that will replace us. Our greatest creation.","대체 뭘 하는 건가? 살아남으려는 발버둥은 가상하지만 무의미하다. 그런데도 넌 계속 나아가는군. 우리 종에게도 희망이 있었나 하는 생각이 들 정도야. 우리가 이미 오래전에 멸종했다는 걸 보는 사람이 나뿐인가? 우리는 그저 아직 받아들이지 못했을 뿐이다. 도망치지 마라. 발버둥을 멈춰라. 우리의 미래, 너의 미래, 우리 인류의 미래는 여기서 끝난다. 인류의 자손을 소개하지. 우리를 대신할 아이들. 우리의 가장 위대한 창조물이다."
0xAFA325E8,"Your persistence surprises me. Holding on to your final breath, you claw your way along! You hold onto what was once your world. But now, it belongs to the children. Be glad of the knowledge that your death... will bring their birth!  Listen! Can you hear it? It is coming. Say your prayers.","네 끈질김에 놀랐다. 마지막 숨을 붙든 채 기를 쓰고 기어오는군! 한때 너의 세상이었던 것에 매달리고 있어. 하지만 이제 세상은 아이들의 것이다. 너의 죽음이… 그들의 탄생을 가져온다는 것을 기쁘게 여겨라! 들어 봐! 들리나? 오고 있다. 기도나 해라."
0xAFA325EA,"Personal log, Doctor Challus Mercer. The specimen continues to respond well to my experiments. Its cellular fortitude, not to mention elasticity, is remarkable. Doctor Kyne, I am sure, would disapprove. But I do not anticipate that issue, as the good doctor is busying himself with the Marker... As if that matters now! He has also succumbed to the same dementia that afflicted the colony. Only yesterday, he told me he had spoken to his wife... but Amelia Kyne has been dead for some years.","개인 기록, 챌러스 머서 박사. 표본은 계속해서 내 실험에 잘 반응하고 있다. 탄력성은 말할 것도 없고, 세포의 강인함도 놀랍다. 카인 박사는 분명 못마땅해하겠지. 하지만 그런 문제는 없을 것이다. 그 훌륭하신 박사님은 마커 일로 바쁘시니까… 이제 와서 그게 무슨 소용이라고! 그 역시 콜로니를 괴롭힌 것과 같은 정신 착란에 굴복했다. 바로 어제, 그는 아내와 이야기를 나눴다고 내게 말했다… 하지만 아멜리아 카인은 몇 년 전에 죽었다."
0xAFA32612,"My subject grows restless. Patience. Your time is soon. Very soon.","내 실험체가 안절부절못한다. 조금만 참아라. 곧 너의 차례다. 아주 곧."
0xAFA32613,"This has gone far enough! Accept your part in god's plan! Embrace your own extinction!","이제 그만하면 됐다! 신의 계획 속 너의 역할을 받아들여라! 너 자신의 소멸을 받아들여라!"
0xAFA42625,"I'm beginning to truly admire your spirit, misplaced as it may be! I think... I think you should see... The whole plan.  You should not spurn the Hive Mind's offerings.  You deserve to witness that, at least.","그릇된 곳에 쓰이고 있긴 하지만, 너의 기개에 진심으로 감탄하기 시작했다! 내 생각엔… 네가 봐야 할 것 같군… 계획 전체를. 하이브 마인드가 주는 선물을 거부해선 안 된다. 적어도 넌 그걸 목격할 자격은 있다."
0xAFA42626,"Perhaps now you will understand. The work I have done must continue... will continue! I, Dr. Challus Mercer, shall serve as the catalyst to the salvation of our species!  These specimens will return to Earth with me. I will spread their divine glory across the entire planet! I'll leave you with my creation.  Embrace the inevitable.","이제는 이해하겠지. 내가 해 온 일은 계속되어야 한다… 계속될 것이다! 나, 챌러스 머서 박사는 우리 종의 구원을 위한 촉매가 될 것이다! 이 표본들은 나와 함께 지구로 돌아갈 것이다. 나는 그들의 신성한 영광을 행성 전체에 퍼뜨릴 것이다! 너에겐 내 창조물을 남겨 두지. 피할 수 없는 운명을 받아들여라."
0xAFB10F25,"TEMPLE REPORT 5","템플의 보고 5"
0xAFC211EC,"[RStick]","[RStick]"
0xAFEE964D,"Bring this schematic to the store to unlock the Force Energy.","이 설계도를 상점에 가져가면 포스 에너지의 잠금이 해제됩니다."
0xAFF42A85,"What do you cling to when all must seem so utterly hopeless around you? Dr. Cross was a true believer. She had faith. And now she awaits her transformation. Her rebirth. Are you ready to ascend, Mr. Temple? Of course you are. Have no fear. You will play your part soon enough. Witness the conviction of a true believer! They are ready! Take them! Embrace them!","주위의 모든 것이 완전히 절망적으로 보일 때 넌 무엇에 매달리나? 크로스 박사는 진정한 신자였다. 그녀에게는 믿음이 있었지. 그리고 이제 그녀는 변모를 기다리고 있다. 다시 태어나기를. 승천할 준비는 되었나, 템플 씨? 물론 되었겠지. 두려워 마라. 곧 너의 역할을 하게 될 테니. 진정한 신자의 신념을 목격하라! 저들은 준비되었다! 데려가라! 받아들여라!"
0xAFF52A94,"How can you be turning away from the Church in this vital hour. Do not abandon your faith! What's happening on the colony is not a tragedy. It is God's work!","이 중대한 때에 어찌 교회를 등질 수 있단 말인가. 신앙을 버리지 마라! 콜로니에서 일어나고 있는 일은 비극이 아니다. 신의 역사하심이다!"
0xAFF52A95,"The truth is even more fantastic! On the planet below us, we have found a Marker!","진실은 그보다 더 경이롭다! 우리 아래의 행성에서, 우리는 마커를 발견했다!"
0xAFF52A96,"Can't you see, god's plan is unfolding, and we are its inheritors! We will ascend, as we always knew we would! UNITOLOGY IS TRUTH! And your death is the first phase of this transformation.","모르겠는가, 신의 계획이 펼쳐지고 있으며, 우리가 그 계승자다! 우리는 늘 알고 있었듯 승천할 것이다! 유니톨로지가 진리다! 그리고 너희의 죽음이 이 변모의 첫 단계다."
0xAFF52A97,"Do not be deterred by the physical methods of transformation. Soon, you will be beyond any physical concerns! You must have faith in the procecss.","변모의 육체적인 방식에 겁먹지 마라. 곧 너희는 육체의 걱정을 초월하게 될 것이다! 이 과정을 믿어야 한다."
0xAFF52ABF,"Where are you going? You fools! This is what we've been searching for all these years! This is what we have been waiting for. Don't listen to them! Come back! COME BACK!!!","어디로 가는 거냐? 이 멍청이들! 이게 바로 우리가 그 오랜 세월 동안 찾아 헤매던 것이다! 이게 바로 우리가 기다려 온 것이다. 저들 말을 듣지 마라! 돌아와! 돌아와!!!"
0xAFF52AC0,"This time there will be no escape for you, my friend. You have been most resourceful up until now, but my creation is free, reborn in the fierce heat of life itself! Now it's time to play your part...","이번엔 도망칠 곳이 없을 거다, 친구. 지금까지는 참으로 수완이 좋았지만, 내 창조물은 이제 자유다. 생명 그 자체의 맹렬한 열기 속에서 다시 태어났지! 이제 네가 역할을 할 차례다…"
0xAFF62AD4,"Your time has come. No need to be frightened! No reason to fight!  Many have gone before us, and now it's time for us to take the voyage together, transcend death... and let the future take its course. Join me, as I gaze upon the face of God!","때가 왔다. 두려워할 필요 없다! 싸울 이유도 없다! 많은 이들이 우리보다 먼저 떠났고, 이제 우리가 함께 여정을 떠날 때다. 죽음을 초월하고… 미래가 제 길을 가도록 하라. 나와 함께하라, 내가 신의 얼굴을 우러러보는 동안!"
0xB00AF9A4,"Burnout Ultimate Paradise","Burnout Ultimate Paradise"
0xB0563ABD,"Go to the Mining Deck","채굴 갑판으로 가라"
0xB06016A2,"Mercer got away.  I can only hope one of his beloved necromorphs finds him before I do.  Now that I've got the poison, it's time to go to the Hydroponics deck and kill that Leviathan creature before the air is totally contaminated.","머서가 도망쳤다. 내가 찾기 전에 그가 그토록 사랑하는 네크로모프 중 하나가 그를 찾아내길 바랄 뿐이다. 독극물을 구했으니, 공기가 완전히 오염되기 전에 재배구역 갑판으로 가서 그 거대괴물을 죽여야 한다."
0xB08F1BB9,"\nRecover Marker 3A.\nCleanse USG Ishimura and planetary mining operation by most thorough means.\nUse of nuclear capabilities authorized and advised. Ensure deep cleansing. No exceptions.\nFull debrief on return. This mission classed DENIABLE and STRICTLY NEED TO KNOW.\nNOTES:\nCadigan -\nI can't stress enough how much weight the brass is giving this. I wish I could tell you more, but you know how it is. Just know that the whole Earth Council is counting on you, and there could be a promotion waiting for you afterward. Remember, this is totally deniable. Destroy this log before you return.\n- Huang","\n마커 3A를 회수할 것.\nUSG 이시무라와 행성 채굴 작업을 가장 철저한 수단으로 정화할 것.\n핵무기 사용을 승인하며 권장함. 반드시 완전히 정화할 것. 예외는 없음.\n귀환 시 전면 보고. 이 임무는 부인 가능 작전이며 엄격한 필요 인원 한정 정보로 분류됨.\n메모:\n카디간 -\n윗선에서 이 일을 얼마나 중요하게 여기는지 아무리 강조해도 지나치지 않네. 더 말해 주고 싶지만, 사정은 자네도 알 거야. 지구 평의회 전체가 자네에게 기대를 걸고 있고, 끝나면 승진이 기다리고 있을지도 모른다는 것만 알아 두게. 명심하게, 이건 완전히 부인 가능한 작전일세. 귀환하기 전에 이 기록을 파기하게.\n- 황"
0xB0A74AF2,"Keith Jamerson","Keith Jamerson"
0xB0D729E0,"Speakers","스피커"
0xB10EC225,"VIDEOLOG\nADDED","영상 기록\n추가"
0xB17704B7,"Meet Hammond on the Bridge","브릿지에서 해먼드를 만나라"
0xB1999732,"SHOCK PAD","충격 패드"
0xB1AFCCE6,"PROXIMITY ERROR!","근접 오류!"
0xB1AFCCE7,"No adjacent node detected! Unable to process request","인접한 노드가 감지되지 않았습니다! 요청을 처리할 수 없습니다"
0xB1C21747,"Line Ammo Schematic","라인 건 탄약 설계도"
0xB1C9174D,"Down Arrow","방향키 아래"
0xB247172B,"Press Any Key","아무 키나 누르십시오"
0xB26D233C,"16","16"
0xB273B1B8,"POWER CELL DISENGAGED","파워 셀 분리됨"
0xB286563D,"What in god's name is going on down there?","대체 저 아래에서 무슨 일이 벌어지고 있는 겁니까?"
0xB286563F,"I'm not so sure of that... We have to assume that the colony's problems are somehow connected to the Marker.","저는 그렇게 확신할 수가 없습니다… 콜로니의 문제가 어떻게든 마커와 관련되어 있다고 봐야 합니다."
0xB2865641,"God moves in mysterious ways...","신께서는 신비로운 방식으로 역사하시지…"
0xB2865643,"Worried? Captain, people are dying down there. Killing each other. Is this madness the ""transformation"" Unitology teaches us? ","걱정이요? 선장님, 저 아래에서 사람들이 죽어 가고 있습니다. 서로를 죽이고 있다고요. 이 광기가 유니톨로지가 가르치는 ""변모""란 말입니까? "
0xB286566C,"That's what worries me. ","그게 제가 걱정하는 겁니다. "
0xB2865671,"Yes...we found something.","그래… 뭔가를 찾았지."
0xB28756B0,"Science log, Chief Science Officer Dr. Kyne reporting. The colony's problems concern me greatly. I have no doubt they are somehow linked to discovery of the marker, but the exact nature of that connection is still unknown. Almost 40 percent of the colonists are experiencing a form of dementia. The obvious symptoms are acute depression, insomnia and hallucination.  Incidence of violence and even murder also indicate extreme paranoia.  Dr. Mercer has advised that I bring some of the affected on board for study.  Dr. Welland, the planetside psychiatrist, has reported that his own analysis has been fruitless. I'm hesitant to rely on Dr. Mercer at this point, but I need his expertise. We need solutions and we need them quickly.","과학 기록, 수석 과학관 카인 박사 보고. 콜로니의 문제가 매우 걱정된다. 마커의 발견과 어떻게든 연관되어 있다는 데는 의심의 여지가 없지만, 그 연관성의 정확한 성격은 아직 알 수 없다. 콜로니 주민의 거의 40퍼센트가 일종의 치매 증상을 겪고 있다. 뚜렷한 증상은 급성 우울증, 불면증, 환각이다. 폭력 사건과 심지어 살인까지 발생하는 것으로 보아 극심한 편집증도 나타나고 있다. 머서 박사는 증상을 보이는 사람 일부를 연구를 위해 우주선으로 데려오라고 조언했다. 행성의 정신과 의사인 웰런드 박사는 자신의 분석으로는 아무 성과가 없었다고 보고했다. 지금 시점에서 머서 박사에게 의지하는 것은 망설여지지만, 그의 전문 지식이 필요하다. 해결책이 필요하다, 그것도 빨리."
0xB29C0830,"\n","\n"
0xB2C02EBE,"Impossible","불가능"
0xB2D75AAE,"Settle down, Ben. Hold him! By maritime law article 5469 I hereby declare Captain Benjamin Mathius unfit for duty.","진정하십시오, 벤. 붙잡아! 해사법 5469조에 의거하여, 본인은 벤자민 머싸이어스 선장이 직무 수행에 부적합함을 선언한다."
0xB2D75AB1,"I'm sorry, Ben, but I can't let you do this.","미안합니다, 벤. 하지만 이렇게 두고 볼 수는 없습니다."
0xB2D75ADC,"Hold his head!","머리를 잡아!"
0xB2D85AE8,"No! It was an accident! I had to stop him...","안 돼! 사고였어! 그를 막아야 했다고…"
0xB2D9C3AB,"Stefano Mozzi","Stefano Mozzi"
0xB2D9C3AC,"Daniele Sacco","Daniele Sacco"
0xB2EC44B9,"MERCER'S LAST SERMON","머서의 마지막 설교"
0xB2F6B164,"[LDDown]","[LDDown]"
0xB3166F64,"Brian Burke","Brian Burke"
0xB3166F65,"Addison Eisenbarth-Debolt","Addison Eisenbarth-Debolt"
0xB3166F66,"Cameron Folds","Cameron Folds"
0xB3166F67,"Jeep Naarkom","Jeep Naarkom"
0xB3166F68,"Neal Thibodeaux","Neal Thibodeaux"
0xB3166F69,"Shane Ushiyama","Shane Ushiyama"
0xB3166F6A,"Mang Vue","Mang Vue"
0xB3166F6B,"Ryan Walker","Ryan Walker"
0xB3166F6C,"Kyle Winkelman","Kyle Winkelman"
0xB326BAA8,"There's some thermite stored near the Main Lab.  A small amount of that, plus a timed electrical charge, and I should be able to blow through that barricade.","주 연구실 근처에 고열폭약이 보관되어 있다. 그걸 조금 가져다가 시한 전기 충격만 더하면, 저 방어벽을 날려 버릴 수 있을 것이다."
0xB34E6871,"Get back! Come any closer and... and I'll shoot him! Give me the access codes to the cargo bay!","물러서! 가까이 오면… 이놈을 쏘겠다! 화물칸 접근 코드를 내놔!"
0xB34E6873,"Don't lie to me! I'm sick of everyone lying to me! It is imperative that I get the marker! Give me those codes!","거짓말하지 마! 다들 나한테 거짓말하는 거 지긋지긋해! 난 반드시 마커를 가져가야 해! 그 코드를 내놔!"
0xB34E6875,"IDIOTS! It's the only way to stop it... The only way to end this!","멍청이들! 이게 그걸 멈출 유일한 방법이야… 이 모든 걸 끝낼 유일한 방법이라고!"
0xB34F4EE6,"CREATING THE POISON","독극물 제조"
0xB3514396,"Chapter 7: Into the Void","7장: 공허 속으로"
0xB35369B2,"Mr. Clarke! I need to speak with you... My name is Terrance Kyne... Doctor Kyne. Listen to me, there isn't much time... If you really can repair the shuttle... there is a better use for it than just running away. You must understand, the forces at work here are... greater than you can imagine. If you leave now...you condemn all humanity! The planet will never stop, never rest, unless the Marker is returned. Don't you see? The Church is wrong! This is all a trap! I've seen it... Please, you must help me!","클라크 군! 할 얘기가 있네… 내 이름은 테런스 카인… 카인 박사일세. 잘 듣게, 시간이 별로 없어… 자네가 정말 그 우주선을 고칠 수 있다면… 그냥 도망치는 것보다 더 나은 곳에 쓸 수 있네. 이해해야 하네, 여기서 작용하고 있는 힘은… 자네가 상상하는 것보다 훨씬 거대해. 지금 떠나면… 인류 전체를 파멸로 몰아넣는 거야! 마커가 되돌아가지 않는 한 저 행성은 절대 멈추지도, 쉬지도 않아. 모르겠나? 교회가 틀렸어! 이건 전부 함정이야! 난 봤네… 제발, 날 도와줘야 하네!"
0xB3546A1D,"Mr. Clarke! I really... must speak with you! I'm very close to your position, and... and I know you'll want to hear what I have to say. I can explain all this! I know what happened!","클라크 군! 정말… 꼭 할 얘기가 있네! 지금 자네 위치 바로 근처에 있는데… 분명 내 말을 듣고 싶어 할 걸세. 이 모든 걸 설명해 줄 수 있네! 무슨 일이 있었는지 알고 있어!"
0xB3546A1E,"When you have the Nav cards, I'll let you into the Security Station.  We must talk. Hurry!","운항카드를 구하면 보안 구역으로 들여보내 주겠네. 얘기를 좀 해야 해. 서두르게!"
0xB3546A20,"Amelia? No...No no NO NO! The shuttle is mine. I control access to the shuttle! If it could make the journey... I could fix everything... I'm sorry, Mr. Clarke. Unless you can prove to me you can get it space worthy again, I'm afraid I can't let you through. I need to know you're on my side!","아멜리아? 아냐… 안 돼, 안 돼, 안 돼! 그 우주선은 내 거야. 우주선 출입은 내가 통제한다고! 그 우주선이 여정을 해낼 수만 있다면… 모든 걸 바로잡을 수 있어… 미안하네, 클라크 군. 자네가 그 우주선을 다시 우주 비행이 가능하게 만들 수 있다는 걸 증명하지 않으면, 통과시켜 줄 수 없네. 자네가 내 편이라는 걸 알아야 해!"
0xB3556A5D,"Excellent work, Mr. Clarke! Excellent work. Now... come and meet me in the Executive area. The door is unlocked. Be quick. ","훌륭하네, 클라크 군! 정말 훌륭해. 이제… 간부 구역으로 와서 날 만나게. 문은 열려 있네. 서두르게. "
0xB3556A5F,"Ameila, I knew that you would know what to do, I knew, I love you so... You made it! Thank god, you made it... I've been following your progress. I know you want to repair the Executive shuttle and  leave this place, but... Escape is impossible at this point. The... the shuttle's shockpoint drive is destroyed.   No no no no no no no, don't lose hope! Don't lose hope... At first I lost hope, I tried to scuttle the ship, sabotage the systems... but Amelia... she changed things. The church! They think the Marker is divine, but they don't know what's happened here! What's been released! Look, look, look... Look at this:","아멜리아, 당신이라면 어떻게 해야 할지 알 줄 알았어, 알고 있었어, 정말 사랑해… 왔군! 다행이야, 무사히 왔어… 자네가 오는 과정을 계속 지켜보고 있었네. 간부용 우주선을 수리해서 이곳을 떠나고 싶겠지만… 지금으로선 탈출은 불가능해. 그… 그 우주선의 쇼크포인트 드라이브가 파괴됐거든. 아냐 아냐 아냐 아냐 아냐 아냐, 희망을 잃지 말게! 희망을 잃지 마… 나도 처음엔 희망을 잃고, 우주선을 침몰시키려 했고, 시스템을 파괴하려 했지… 하지만 아멜리아가… 그녀가 모든 걸 바꿔 놓았네. 교회 말일세! 그들은 마커가 신성하다고 생각하지만, 여기서 무슨 일이 일어났는지 몰라! 무엇이 풀려났는지! 보게, 보게, 보라고… 이걸 보게:"
0xB3566A69,"That is what we found, in the core of the planet... Mercer calls it the Hive Mind.  It's the source...controlling the necromorphs telepathically! We were so STUPID! But Amelia, she knew! She knew it could be stopped... by returning the Marker to the planet!  The Marker was containing it within the planet.  Return the Marker, and seal the Hive Mind! Please, I'm sorry Amelia... I bear much of the responsibility for this tragedy. Now, I must take responsibility for ending it, and atone for my sins. But you can help me. If you repair the shuttle, and bring the Marker back on board... We can end this. Forever.","이게 우리가 행성의 핵에서 발견한 거야… 머서는 이걸 하이브 마인드라고 부르지. 이게 근원이야… 텔레파시로 네크로모프들을 조종하고 있어! 우리가 너무 멍청했어! 하지만 아멜리아는, 그녀는 알고 있었네! 이걸 멈출 수 있다는 걸… 마커를 행성으로 되돌려 놓으면! 마커가 이걸 행성 안에 가둬 두고 있었던 거야. 마커를 되돌려 놓으면 하이브 마인드를 봉인할 수 있어! 제발, 미안해 아멜리아… 이 비극의 책임 상당 부분은 내게 있네. 이제 난 이걸 끝낼 책임을 지고, 내 죄를 속죄해야 해. 하지만 자네가 날 도울 수 있네. 자네가 우주선을 고치고, 마커를 다시 싣는다면… 우리가 이걸 끝낼 수 있어. 영원히."
0xB3566A6C,"Excellent! Excellent! Wait there for me, I'm on my way.","훌륭해! 훌륭해! 거기서 기다리게, 지금 가겠네."
0xB3566A6D,"It works?  Yes, this will work! There's still time to make things right! The shuttle needs to be released before launch... The Control Platform, there! I need you to guide the undocking procedure while I start the shuttles engines. This will make us whole again. Hurry! I'll take the shuttle up to the Flight Deck where the Marker is being held!","작동하나? 그래, 이거면 될 거야! 아직 바로잡을 시간이 있어! 발사 전에 우주선 고정 장치를 풀어야 하네… 저기, 조종 플랫폼! 내가 우주선 엔진을 가동하는 동안 자네가 도킹 해제 절차를 진행해 주게. 이걸로 우리는 다시 하나가 될 걸세. 서두르게! 마커가 보관된 비행 갑판으로 우주선을 가져가겠네!"
0xB3566A6E,"I'm en route to the Flight Deck. Meet me there, and we can load the Marker on board.  Yes, Amelia. Soon, we'll take it home...","비행 갑판으로 가는 중이네. 거기서 만나 마커를 싣도록 하지. 그래, 아멜리아. 곧, 집으로 가져갈 거야…"
0xB3566A72,"Mr. Clarke, I'm approaching the shuttle hangar. You must... You must find your way to the Cargo Bay! The Marker... it's being stored in there. There's a cargo loading lift there you can use to deliver the Marker up to the hangar. Please... you must help me with this! It's the only way...","클라크 군, 우주선 격납고에 다가가고 있네. 자네는… 자네는 화물칸으로 가는 길을 찾아야 해! 마커가… 거기 보관되어 있네. 거기 있는 화물 적재용 승강기로 마커를 격납고까지 올릴 수 있어. 제발… 이 일을 꼭 도와줘야 하네! 이게 유일한 방법이야…"
0xB3566A9D,"The cargo lift has arrived! The Marker is in the hangar bay. Now you can load it into the shuttle.  Hurry!","화물 승강기가 도착했네! 마커는 격납고에 있어. 이제 우주선에 실을 수 있네. 서두르게!"
0xB3566A9E,"Excellent!  I'm going to dock the shuttle.  Got to be careful now...careful...","훌륭해! 우주선을 도킹시키겠네. 이제 조심해야 해… 조심…"
0xB3566A9F,"It's on board! Please, come and join me. Together we can stop this Hive Mind! We can end this nightmare! At last!","마커를 실었네! 제발, 이리 와서 함께 가세. 함께라면 이 하이브 마인드를 멈출 수 있어! 이 악몽을 끝낼 수 있어! 드디어!"
0xB3691702,"Complete Chapter 5 on any difficulty setting","아무 난이도로 5장 완료"
0xB37E7441,"Over here! Hurry, there's no time to waste, we must do it... Wait... Amelia... where are you going... wait.","이쪽이야! 서둘러, 지체할 시간이 없어, 우리가 해야 해… 잠깐… 아멜리아… 어디 가는 거야… 기다려."
0xB390173A,"SOS BEACON","SOS 신호기"
0xB396EDC4,"[Paths]Paths","[Paths]경로"
0xB3BC9CB0,"SUIT","보호복"
0xB3BD1047,"Tim Comerford","Tim Comerford"
0xB3C75C29,"CHAMBER SCAN SYSTEM","실내 스캔 시스템"
0xB3EDD86A,"MERCER AND KYNE","머서와 카인"
0xB3FA823C,"Medium","보통"
0xB40084BE,"What are you waiting for? Hit the switch to release the shuttle.","뭘 기다리고 있나? 스위치를 눌러서 우주선 고정 장치를 풀게."
0xB40084BF,"We can't fix any of this unless you release the shuttle. ","자네가 우주선 고정 장치를 풀지 않으면 아무것도 바로잡을 수 없네. "
0xB40084C1,"The button is on the console. Are you blind? ","버튼은 콘솔에 있네. 눈이 멀었나? "
0xB40084C2,"I'm bringing the shuttle down now. The automated loading controls aren't responding. You'll have to shut down gravity in the hangar bay and then manually bring the Marker directly beneath the shuttle.","지금 우주선을 내리고 있네. 자동 적재 조종 장치가 반응하지 않는군. 자네가 격납고의 중력을 끈 다음, 마커를 우주선 바로 아래로 직접 가져와야 하네."
0xB40084C3,"Okay, it's in position. Eh, still having trouble with these damn loading controls. Isaac, restore gravity to the room.  I should be able to load the marker then.","좋아, 제자리에 들어갔군. 음, 이 망할 적재 조종 장치가 아직도 말썽이군. 아이작, 실내 중력을 복구해 주게. 그러면 마커를 실을 수 있을 거야."
0xB40084EF,"Hold him!","붙잡아!"
0xB410B241,"QA Database Administrator","QA 데이터베이스 관리자"
0xB41B0701,"CORRUPTION","오염"
0xB42E2018,"[RDDown]SYSTEMS ONLINE.","[RDDown]시스템 작동."
0xB4883537,"Re-Fuel the Engine","엔진에 연료를 보충하라"
0xB4A8B291,"Chapter 2: Intensive Care","2장: 집중 치료"
0xB4DFD7BE,"Antonio Moya","Antonio Moya"
0xB4DFD7BF,"Ferran Pons","Ferran Pons"
0xB4DFD7C0,"Daniel Santos Fonseca","Daniel Santos Fonseca"
0xB54AEC2A,"- 100","- 100"
0xB5590CA3,"Personal log, acting Chief Engineer Jacob Temple. It's been two days since they pulled that planet open... since the captain died. The panic, the riots... they were nothing compared with what came after.  Our friends, our co-workers, started coming back... Changed... coming back to kill us, drag us away. Rucker disappeared this morning, and I have to assume he's dead. My crew... they're starting to crack.  I'm trying to keep an eye on them, but right now I have bigger problems- we're hemorrhaging fuel and the primary engine is laboring. Danvers and I are going to try to reach the fuel depot to see if we can fix it. Temple out.","개인 기록, 수석 기술자 대행 제이콥 템플. 그들이 저 행성을 쪼갠 지… 선장이 죽은 지 이틀이 지났다. 공황, 폭동… 그건 그 뒤에 온 것들에 비하면 아무것도 아니었다. 우리 친구들, 동료들이 돌아오기 시작했다… 변해서… 우리를 죽이고, 끌고 가려고 돌아왔다. 러커는 오늘 아침 사라졌고, 죽었다고 생각할 수밖에 없다. 내 부하들은… 무너지기 시작했다. 계속 지켜보려고 하지만, 지금은 더 큰 문제가 있다. 연료가 줄줄 새고 있고 주엔진도 버거워하고 있다. 댄버스와 함께 연료 저장소까지 가서 고칠 수 있는지 볼 것이다. 템플 종료."
0xB5590CA4,"What in hell is going on here? Danvers!","대체 여기 무슨 일이야? 댄버스!"
0xB5590CA7,"Henderson! For god's sake!","헨더슨! 제발 좀!"
0xB5590CD1,"Relax, he's alive. But he hit that door pretty hard.","진정해, 살아 있어. 그래도 문에 꽤 세게 부딪혔어."
0xB5590CD3,"Leave that to the shrinks. All we can do is get him to sick bay.","그건 정신과 의사들한테 맡겨. 우리가 할 수 있는 건 의무실로 데려가는 것뿐이야."
0xB55A0CDE,"Shut it, Danvers! Shut... it! Engineering log. Temple reporting. Someone has shut off the fuel lines to the primary engine, and damaged the valves in the process. They need to be repaired before I can re-open them, but we're running out of time. With the engine offline, orbit decay will begin in less than ten hours. I just can't understand who would do this.  If it's one of those crazy Unitologist bastards, I'll break their neck.","닥쳐, 댄버스! 닥… 쳐! 엔진 구역 기록. 템플 보고. 누군가 주엔진으로 가는 연료선을 차단했고, 그 과정에서 밸브를 망가뜨렸다. 다시 열려면 수리가 필요한데, 시간이 없다. 엔진이 꺼진 상태로는 10시간도 안 돼 궤도가 무너지기 시작할 것이다. 도대체 누가 이런 짓을 했는지 모르겠다. 그 미친 유니톨로지 개자식 중 하나라면, 목을 부러뜨려 버리겠다."
0xB55A0CE0,"Shut up, Danvers and help me with the tools. Temple out.","닥치고 공구나 좀 도와, 댄버스. 템플 종료."
0xB55A0CE1,"This is Temple. Now the centrifuge is offline! We've got four trillion tons of rock hanging off our ass, and without that centrifuge to balance the ship, the gravity tethers will pull us straight down to the colony! I'm heading in there now to see if I can fix it.","여기는 템플. 이번엔 원심분리기가 멈췄다! 우리 엉덩이에 4조 톤짜리 바위가 매달려 있는데, 우주선 균형을 잡아 줄 원심분리기가 없으면 중력 올가미가 우릴 곧장 콜로니로 끌어내릴 거다! 지금 들어가서 고칠 수 있는지 보겠다."
0xB55A0D13,"This is Temple. Screw the engine. I can't restart it by myself, and with all the other shit going on, it's obvious this is  sabotage. I'm heading for the bridge, and then I need to find Elizabeth. I've got to get her off this ship, it's not safe.","여기는 템플. 엔진은 집어치워. 혼자서는 재가동할 수 없고, 다른 온갖 일들까지 벌어지는 걸 보면 이건 명백한 방해 공작이다. 브릿지로 가서 엘리자베스를 찾아야겠다. 그녀를 이 우주선에서 내보내야 해, 여긴 안전하지 않아."
0xB55F0E1A,"This is Temple. The bridge is fucked. I don't know what went on in there, but I'm not sticking around in case whatever did it comes back. I'm heading for Hydroponics, to find Elizabeth.","여기는 템플. 브릿지는 끝장났다. 거기서 무슨 일이 있었는지는 모르겠지만, 그걸 저지른 게 돌아올지도 모르니 어슬렁거리지 않겠다. 엘리자베스를 찾으러 재배구역으로 간다."
0xB560F793,"Skate 2","Skate 2"
0xB563C7C7,"Travis Fike","Travis Fike"
0xB563C7C8,"Carlos Fuentes","Carlos Fuentes"
0xB563C7C9,"Jonathan Goodlow","Jonathan Goodlow"
0xB563C7CA,"Matthew Hutchinson","Matthew Hutchinson"
0xB563C7CB,"Nathan Kennedy","Nathan Kennedy"
0xB563C7CC,"John Kuraica","John Kuraica"
0xB563C7CD,"Matt McCulloch","Matt McCulloch"
0xB563C7CE,"Geoffrey Nahashon","Geoffrey Nahashon"
0xB563C7CF,"Masashi Otake","Masashi Otake"
0xB58834AD,"Additional Design","추가 디자인"
0xB58C89AC,"CHEM LAB REPORT\nFROM: PROF. JAGERWALD, H.\nATTN: DR. CROSS, E.\nElizabeth -\nNo doubt you're aware of the organic growth found in some parts of the ship. I've been examining the substance and thought the results would interest you.\nThe cells most closely resemble bacteria, with viral behavior. Like bacteria, the organism infects other cells through osmosis, then mutates and reproduces agamogenetically.","화학 연구실 보고서\n발신: 예거발트 H. 교수\n수신: 크로스 E. 박사\n엘리자베스에게 -\n우주선 일부 구역에서 발견된 유기물 증식에 대해서는 이미 알고 있을 거라 생각하네. 그 물질을 조사해 봤는데, 결과가 자네에게 흥미로울 것 같아서 말이야.\n세포는 박테리아와 가장 흡사하지만, 바이러스처럼 행동하네. 박테리아처럼 삼투 작용을 통해 다른 세포를 감염시킨 다음, 변이하여 무성생식으로 번식하지."
0xB58D199F,"This is Temple, Acting Chief Engineer. I came down here to find Dr Elizabeth Cross, but she's not here. In fact, I can't find anyone. Just more of this organic shit everywhere. I'm going to check the Mining deck, it's about the only place I haven't looked yet.","여기는 수석 기술자 대행 템플이다. 엘리자베스 크로스 박사를 찾으러 여기까지 내려왔지만, 여기 없다. 사실 아무도 찾을 수가 없다. 그저 사방에 이 유기물 쓰레기뿐이다. 채굴 갑판을 확인해 보겠다. 아직 찾아보지 않은 곳은 거기뿐이다."
0xB5AF5C26,"[RDRight]Cancel","[RDRight]취소"
0xB5D51BA8,"This is Temple. I found Elizabeth, but there isn't a single spaceworthy vessel in the whole goddamn bay!","여기는 템플. 엘리자베스는 찾았는데, 이 빌어먹을 격납고 전체에 우주 비행이 가능한 배가 한 척도 없다!"
0xB5D51BAA,"There's got to be one around here somewhere.","이 근처 어딘가에 하나는 있을 거야."
0xB61F4CDF,"The beacon's on its way, broadcasting loud and clear.  Now we cross our fingers and hope someone picks up the signal.  The chances are slim, but it's our only hope.  Kendra says there's something wrong with the Communications Array, which means if someone tries to reach us, we can't hear them.  Got to get back to the Bridge and fix it.","신호기가 출발해서 크고 선명하게 송신하고 있다. 이제 행운을 빌며 누군가 신호를 잡아 주기를 바랄 수밖에 없다. 가능성은 희박하지만, 그게 유일한 희망이다. 켄드라 말로는 통신배열에 문제가 있어서, 누군가 우리에게 연락하려 해도 들을 수 없다고 한다. 브릿지로 돌아가서 고쳐야 한다."
0xB633893E,"Checkpoint","체크포인트"
0xB68A847A,"GIVE UP ISAAC!","포기해, 아이작!"
0xB68B0FCE,"You can replay your logs from the Database Screen.","기록 자료 화면에서 기록을 다시 재생할 수 있다."
0xB68B0FCF,"Dismember enemies to kill them quickly and conserve ammo.","적의 사지를 절단하면 빠르게 죽이고 탄약을 절약할 수 있다."
0xB68B0FD0,"Find Schematics to buy new weapons and items at the Store.","설계도를 찾으면 상점에서 새 무기와 아이템을 구매할 수 있다."
0xB68B0FD1,"Use Stasis to slow down enemies, making them easier to kill.","감속장비를 사용하면 적을 느리게 만들어 더 쉽게 죽일 수 있다."
0xB68B0FD2,"Use Secondary Fire modes on your weapons to discover new combat strategies.","무기의 보조 사격 모드를 사용해 새로운 전투 전략을 찾아보자."
0xB68B0FD3,"Upgrade your weapons by spending Power Nodes at the Upgrade Bench.","업그레이드 벤치에서 파워 노드를 사용해 무기를 업그레이드할 수 있다."
0xB68B0FD4,"Buy a new uniform at the Store to increase your Inventory Slots and Armor.","상점에서 새 유니폼을 구매하면 가방 칸과 방어력이 늘어난다."
0xB68B0FD5,"Select your weapons on the Inventory Screen to assign them to different Quick Menu Slots.","가방 화면에서 무기를 선택하면 각기 다른 퀵 메뉴 칸에 지정할 수 있다."
0xB68B0FD6,"Use Kinesis to grab enemy body parts and shoot them as weapons.","유도장비로 적의 신체 부위를 붙잡아 무기로 발사할 수 있다."
0xB68C100C,"Move items to the Safe from the Store menu if your inventory is full.","가방이 가득 차면 상점 메뉴에서 아이템을 보관함으로 옮길 수 있다."
0xB68C100D,"Check Isaac's Commentary on the Objectives screen for additional information on your objectives.","목표 화면의 아이작 코멘트에서 목표에 대한 추가 정보를 확인할 수 있다."
0xB6C0740E,"SHUTTLE CONTROL","@ 운송선 조종기"
0xB6C327D6,"Scott Whitney","Scott Whitney"
0xB6C66E0B,"Czech Translator","체코어 번역"
0xB6C76E3C,"German Translator","독일어 번역"
0xB6C86E89,"Spanish Translator","스페인어 번역"
0xB6C96EC7,"French Translator","프랑스어 번역"
0xB6CB6F48,"Hungarian Translator","헝가리어 번역"
0xB6CC6F86,"Italian Translator","이탈리아어 번역"
0xB6D37137,"Polish Translator","폴란드어 번역"
0xB6D571BE,"Russian Translator","러시아어 번역"
0xB6ED8EA7,"TEMPLE AND ELIZABETH","템플과 엘리자베스"
0xB6EEA6DE,"ADS IS BACK ONLINE","ADS 재가동"
0xB74D69DA,"Slugger","강타자"
0xB79965B7,"Find the Shock Pad","충격 패드를 찾아라"
0xB7B590F9,"QUARANTINE!","격리!"
0xB7BDD610,"Bring this schematic to the store to unlock the Line Racks.","이 설계도를 상점에 가져가면 라인 랙의 잠금이 해제됩니다."
0xB7FB128D,"Full Contact","풀 콘택트"
0xB806871A,"POWER CONTROL","@ 전원 조종기"
0xB818A4EE,"Continue","계속"
0xB84983E4,"Environment Art Lead","환경 아트 리드"
0xB857CF1D,"Are you sure you want to delete %1?","%1을(를) 삭제하시겠습니까?"
0xB8704D42,"Engineering","엔지니어링"
0xB88115F2,"Chris Stone","Chris Stone"
0xB8858E6C,"Glen A. Schofield","Glen A. Schofield"
0xB8972561,"STASIS DOOR","감속장비 문"
0xB8A251CD,"FORCE GUN\nSchematic Acquired\nDownload at the Store","포스건\n설계도 획득\n상점에서 다운로드"
0xB8AF0390,"///brightness","/// 밝기"
0xB8C35616,"He's... he's dead...","그… 그가 죽었어…"
0xB8C45621,"Arrest the Doctor!","박사를 체포해!"
0xB8E5F0E5,"One of the cannons has failed to start, which means a big portion of the ship is unprotected.  I've got to take manual control and buy Hammond enough time to fix it on his end.","캐논 하나가 가동되지 않아서 우주선의 상당 부분이 무방비 상태다. 해먼드가 자기 쪽에서 고칠 수 있도록 내가 수동으로 조종해서 시간을 벌어야 한다."
0xB8E99343,"Chris Brown","Chris Brown"
0xB929EFC5,"Quick Health Pack","빠른 회복제"
0xB9366DF5,"Jasper Kaw","Jasper Kaw"
0xB9366DF6,"Tim Olson","Tim Olson"
0xB9366DF7,"Jonathan Simas","Jonathan Simas"
0xB9940F44,"Pull Down","아래로 당기시오"
0xB99F0BA0,"140","140"
0xB99FB917,"Move to Safe","보관함으로 옮기기"
0xB99FB918,"Move to Inventory","가방으로 옮기기"
0xB9A9B0D0,"RIPPER AMMO","리퍼 탄약"
0xB9C92A8C,"Technical Artist","테크니컬 아티스트"
0xBA01162C,"Integration Engineers","통합 엔지니어"
0xBA388328,"Make us whole again.","우리를 다시 하나로 만들어 줘."
0xBA4ACE86,"New Game","새 게임"
0xBA6F9A16,"Invert X-axis","X축 반전"
0xBA6F9A17,"Invert Y-axis","Y축 반전"
0xBA7BDF28,"Vamsee Kiran","Vamsee Kiran"
0xBA7BDF29,"Chaitanya Reddy","Chaitanya Reddy"
0xBA85C365,"Survive the ADS Cannon with over 50% shield strength remaining","실드 내구도 50% 이상 남긴 채 ADS 캐논 구간에서 생존"
0xBAAA9637,"Find the Data Board","데이터보드를 찾아라"
0xBAC3059A,"RIPPER","리퍼"
0xBB1EED4E,"QA Manager","QA 매니저"
0xBB5F7DA3,"Dave Koerner","Dave Koerner"
0xBBA227F5,"David Farmer","David Farmer"
0xBBA227F6,"William Rudolph","William Rudolph"
0xBBA227F7,"Soundelux","Soundelux"
0xBBAE193B,"Alex Charlow","Alex Charlow"
0xBBDF2A20,"///downloads","///다운로드"
0xBBE77BBA,"MOVE, LOOK, RUN","이동, 시점, 달리기"
0xBBF75CED,"Debug Load Level","디버그 레벨 불러오기"
0xBC2AA65A,"11","11"
0xBC688A1E,"STATUS UPDATE...","상태 갱신..."
0xBC698A5D,"PRIMARY MISSION ASSETS...","주요 임무 자산..."
0xBC81E019,"SMALL CURRENCY","소형 화폐"
0xBCA09BBD,"Brightness","밝기"
0xBCD1BB10,"Zero-G Jump over 100 times","무중력 점프 100회 이상"
0xBCD38F50,"Missions Hotkey","임무 단축키"
0xBCD708E0,"Yes","예"
0xBD1504AF,"%1 appears to be damaged and cannot be used.","%1이(가) 손상되어 사용할 수 없습니다."
0xBD2BDBAB,"Jay Wells","Jay Wells"
0xBD433678,"OFFLINE","작동 중지"
0xBD5A67AE,"requires %d node(s)","노드 %d개 필요"
0xBD5A67AF,"use %d node(s)","노드 %d개 사용"
0xBD6EFF8B,"Han Xiao Yu","Han Xiao Yu"
0xBD6EFF8C,"Jin Yue","Jin Yue"
0xBD83AEA7,"[Plus]","[Plus]"
0xBDAAA059,"Test Lead","테스트 리드"
0xBDBB1B7D,"Log Database","기록 자료"
0xBDBD77F0,"Select a device","장치를 선택하십시오"
0xBDE9A1D1,"Basic Controls","기본 조작"
0xBE17DBB8,"EFFICIENCY CIRCUIT (CAP)","효율 회로 (CAP)"
0xBE17DBB9,"This will upgrade your CAPACITY by %g pts.","용량이 %g 포인트 업그레이드됩니다."
0xBE1CB51A,"Achieve a perfect score in the Shooting Gallery","사격장에서 만점 획득"
0xBE2B2795,"Map","지도"
0xBE827977,"Port Corridors","좌현 통로"
0xBE827978,"Torpedo Room","어뢰실"
0xBE827979,"Ore Storage","광석 저장실"
0xBE82797A,"Tram Station","정거장"
0xBE82797B,"Barracks Corridors","막사 통로"
0xBE82797C,"Cargo Bay","화물실"
0xBE82797D,"Armory","무기고"
0xBEA52722,"The poison dissolved some of the corruption, enough to allow me inside Food Storage.  But the Leviathan is still alive.  ","독이 오염을 어느 정도 녹여서 식량 저장고 안으로 들어갈 수 있게 됐다. 하지만 거대괴물은 아직 살아 있다.  "
0xBF2ABD78,"Chemical Lab","화학 연구실"
0xBF2ABD79,"Cryogenics","극저온실"
0xBF2ABD7A,"Cryogenics Tram Hall","극저온 구역 전동차 현관"
0xBF2ABD7B,"Cryogenics Tram Station","극저온 구역 정거장"
0xBF7AC865,"CLUTCH ENGAGED","클러치 연결됨"
0xBF82AC09,"Kristine Barrett","Kristine Barrett"
0xBF82AC0A,"Larry Chandler","Larry Chandler"
0xBF937A42,"VMC India","VMC India"
0xBFA56F99,"Ammo for the Ripper.","리퍼 탄약."
0xBFBF8B15,"BETRAYAL","배신"
0xBFCC33C0,"EMERGENCY OVERRIDE SYSTEM","-- 비상 강제 조작 시스템 --"
0xC0346324,"UPGRADE BENCH","업그레이드 벤치"
0xC0B272A5,"STASIS MODULE","감속장비"
0xC0C50F54,"Kill the Hive Mind","하이브 마인드를 처치하라"
0xC105D803,"\nThis is classic sociopathic behavior, but Harris exhibits no other symptoms. He is affable and friendly, able to empathize and offer original opinions. When questioned about the murder, however, he becomes withdrawn and intransigent, displaying schizophrenic behavior. He also undergoes intermittent hallucinatory periods, again similar to those experienced by other colonists.\nHarris claims he threatened the Doctor because he ""had to stop the dreams and the faces"", and that he'll kill again to ""Make it whole again"". What that means, I haven't determined yet. A most intriguing case.","\n전형적인 반사회적 인격 장애 행동이지만, 해리스는 다른 증상은 전혀 보이지 않는다. 그는 붙임성 있고 친근하며, 공감할 줄 알고 독창적인 의견도 제시한다. 그러나 살인에 대해 질문을 받으면 위축되고 완고해지며 조현병적인 행동을 보인다. 또한 간헐적인 환각 증상을 겪는데, 이 역시 다른 콜로니 주민들이 겪는 것과 비슷하다.\n해리스는 ""꿈과 얼굴들을 멈춰야 했기"" 때문에 박사를 위협했다고 주장하며, ""다시 하나로 만들기"" 위해 또 살인을 저지를 것이라고 한다. 그게 무슨 의미인지는 아직 알아내지 못했다. 매우 흥미로운 사례다."
0xC112117F,"Complete Chapter 2 on any difficulty setting","아무 난이도로 2장 완료"
0xC11777EE,"Ron Booth","Ron Booth"
0xC11777EF,"Rolando Chan-Law","Rolando Chan-Law"
0xC11777F0,"Chris Chu","Chris Chu"
0xC11777F1,"Marc David","Marc David"
0xC11777F2,"John Melvin","John Melvin"
0xC1308226,"FUSES","퓨즈"
0xC136252E,"Easy","쉬움"
0xC14D4166,"Bloom","블룸"
0xC15EB5DF,"ON","켜짐"
0xC16A4B54,"Gravity offline","중력 작동 중지"
0xC16BCB28,"Hammond's right about this one. Ships like the Ishimura use massive centrifuges to negate the pull of dismantled pieces of planet. Undoubtedly, it's offline so I'll need to assess the problem and get it restarted.\n","이번엔 해먼드 말이 맞다. 이시무라 같은 함선은 거대한 원심분리기를 사용해 해체된 행성 조각의 인력을 상쇄한다. 분명 원심분리기가 작동을 멈췄을 테니, 문제를 파악해서 다시 가동시켜야 한다.\n"
0xC18C48BE,"This will upgrade your CHARGE by %g sec.","충전 시간이 %g초 업그레이드됩니다."
0xC1920218,"CREW KEY","승무원 열쇠"
0xC192D768,"Volker Prott","Volker Prott"
0xC198E620,"Please stand still while decontamination is in progress.","오염 제거가 진행되는 동안 움직이지 마십시오."
0xC1ACFC4C,"[Exit_Rig]Exit","[Exit_Rig]나가기"
0xC1AE91A7,"HEALTH","체력"
0xC1D21A33,"Complete the game on the hardest difficulty setting","최고 난이도로 게임 클리어"
0xC210A9FF,"I wish I could just talk to someone. It's all falling apart here.","누구든 그냥 얘기라도 할 수 있으면 좋겠어. 여긴 모든 게 무너지고 있어."
0xC23DFEF8,"CHEMICAL CAPSULE W/DNA","DNA 혼합 화학 캡슐"
0xC27D9EE2,"N/A","없음"
0xC2D4C761,"Marcel Elsner","Marcel Elsner"
0xC35A29E4,"WHITE'S LIST","화이트의 목록"
0xC40924ED,"Christian Teichmann","Christian Teichmann"
0xC40924EE,"Kerstin Mueller","Kerstin Mueller"
0xC454B880,"ENTER?","들어가시겠습니까?"
0xC454B881,"Purchase, sell, and store your items.","아이템을 구매, 판매, 보관합니다."
0xC487F787,"SUPERCAP OBJECTIVES","슈퍼캡 목표"
0xC48E105F,"RETRIEVE CARGO","-화물 회수 준비-"
0xC48E1060,"RETRIEVING CARGO","-화물 회수 중-"
0xC48E1061,"CRANE OFFLINE","크레인 작동 중지"
0xC4AA544F,"Kinesis\nRequired","유도장비\n필요"
0xC4C94577,"Malfunction!","고장!"
0xC4FAB449,"This is a connector node.","연결 노드입니다."
0xC515B84D,"KP /","KP /"
0xC53EE6E0,"GETTING TO THE LEVIATHAN","거대괴물에게 접근"
0xC56A3613,"UNITED WE... ASCEND?\nIs Unitology a new hope, or just another scam?\nBy Carrie Van Ottken\n\nIf you've been living on Mars for the past 200 years, you might have missed the fastest-growing religious movement in history.\nUnitology boasts a following of millions, counts powerful CEOs and officials in its ranks, claims $78 billion of stock in multiglobal companies, and owns two of Earth's largest financial institutions (GPSG Financial and Unitas Energy Investments). From its beginnings as a cult of personality, Unitology has become a respected, established religion.","하나 되어… 승천하리?\n유니톨로지는 새로운 희망인가, 또 하나의 사기인가?\n캐리 반 오트켄 기자\n\n지난 200년간 화성에서 살았던 게 아니라면, 역사상 가장 빠르게 성장하는 종교 운동을 모를 리 없을 것이다.\n유니톨로지는 수백만 명의 신도를 자랑하며, 막강한 CEO와 관료들을 신도로 두고 있고, 다국적 기업의 주식 780억 달러어치를 보유하고 있다고 주장하며, 지구 최대 금융기관 중 두 곳(GPSG 파이낸셜과 유니타스 에너지 인베스트먼트)을 소유하고 있다. 개인숭배 집단으로 출발한 유니톨로지는 이제 존경받는 기성 종교가 되었다."
0xC5717CF0,"23","23"
0xC5AD2B4A,"ANOMOLIES DETECTED!","이상 물체 감지!"
0xC5C50A8F,"NICOLE'S REPORT","니콜의 보고"
0xC5CDB100,"Wreckage","잔해"
0xC5DD7064,"STRANGE TRANSMISSION","이상한 송신"
0xC5E8233E,"NODES","노드"
0xC5F0EE69,"Equip","장착"
0xC6341CF0,"Environment Artists","환경 아티스트"
0xC641E682,"Controls","조작 설정"
0xC6685A1A,"     ISHIMURA TRAM SYSTEM     ISHIMURA TRAM SYSTEM","     이시무라 전동차 시스템     이시무라 전동차 시스템"
0xC6A59643,"TEXTLOG\nADDED","문서 기록\n추가"
0xC6B6EE23,"30","30"
0xC72B0165,"There is a sample of the necromorph's DNA somewhere on this deck.  Kendra needs me to find it to mix with the Chemical Capsule, in order to target the creature's pathology.","이 갑판 어딘가에 네크로모프의 DNA 샘플이 있다. 켄드라는 그 괴물의 병리를 겨냥하기 위해 그걸 찾아서 화학 캡슐과 섞어야 한다고 한다."
0xC78DC0E1,"Key to the Elevators on the Crew Deck.","승무원 갑판의 엘리베이터 열쇠."
0xC79B28EE,"Cursor Left","커서 왼쪽"
0xC7E433FE,"Level 6 Suit Schematic","레벨 6 보호복 설계도"
0xC8917643,"Hypnos Entertainment","Hypnos Entertainment"
0xC8C4C0CC,"DISTRESS CALL","조난신호"
0xC8DE6920,"OVERRIDE\nDOOR LOCK","잠금 장치\n강제 해제"
0xC8DE6921,"DOOR LOCK\nOVERRIDDEN","잠금 장치\n강제 해제됨"
0xC918A5F8,"LOCKED EXECUTIVE DOOR","잠긴 간부 구역 문"
0xC94084A8,"[Use]USE","[Use]사용"
0xC949EC18,"Restore Power to the Bridges","브릿지에 전원을 복구하라"
0xC967202F,"Tool Time","공구 시간"
0xC97BB025,"MERCER'S EXPERIMENT 2","머서의 실험 2"
0xC9F2A758,"LINE RACKS","라인 랙"
0xCA1584E5,"When Isaac was born, Poul was given a temporary reassignment to an Earth-based GUMMC ship production facility. During the four-year tour, Poul and Octavia raised Isaac together. When the tour was over, Poul shipped off for an extended off-world tour.\n\nPoul's influence on his son must have rubbed off. Records indicate Isaac pursued studies in mechanical and electrical engineering and achieved high honors.\n\nAccording to medical and psychiatric reports, Poul Clarke's absence had a profound effect on Octavia. She suffered from depression and personal anguish until doctors encouraged her to find fulfillment by working with charitable organizations. It is believed that this is how she ended up coming in contact with the Church of Unitology.\n\n","아이작이 태어났을 때 폴은 지구에 있는 은하 연합 해병대 함선 생산 시설로 임시 전속되었다. 4년간의 복무 기간 동안 폴과 옥타비아는 함께 아이작을 키웠다. 복무가 끝나자 폴은 장기간의 지구 밖 근무를 위해 떠났다.\n\n아버지의 영향이 아들에게 전해진 것이 분명하다. 기록에 따르면 아이작은 기계 공학과 전기 공학을 공부했으며 우수한 성적을 거두었다.\n\n의료 및 정신과 보고서에 따르면 폴 클라크의 부재는 옥타비아에게 깊은 영향을 미쳤다. 그녀는 우울증과 개인적인 고뇌에 시달렸고, 의사들은 자선 단체에서 일하며 보람을 찾도록 권했다. 그녀가 유니톨로지 교회와 접촉하게 된 것도 이 때문인 것으로 보인다.\n\n"
0xCA1584E6,"Her association with the Church appears to have alleviated her mental condition. The cancellation of her therapy sessions corresponds with the local parish announcements of her initiation ceremony.\n\nAt this point, records on her become somewhat scarce. There are indications that she sold off much of the family estate to finance her full membership in the church.\n\nIsaac appears to have been selected to a prominent engineering school but we surmise that he was unable to afford the tuition, as records show that he instead attended a lesser-known school with the help of scholarships and financial assistance.\n\n","교회와의 교류는 그녀의 정신 상태를 완화시킨 것으로 보인다. 그녀의 치료 상담이 취소된 시기는 지역 교구에서 그녀의 입교식을 공지한 시기와 일치한다.\n\n이 시점부터 그녀에 대한 기록은 다소 드물어진다. 교회의 정식 회원 자격을 얻기 위해 가족 재산의 상당 부분을 팔아 치웠다는 정황이 있다.\n\n아이작은 명문 공학 학교에 선발된 것으로 보이지만, 학비를 감당할 수 없었던 것으로 추정된다. 기록에 따르면 그 대신 장학금과 학자금 지원을 받아 덜 알려진 학교에 다녔다.\n\n"
0xCA1584E7,"After graduating with high honors, Isaac enlisted in the Merchant Marines. He quickly gained a reputation for his resourceful engineering solutions and after two years was promoted to a higher-profile position closer to the major shipping lanes.\n\nThere are several inquiries about the location of his father that have been logged by his contacts at the GUMMC. Isaac appears to have been trying to re-unite with him unsuccessfully for years. It's doubtful he ever got far in his investigation as Poul Clarke's service record has been mysteriously classified by an executive order.\n\n","우수한 성적으로 졸업한 뒤, 아이작은 상선 해병대에 입대했다. 그는 수완 좋은 공학적 해결책으로 빠르게 명성을 얻었고, 2년 뒤 주요 항로에 더 가까운, 더 눈에 띄는 직책으로 승진했다.\n\n은하 연합 해병대 쪽 지인들을 통해 그가 아버지의 행방을 문의한 기록이 여러 건 있다. 아이작은 수년간 아버지와 재회하려 했지만 성공하지 못한 것으로 보인다. 폴 클라크의 복무 기록이 행정 명령에 의해 알 수 없는 이유로 기밀 처리되었으므로, 그의 조사가 크게 진척되었을 가능성은 낮다.\n\n"
0xCA1584E8,"Octavia continues to be a contributing member of her church and has managed to purchase a Vested-level title.\n\nIsaac's career stagnates at this point. There are records that he cohabited with a medical officer named Nicole Brennan for a couple of years. Records indicate she moved out after receiving a promotion and is currently serving on the USG Ishimura.\n\nKENDRA DANIELS\n\nI couldn't find anything on her in the time I had but Darlton swears by her. She is on the mission with his recommendation. If he thinks she has the necessary skills, who am I to argue?\n","옥타비아는 여전히 교회에 기여하는 신도로 활동하고 있으며, 베스티드 등급의 칭호를 구매하기에 이르렀다.\n\n이 시점부터 아이작의 경력은 정체된다. 그가 니콜 브레넌이라는 의료 장교와 몇 년간 동거했다는 기록이 있다. 기록에 따르면 그녀는 승진한 뒤 집을 나갔으며, 현재 USG 이시무라에서 복무 중이다.\n\n켄드라 다니엘스\n\n주어진 시간 안에 그녀에 대해서는 아무것도 찾지 못했지만, 달튼이 그녀를 적극 보증한다. 그녀는 달튼의 추천으로 이번 임무에 합류했다. 그가 그녀에게 필요한 능력이 있다고 생각한다면, 내가 뭐라 할 입장은 아니다.\n"
0xCA1A39A9,"FOUND THE SHOCK PAD","충격 패드 발견"
0xCA40C791,"Audio","오디오"
0xCA454FFF,"MPEG Layer-3 audio coding technology licensed from Fraunhofer IIS and THOMSON multimedia.","MPEG Layer-3 오디오 코딩 기술은 Fraunhofer IIS 및 THOMSON multimedia로부터 라이선스를 받았습니다."
0xCA6AB612,"Find the Navigation Cards","운항카드를 찾아라"
0xCB14B4FA,"Object Artists","오브젝트 아티스트"
0xCB2E9A17,"SMALL AIR CAN","소형 산소통"
0xCB364EDF,"Most people know the basics. Two hundred years ago Michael Altman, a professor of anthropology, blew the whistle on what he claimed was the biggest cover-up ever instituted by Earth Government--the discovery of an artifact, or ""Marker"", which proved beyond any doubt there is alien life in the Universe. The Government labelled Altman a kook, but his claims struck a chord with some, and his mysterious death soon afterwards fueled that interest.\nUnitologists believe the Marker contained a code, the key to eternal life, through rebirth and ascension to heaven (The kicker is you have to die first). ","기본적인 내용은 대부분 알고 있을 것이다. 200년 전 인류학 교수였던 마이클 알트만은 지구 정부가 저지른 사상 최대의 은폐 사건이라며 폭로했다. 우주에 외계 생명체가 존재한다는 것을 의심의 여지 없이 증명하는 유물, 즉 ""마커""를 발견했다는 것이다. 정부는 알트만을 괴짜로 몰았지만, 그의 주장은 일부 사람들의 마음을 움직였고, 곧이어 일어난 그의 의문스러운 죽음은 그 관심에 불을 붙였다.\n유니톨로지 신자들은 마커에 부활과 천국으로의 승천을 통해 영생에 이르는 열쇠, 즉 코드가 담겨 있다고 믿는다(함정은 먼저 죽어야 한다는 것이다). "
0xCB364EE0,"They say the Government is hiding the Marker somewhere, keeping its secrets for themselves. Across all of human space, Unitologists praise Altman's martyrdom and await the day God comes to take them to their new life beyond death.\nIt all sounds pretty harmless. But, like any cult, there's a dark side.\nUnitologists are ""ranked"" in the Church. Nobody ever talks about it, but most of its critics believe there are at least three ranks above the average believer, or ""Initiate"". With each new rank, more of the Church's inner workings and research is revealed to a follower. And these ranks are achieved by one simple criteria--giving money and power to the Church.","그들은 정부가 마커를 어딘가에 숨긴 채 그 비밀을 독점하고 있다고 말한다. 인류가 사는 우주 곳곳에서 유니톨로지 신자들은 알트만의 순교를 찬양하며, 신이 그들을 죽음 너머의 새로운 삶으로 데려갈 날을 기다린다.\n여기까지는 꽤 무해하게 들린다. 하지만 여느 사이비 집단과 마찬가지로 어두운 면이 있다.\n유니톨로지 신자들은 교회 내에서 ""등급""이 매겨진다. 아무도 이에 대해 말하지 않지만, 대부분의 비평가들은 일반 신자, 즉 ""입문자"" 위로 최소 세 개의 등급이 있다고 본다. 새 등급에 오를 때마다 교회의 내부 운영과 연구가 신도에게 더 많이 공개된다. 그리고 이 등급은 한 가지 단순한 기준으로 얻을 수 있다. 교회에 돈과 권력을 바치는 것이다."
0xCB364EE1,"\nThink taking all your money's bad? The Church also requires members to donate their bodies after death. Why? What do they do with them? Nobody will say, and attempts to infiltrate the inner circle have failed. With their emphasis on ""transformation and rebirth"", maybe we wouldn't like the answer even if they told us.\nOne rumor that also refuses to die says the Church is funding a secret shipbuilding program. Some claim to have seen the fleet. No documentary evidence has ever been supplied, but the claimants all say these ""mausoleum ships"", despite their huge size (Cont'd on p94)","\n돈을 몽땅 빼앗기는 게 나쁘다고 생각하는가? 교회는 신도들에게 사후에 시신을 기증할 것도 요구한다. 왜일까? 시신으로 무엇을 할까? 아무도 말해 주지 않으며, 핵심층에 잠입하려던 시도는 모두 실패했다. ""변모와 부활""을 강조하는 것을 보면, 설령 답을 알려 준다 해도 우리가 좋아할 만한 답은 아닐지 모른다.\n좀처럼 사라지지 않는 소문 중 하나는 교회가 비밀 조선 계획에 자금을 대고 있다는 것이다. 그 함대를 봤다고 주장하는 사람들도 있다. 문서로 된 증거가 제시된 적은 없지만, 주장하는 이들은 모두 이 ""영묘선""들이 거대한 크기에도 불구하고 (94페이지에 계속)"
0xCB640576,"Gravity Boot series BD-041","중력 부츠 시리즈 BD-041"
0xCB640577,"Engineering Helmet EEH-C1","엔지니어링 헬멧 EEH-C1"
0xCB71CE5C,"Neo Tools Team","Neo Tools Team"
0xCB77472F,"THERMITE","고열폭약"
0xCBD71F85,"I can override Kendra's control of the shuttle from here, and bring the shuttle back.","여기서 켄드라의 우주선 조종을 강제로 빼앗아 우주선을 되돌릴 수 있다."
0xCBDA90D5,"NAV CARD 2","운항카드 2"
0xCBE214F7,"Use Switch/Open Doors","스위치 사용/문 열기"
0xCC173123,"OFFLINE","작동 중지"
0xCC22A5F7,"Are you sure?","계속하시겠습니까?"
0xCC57746F,"DECK LOG\nHALLOW, F. (AB)\nDon't know what's going on around here. Someone said the ship's been attacked. Who the hell would attack us out here? First the Captain dies, now we get attacked? Carmack says someone on Bridge staff killed him. Can't believe that.\nGoddamn chaos now. Can't get through to the bridge. Can't get through to anyone. Everyone's running. Getting the hell out of here. Should probably join them. ","갑판 기록\n할로우 F. (갑판원)\n여기서 무슨 일이 벌어지고 있는지 모르겠다. 누가 그러는데 우주선이 공격받았단다. 이런 곳에서 대체 누가 우릴 공격한단 말인가? 처음엔 선장이 죽더니, 이제는 공격까지 받다니? 카맥은 브릿지 인원 중 누군가가 선장을 죽였다고 한다. 믿을 수가 없다.\n이젠 완전히 난장판이다. 브릿지로 갈 수가 없다. 아무와도 연락이 안 된다. 다들 도망치고 있다. 여기서 빠져나가려고. 나도 따라가는 게 좋겠다. "
0xCC5B1C98,"Meet Nicole in Flight Control","비행 관제실에서 니콜을 만나라"
0xCC602478,"Look","시점"
0xCC602479,"Walk","걷기"
0xCC60247A,"Run","달리기"
0xCC939C55,"Brandon Ehle","Brandon Ehle"
0xCC939C56,"Fred Ehnow","Fred Ehnow"
0xCC939C57,"Jonathan Hudgins","Jonathan Hudgins"
0xCC939C58,"Aki Morita","Aki Morita"
0xCC939C59,"Scott Randolph","Scott Randolph"
0xCC939C5A,"Larry St. Lezin","Larry St. Lezin"
0xCC939C5B,"Timothy Weisser","Timothy Weisser"
0xCCB15E41,"POWER NODE","파워 노드"
0xCCB24B98,"Unable to save %1.","%1을(를) 저장할 수 없습니다."
0xCCB6E5B9,"THE PEDESTAL","받침대"
0xCCBF8BF9,"Upgrade equipment.","장비 업그레이드."
0xCCDE33F9,"Aim Mode","조준"
0xCCEA37A2,"Kendra located the Mining Access Key on the Processing Sub Deck.  That must be where the mining supervisor died...I knew these men.  I can't believe they are all dead.","켄드라가 처리 작업 하부 갑판에서 채굴 출입 열쇠를 찾아냈다. 채굴 감독관이 죽은 곳이 틀림없다… 나는 이 사람들을 알았다. 모두 죽었다니 믿을 수가 없다."
0xCD119543,"Are you sure you want to Exit to Windows? ","윈도우로 나가시겠습니까? "
0xCD19EFE6,"KEY FOUND","열쇠 발견"
0xCD34C0B7,"Betrayed","배신당함"
0xCD57CD49,"Lift 1","승강기 1"
0xCD5C437A,"Map Hotkey","지도 단축키"
0xCD910407,"Special Thanks","특별히 감사드린 분들"
0xCDB8796A,"INITIAL ATTACK","첫 공격"
0xCDC3F646,"Joe Arcovitch","Joe Arcovitch"
0xCDC949CD,"Vivian Wei-Chun Ding","Vivian Wei-Chun Ding"
0xCDC949CE,"Rachel Mina","Rachel Mina"
0xCDC949CF,"Joe Palrang","Joe Palrang"
0xCDC949D0,"Atsushi Seo","Atsushi Seo"
0xCDD762DA,"Consell Pannonia Ltd.","Consell Pannonia Ltd."
0xCDDA52FB,"Locator","추적장치"
0xCDDFF2C7,"Bring this schematic to the store to unlock the Level 6 Suit.","이 설계도를 상점에 가져가면 레벨 6 보호복의 잠금이 해제됩니다."
0xCE3788DB,"SMALL MED PACK","소형 회복제"
0xCE58627C,"Access Store","상점 이용"
0xCEC386A0,"REPLACING THE TRAM","전동차 교체"
0xCED671FD,"Cut off limbs to kill quickly","팔다리를 절단하면 빨리 죽일 수 있다"
0xCED671FE,"TOOLS","도구"
0xCED671FF,"KEY ITEMS","주요 물품"
0xCED67200,"CURRENCY","화폐"
0xCEDD6C0E,"DIAMOND SEMICONDUCTOR","다이아몬드 반도체"
0xCEDDEB8C,"Manually Attach Claws to Initiate Repairs","수리를 시작하려면 기계팔을 수동으로 부착하십시오"
0xCF024391,"Steve Schmidt","Steve Schmidt"
0xCF54817E,"KEY DOORS","열쇠 문"
0xCF54817F,"USE KEY","열쇠 사용"
0xCF6C4D18,"Test Fire the Shuttle Engines","우주선 엔진을 시험 점화하라"
0xD0216B12,"Test Speakers","스피커 테스트"
0xD03F7C04,"Laura Larson","Laura Larson"
0xD062CA97,"//load game","// 불러오기"
0xD0DA0DE8,"Regina Gao","Regina Gao"
0xD0DBEE40,"MEDIUM MED PACK\nSchematic Acquired\nDownload at the Store","중형 회복제\n설계도 획득\n상점에서 다운로드"
0xD0F7BABC,"Enter the Military Ship","군함에 진입하라"
0xD100CB4A,"SYSTEM OFFLINE","시스템 작동 중지"
0xD122D7C0,"Flight Lounge","비행 대합실"
0xD122D7C1,"Hall to Lift Room","승강기실 방면 복도"
0xD122D7C5,"Hallway To Tram","전동차 방면 복도"
0xD122D7C6,"Tram Station","정거장"
0xD122D7C7,"Access Hallway","연결 복도"
0xD122D7C8,"Cargo Bay","화물실"
0xD12A58E0,"Small air canister that replenishes the air meter.","산소 미터를 보충해 주는 소형 산소통."
0xD17D10DE,"Justin Prazen","Justin Prazen"
0xD194E677,"NAVIGATION","항법"
0xD1C2160B,"[ a.m.]","[ 오전]"
0xD1D64F9E,"Holo-card containing shuttle navigation data.","우주선 운항 데이터가 담긴 홀로카드."
0xD1E6CC21,"Cancel","취소"
0xD213DCF9,"ACTION BUTTON","행동 버튼"
0xD2A96DDF,"I've got the Singularity Core now.  Removing it may cause some bad side effects to the Valor's power system, so I should get out of here quickly.  I'm heading to the Crew Deck now, in hopes of repairing the shuttle docked there.","특이성 코어를 손에 넣었다. 코어를 빼내면 밸러의 전원 시스템에 좋지 않은 부작용이 생길 수 있으니 빨리 여기서 나가야 한다. 이제 승무원 갑판으로 가서 거기 정박해 있는 우주선을 수리할 생각이다."
0xD2AB85F0,"Spend 300,000 credits at the store","상점에서 300,000 크레딧 사용"
0xD2AD1D0A,"A circuit node used to upgrade items.","아이템 업그레이드에 사용되는 회로 노드."
0xD2C8661A,"Initiate Tram Repairs","전동차 수리 개시"
0xD30B18A0,"STORAGE KEY","보관실 열쇠"
0xD35E8A03,"Brute Force","무지막지한 힘"
0xD376AB7D,"Greenhouse Effect","온실 효과"
0xD3BCCEBF,"No gamer profile signed-in.   You will need to sign-in to save your game.","로그인된 게이머 프로필이 없습니다.   게임을 저장하려면 로그인해야 합니다."
0xD3EDE6BE,"DATABASE","기록 자료"
0xD408EB3C,"Fix the Array","배열을 수리하라"
0xD40CED41,"Move Left","왼쪽으로 이동"
0xD40EE02F,"//options","// 설정"
0xD43347A4,"Medical gel pack that restores a small amount of health.","체력을 조금 회복시켜 주는 의료용 젤 팩."
0xD43A22E3,"The Kellion is completely destroyed.  There's no way out of here.  If I can find the Captain's RIG on the Medical Deck, maybe Hammond can figure out just what the hell happened.","켈리온은 완전히 파괴되었다. 여기서 나갈 방법이 없다. 의료 구역에서 선장의 RIG를 찾을 수 있다면, 해먼드가 대체 무슨 일이 있었는지 알아낼 수 있을지도 모른다."
0xD45CF9C8,"Kyne's onboard and ready to fly.  I have to release the docking clamps holding the shuttle in place.","카인이 탑승했고 비행 준비가 되었다. 우주선을 고정하고 있는 도킹 클램프를 풀어야 한다."
0xD4B3A0E3,"MALFUNCTION","고장"
0xD4DAF976,"SAVE","저장"
0xD4DAF977,"BENCH","벤치"
0xD4DAF978,"STORE","상점"
0xD4DAF979,"STASIS","감속장비"
0xD4DCDE21,"Medium","보통"
0xD4E84047,"HP","HP"
0xD53495EC,"VALIDATING...","확인 중..."
0xD542E300,"Christopher Chin","Christopher Chin"
0xD568CF90,"Look","시점"
0xD57011E5,"According to Hammond, the necromorphs have transformed some of the crew into these ""poison pods,"" which are contaminating the air.  I need to find and destroy them.","해먼드 말로는 네크로모프가 승무원 일부를 이 ""독극물 포드""로 바꿔 놓았고, 그것들이 공기를 오염시키고 있다고 한다. 찾아서 파괴해야 한다."
0xD5A3EFF6,"It's, it's Henderson... He's crazy! Pulling his own... teeth out!","그, 그건 헨더슨이야… 미쳤어! 자기 이를… 뽑고 있어!"
0xD5A3F021,"Oh, god. Is he dead?","오, 맙소사. 죽었어?"
0xD5A3F023,"Man... Why would he do something like that? I don't get it.","이런… 왜 저런 짓을 한 거지? 이해가 안 돼."
0xD5A4F02E,"Never should have let him live. Never should have let him live. ","살려 두지 말았어야 했어. 살려 두지 말았어야 했어. "
0xD5A4F030,"Henderson said they were coming. We never should have let him live.","헨더슨이 그놈들이 오고 있다고 했어. 그놈을 살려 두지 말았어야 했어."
0xD5B7A128,"Are you sure you want to quit?  You will lose any unsaved data.","정말 종료하시겠습니까? 저장하지 않은 데이터는 모두 사라집니다."
0xD5D5F799,"In Memory - Christian Teichmann","추모 - Christian Teichmann"
0xD5EBEC54,"NICOLE'S ALIVE","니콜의 생존"
0xD612D705,"Mission","임무"
0xD650EF79,"[Right_Toggle]","[Right_Toggle]"
0xD6D063CB,"ATMOSPHERIC PURITY INCREASED","대기 순도 상승"
0xD6D22B83,"Lawrence Mai","Lawrence Mai"
0xD6D22B84,"Joey Spiotto","Joey Spiotto"
0xD6D22B85,"Andy Wang","Andy Wang"
0xD6E07F1F,"LEVEL 2 SUIT","레벨 2 보호복"
0xD701A383,"/main menu","/ 주 메뉴"
0xD71A1BBC,"Find the Mining Access Key","채굴 출입 열쇠를 찾아라"
0xD71F1EB2,"Make us whole again.","우리를 다시 하나로 만들어 줘."
0xD7204EEB,"Translator","번역"
0xD72B33EF,"QA Embedded Team","QA 임베디드 팀"
0xD7512B01,"Look out!","조심해!"
0xD75E794E,"KINESIS MODULE","유도장비"
0xD7B96DEC,"Rich Briggs","Rich Briggs"
0xD7E8109C,"Activate","작동"
0xD7EDF876,"SCANNING. PLEASE STAND BY","스캔 중. 잠시 기다려 주십시오"
0xD7F1C95C,"Associate Producer","어소시에이트 프로듀서"
0xD817DB66,"KILL THE LEVIATHAN","거대괴물을 제거하라"
0xD862FD5B,"KP .","KP ."
0xD8761415,"[Elev_Navigate]Navigate","[Elev_Navigate]이동"
0xD8A13ECC,"Special thanks to the Crewmembers serving\nsince the christening of the USG Ishimura","USG 이시무라 진수 이래 복무해 온\n승무원들께 특별한 감사를 드립니다"
0xD8EEBB9C,"RIPPER\nSchematic Acquired\nDownload at the Store","리퍼\n설계도 획득\n상점에서 다운로드"
0xD94A2E0E,"MINING ACCESS KEY","채굴 출입 열쇠"
0xD9501C41,"Mike Quigley","Mike Quigley"
0xD9609226,"Spanish Product Manager","스페인 제품 매니저"
0xD97174F7,"ELECTRONIC ARTS PRESENTS","제공: ELECTRONIC ARTS"
0xD97174F8,"AN EA REDWOOD SHORES PRODUCTION","제작: EA REDWOOD SHORES"
0xD97174F9,"DEAD SPACE","DEAD SPACE"
0xD98605B1,"Diff","난이도"
0xDA248EB4,"BRIDGE CONTROL","@ 다리 조종기"
0xDA2B4C3C,"Kill the Leviathan","거대괴물을 제거하라"
0xDA45E377,"Kill 30 enemies with the Ripper","리퍼로 적 30명 제거"
0xDA6056E3,"EA CAT Lab","EA CAT Lab"
0xDA6056E4,"EA Certification Team","EA Certification Team"
0xDA6056E5,"EA Mastering Lab","EA Mastering Lab"
0xDA6056E6,"EAC Game Lab","EAC Game Lab"
0xDA6056E7,"EARS Game Lab","EARS Game Lab"
0xDA6056E8,"EA Desktop Support","EA Desktop Support"
0xDA6056E9,"EAC Motion Capture Services","EAC Motion Capture Services"
0xDA63B055,"UPGRADE BENCH TRAINING","업그레이드 벤치 훈련"
0xDA63B056,"STASIS MODULE TRAINING","감속장비 훈련"
0xDA63B057,"FUSE TRAINING","퓨즈 훈련"
0xDA63B058,"HEALTH TRAINING","체력 훈련"
0xDAE85FBC,"Production","프로덕션"
0xDB10673B,"Load Chemical Agents","화학 약품 투입"
0xDB2B17E3,"QA Assistant Leads","QA 보조 리드"
0xDB2F4822,"The communication dishes have taken some damage.  I need to swap out the broken dishes and create a circle of working ones.  That should align the signal and allow us to transmit to the ship.","통신 안테나 일부가 손상됐다. 고장 난 안테나를 교체해서 작동하는 안테나로 원을 만들어야 한다. 그러면 신호가 정렬되어 그 함선으로 송신할 수 있을 것이다."
0xDB731E09,"Becky Chow","Becky Chow"
0xDB969752,"Z-BALL RULES\n\nStep on the lighted platform and activate it to start the game!\n\nJump to as many scoring platforms as possible to increase your score multiplier.  Then use your Kinesis Module to grab the ball and shoot it into the active basket before the shot timer runs out.  Beating each level opens a locker with a reward inside.","무중력 농구 규칙\n\n불이 켜진 발판에 올라가 작동시키면 게임이 시작됩니다!\n\n점수 발판으로 최대한 많이 점프해서 점수 배율을 높이십시오.  그런 다음 유도장비로 공을 잡아 슛 타이머가 끝나기 전에 활성화된 골대에 던져 넣으십시오.  각 레벨을 클리어하면 보상이 들어 있는 보관함이 열립니다."
0xDBF16BCE,"ENGINE PROBLEMS","엔진 문제"
0xDBF4DB0A,"Guy Perkins","Guy Perkins"
0xDC09D1A3,"DOOR UNLOCKED","문 잠금 해제"
0xDC175F8C,"PG DN","PG DN"
0xDC1DF9B6,"SECURITY LEVEL HIGH","보안 등급 높음"
0xDC2863BD,"PG UP","PG UP"
0xDC354796,"DOOR #1 LOCKED\nDOOR #2 UNLOCKED\nDOOR #3 UNLOCKED\nDOOR #4 UNLOCKED\nDOOR #5 UNLOCKED","1번 문 잠김\n2번 문 열림\n3번 문 열림\n4번 문 열림\n5번 문 열림"
0xDC411194,"Character Concept Artists","캐릭터 컨셉 아티스트"
0xDCB09AE3,"[Stasis]","[Stasis]"
0xDCCAEC4F,"Hey! Hey! Hey,what're what are you doing? You, you can't hold me here! Please, please, just let me out! I need to speak to my wife! Please just tell her I'm in here! She'll know who to talk to! Oh god, oh god! I can't move my head! Please just undo these straps! Please! Please! Please! You've got the wrong person! I'm not supposed to be in here! Please, just, just call my wife. Please, please, just let me out of here. Please!","이봐! 이봐! 이봐, 뭐, 뭐 하는 거야? 나, 날 여기 가둘 순 없어! 제발, 제발, 그냥 내보내 줘! 아내랑 얘기해야 해! 제발 내가 여기 있다고만 전해 줘! 아내라면 누구한테 말해야 할지 알 거야! 오 맙소사, 오 맙소사! 머리를 움직일 수가 없어! 제발 이 끈 좀 풀어 줘! 제발! 제발! 제발! 사람을 잘못 봤어! 난 여기 있을 사람이 아니야! 제발, 그냥, 그냥 아내한테 전화해 줘. 제발, 제발, 그냥 여기서 내보내 줘. 제발!"
0xDCCAEC51,"What are you... what are you doing with that?","그걸로… 그걸로 뭘 하려는 거야?"
0xDCCAEC53,"No! No! Nooaaaaaaaaaaaaahhhhh!","안 돼! 안 돼! 안 돼애아아아아아아아악!"
0xDCDC3DE8,"Increases Inventory slots and Armor.","가방의 용량과 방어력이 증가한다."
0xDD24CAE4,"UNITOLOGY EXPOSED","유니톨로지의 실체"
0xDD3C7CBC,"Go to Hydroponics","재배구역으로 가라"
0xDD5A3817,"N/A","없음"
0xDD61BF36,"START THE ENGINE SEQUENCE","엔진 점화 절차 개시"
0xDD709328,"CONTACT ENERGY","컨택트 에너지"
0xDD7947F2,"NEW ITEM","새 아이템"
0xDDA6EE9F,"[Press]","[Press]"
0xDDEE79C3,"Hazardous anomaly detected. Quarantine activated.","위험한 이상 물체 감지. 격리 조치 작동."
0xDE01C361,"%gPts.","%g포인트"
0xDE07C216,"Executive Thanks","경영진 감사 인사"
0xDE23E1A9,"////aim mode controls","//// 조준 키 설정"
0xDE5D46B6,"Activate the Centrifuge","원심분리기를 작동시켜라"
0xDE6B288F,"Jon Goddard","Jon Goddard"
0xDE6B2890,"Sophie Orlando","Sophie Orlando"
0xDE94DFBA,"Force Gun Schematic","포스건 설계도"
0xDE99999D,"Mike Bullen","Mike Bullen"
0xDE99999E,"Collin Carey","Collin Carey"
0xDE99999F,"Pedro Castro","Pedro Castro"
0xDE9999A0,"Sandra Champanhet","Sandra Champanhet"
0xDE9999A1,"Lawinjeya Chandrakumarb","Lawinjeya Chandrakumarb"
0xDE9999A2,"Kwang-Hi Cho","Kwang-Hi Cho"
0xDE9999A3,"Andy Chung","Andy Chung"
0xDE9999A4,"Nic Cobb","Nic Cobb"
0xDE9999A5,"Jason Collins","Jason Collins"
0xDE9999A6,"Steve Cook","Steve Cook"
0xDE9A99DC,"Rob Cooke","Rob Cooke"
0xDE9A99DD,"Benjamin Crick","Benjamin Crick"
0xDE9A99DE,"Ricardo De Avila","Ricardo De Avila"
0xDE9A99DF,"Lawrence Donohue","Lawrence Donohue"
0xDE9A99E0,"James Featherstone","James Featherstone"
0xDE9A99E1,"Mike Fenton","Mike Fenton"
0xDE9A99E2,"David Fielding","David Fielding"
0xDE9A99E3,"Seferino Gallardo","Seferino Gallardo"
0xDE9A99E4,"Eron Garcia","Eron Garcia"
0xDE9A99E5,"Juan Antonio Garcia de Quinto","Juan Antonio Garcia de Quinto"
0xDE9B9A1B,"Laura George","Laura George"
0xDE9B9A1C,"Daniel Green","Daniel Green"
0xDE9B9A1D,"Wes Hendrix","Wes Hendrix"
0xDE9B9A1E,"Allen Horton","Allen Horton"
0xDE9B9A1F,"Joseph Huggett","Joseph Huggett"
0xDE9B9A20,"Morgan Hughes","Morgan Hughes"
0xDE9B9A21,"Errol Ismail","Errol Ismail"
0xDE9B9A22,"Ben Jackson","Ben Jackson"
0xDE9B9A23,"Ryan Jacobson","Ryan Jacobson"
0xDE9B9A24,"Darryl Jenkins","Darryl Jenkins"
0xDE9C9A5A,"Harry Kashouli","Harry Kashouli"
0xDE9C9A5B,"Amy Kenah","Amy Kenah"
0xDE9C9A5C,"Kyle Killion","Kyle Killion"
0xDE9C9A5D,"Mike Kushner","Mike Kushner"
0xDE9C9A5E,"Raymond Langford","Raymond Langford"
0xDE9C9A5F,"Alex Lawson","Alex Lawson"
0xDE9C9A60,"Conrad Leiden","Conrad Leiden"
0xDE9C9A61,"Matt Loft","Matt Loft"
0xDE9C9A62,"Damon Lumley","Damon Lumley"
0xDE9C9A63,"Anh Luong","Anh Luong"
0xDE9D9A99,"Daniel Martell","Daniel Martell"
0xDE9D9A9A,"Shaun McCourt","Shaun McCourt"
0xDE9D9A9B,"Adam McIntosh","Adam McIntosh"
0xDE9D9A9C,"Russell Medeiros","Russell Medeiros"
0xDE9D9A9D,"James Melling","James Melling"
0xDE9D9A9E,"Garrett Muldoon","Garrett Muldoon"
0xDE9D9A9F,"Mitchell Munter","Mitchell Munter"
0xDE9D9AA0,"Stuart Oswald","Stuart Oswald"
0xDE9D9AA1,"Dee Patel","Dee Patel"
0xDE9D9AA2,"Eduardo Ponz","Eduardo Ponz"
0xDE9E9AD8,"Andy Pritchard","Andy Pritchard"
0xDE9E9AD9,"Lucas Richard","Lucas Richard"
0xDE9E9ADA,"Ryan Roque","Ryan Roque"
0xDE9E9ADB,"Joyce Sacman","Joyce Sacman"
0xDE9E9ADC,"Joaquin Sanz Jimenez","Joaquin Sanz Jimenez"
0xDE9E9ADD,"Seb Serrano","Seb Serrano"
0xDE9E9ADE,"Chance Shiflett","Chance Shiflett"
0xDE9E9ADF,"Richard Silva","Richard Silva"
0xDE9E9AE0,"Julie Staub","Julie Staub"
0xDE9E9AE1,"Jonas Stockfleth","Jonas Stockfleth"
0xDE9F9B17,"Chris Strong","Chris Strong"
0xDE9F9B18,"Timo Tolonen","Timo Tolonen"
0xDE9F9B19,"Eduardo Varela","Eduardo Varela"
0xDE9F9B1A,"Robin Volker","Robin Volker"
0xDE9F9B1B,"Tim Wileman","Tim Wileman"
0xDE9F9B1C,"Bobby Willams","Bobby Willams"
0xDEE62CBA,"Advanced Render Settings","고급 렌더링 설정"
0xDEE668A2,"INSERT MIXING AGENTS","혼합 약품 투입"
0xDEF1220B,"MISSION FAILED","임무 실패"
0xDF0987E0,"BIG PROBLEMS","큰 문제"
0xDF360BC3,"Adjust slider until logo barely appears in the center of the screen.","로고가 화면 중앙에 간신히 보일 때까지 슬라이더를 조절하십시오."
0xDF450737,"KENDRA'S WARNING","켄드라의 경고"
0xDF818498,"Resolution","해상도"
0xDF8FAB8F,"THE MARKER","마커"
0xDFA81164,"HAMMOND ON HYDROPONICS","재배구역의 해먼드"
0xDFE89B5B,"You Have Died","사망했습니다"
0xE0469AE8,"BARRICADE DESTROYED","방어벽 파괴"
0xE04C1AE8,"102","102"
0xE04DAD3C,"Activate the Elevators","엘리베이터를 작동시켜라"
0xE09EE72A,"Use Power Nodes to upgrade your weapons and RIG.","파워 노드를 사용해 무기와 RIG를 업그레이드할 수 있다."
0xE11CF6AB,"Stasis will slow down fast objects and enemies.","감속장비는 빠른 물체와 적을 느리게 만든다."
0xE11FA5FA,"All Systems Go","만반의 준비"
0xE16E7736,"Find the Thermite","고열폭약을 찾아라"
0xE19B062C,"Destroy fuses to override ship systems.","퓨즈를 파괴해 우주선 시스템을 강제 조작할 수 있다."
0xE1B8E408,"PLASMA CUTTER series 2700","플라즈마 커터 2700 시리즈"
0xE21915AD,"Collect and use health packs to replenish your health bar.","회복제를 모아 사용하면 체력 게이지를 보충할 수 있다."
0xE25988EE,"VALUE","가치"
0xE27154B4,"[Navigate]Navigate        [Mouse_Accept]Select        [Mouse_Cancel]Back","[Navigate]이동        [Mouse_Accept]선택        [Mouse_Cancel]뒤로"
0xE2827B24,"CEO","CEO"
0xE283D5AE,"ENGINEERING LOG\nDANVERS, C. (QMED)\nRe: Organic growth in engineering (Update)\nThe unidentified growth seen in other parts of the ship has now reached engineering. I don't know what the hell this stuff is--looks like someone threw up their guts all over the walls--but it's spreading faster than we can cut it up, which is pretty disgusting in itself. \nIt's already in the engine spoke, and if we can't find a way to stop it soon, it'll hit the main chamber by the day after tomorrow.\nI hope the docs are looking into it, because it's way beyond me.","엔진 구역 기록\n댄버스 C. (QMED)\n제목: 엔진 구역 유기물 증식 (갱신)\n우주선 다른 구역에서 목격된 정체불명의 증식체가 이제 엔진 구역까지 퍼졌다. 이게 대체 뭔지 모르겠다. 누가 벽에 내장을 게워 놓은 것 같다. 그런데 우리가 잘라 내는 속도보다 빨리 퍼지고 있고, 그것 자체로도 꽤 역겹다. \n이미 엔진 스포크까지 번졌고, 곧 막을 방법을 찾지 못하면 모레쯤엔 주 엔진실에 닿을 것이다.\n의사들이 조사하고 있기를 바란다. 내 능력으로는 어림도 없으니까."
0xE2A20A48,"Kyne can't get the Marker onboard until I restore gravity to the Hangar Bay.","내가 격납고의 중력을 복구하기 전에는 카인이 마커를 실을 수 없다."
0xE2CE8925,"FORCE GUN","포스건"
0xE2E346F8,"RESTORE POWER","전원 복구"
0xE3465125,"SUPERVISOR'S CHOICE","감독관의 선택"
0xE36C51F1,"Ammo for the Contact Beam.","컨택트 빔 탄약."
0xE377FB20,"[Break_Grapple]","[Break_Grapple]"
0xE38DEEE3,"test","test"
0xE3E4DAA9,"TEMPLE ON THE BRIDGE","브릿지의 템플"
0xE404AB30,"THIS MODE IS NORMAL","이 모드는 보통입니다"
0xE4120940,"NULL","NULL"
0xE4157334,"One Gun","총 한 자루"
0xE42811D1,"Build Engineering","빌드 엔지니어링"
0xE431363C,"QA Administrative Assistant","QA 행정 보조"
0xE439301D,"CEET","CEET"
0xE478EA0E,"13","13"
0xE47FA7B6,"Activate the Security Console","보안 콘솔을 작동시켜라"
0xE483642D,"VENT WARNING","환기구 경고"
0xE4909E83,"Bring this schematic to the store to unlock the Force Gun.","이 설계도를 상점에 가져가면 포스건의 잠금이 해제됩니다."
0xE4A9F900,"TK Module","유도장비"
0xE4DC431E,"An EA Redwood Shores Production","An EA Redwood Shores Production"
0xE4EFE7DF,"MAINTENANCE BAY UNLOCKED","관리구역 잠금 해제"
0xE4F21A08,"R1","R1"
0xE50FAD5B,"COMPOUND PROCESSING","화합물 처리 중"
0xE52AEC24,"Product Authentication Failed","제품 인증에 실패했습니다"
0xE52CB039,"A sign-in change occurred. You are now being returned to the main menu.","로그인 정보가 변경되었습니다. 주 메뉴로 돌아갑니다."
0xE5414679,"Contact Energy Schematic","컨택트 에너지 설계도"
0xE546DBB3,"[MenuA]","[MenuA]"
0xE546DBB4,"[RDRight]","[RDRight]"
0xE546DBCA,"[RDLeft]","[RDLeft]"
0xE546DBCB,"[RDUp]","[RDUp]"
0xE57B52F8,"Grab Item","물체 잡기"
0xE57B52F9,"PICK UP/RELEASE OBJECTS","물체 잡기/놓기"
0xE57B52FA,"REPEL","밀어내기"
0xE592FA77,"Tram Station","정거장"
0xE592FA78,"Atrium Hallway","중앙홀 복도"
0xE592FA79,"Main Atrium","중앙홀"
0xE592FA7A,"Lift to Captain's Nest","선장실행 승강기"
0xE592FA7B,"ADS Hallway","ADS 복도"
0xE592FA7F,"Security Station","보안 구역"
0xE5B9D1AF,"////basic controls","//// 기본 조작"
0xE5E3FECF,"MAX LOAD:","최대 적재량:"
0xE5E3FED0,"CARGO LIFT","화물 승강기"
0xE5E88374,"International Marketing Manager","해외 마케팅 매니저"
0xE5EB8431,"International Product Manager","해외 제품 매니저"
0xE5F96279,"Use Refill Canisters","보충용 용기를 사용하라"
0xE64D6586,"CANCEL","취소"
0xE67771FB,"JUMP","점프"
0xE67771FC,"NO-JUMP ZONE","점프 금지 구역"
0xE67D81C5,"TEST ALL","모두 테스트"
0xE691FB23,"LEVEL 6 SUIT","레벨 6 보호복"
0xE6A30E70,"Volatile chemical mixture.","불안정한 화학 혼합물."
0xE6A5597B,"Level 5 Suit Schematic","레벨 5 보호복 설계도"
0xE6C92695,"Chapter 6: Environmental Hazard","6장: 환경 유해성"
0xE7403DE0,"Robert Bierman","Robert Bierman"
0xE751D83D,"Lucas Dupleix","Lucas Dupleix"
0xE7B21077,"Playing Catch","캐치볼"
0xE7E0E7B2,"[Stomp]","[Stomp]"
0xE80781E0,"Kill the Slug Boss with more than 50% shield strength remaining","실드 내구도 50% 이상 남긴 채 슬러그 보스 처치"
0xE8209590,"Chapter 1: New Arrivals","1장: 새로운 방문객"
0xE8403E38,"AIM, FIRE, ALT FIRE","조준, 사격, 보조 사격"
0xE863B82F,"We've been attacked!  I'm cut off from Hammond and Kendra.  I've got to find somewhere safe, somewhere to hide...","공격받았다! 해먼드, 켄드라와 떨어졌다. 안전한 곳을, 숨을 곳을 찾아야 한다…"
0xE886E814,"Tonantzin Carmelo as Kendra Daniels","켄드라 다니엘스 역: Tonantzin Carmelo"
0xE886E815,"J.G. Hertzler as Captain Benjamin Mathius","벤자민 머싸이어스 선장 역: J.G. Hertzler"
0xE886E816,"Iyari Limon as Nicole Brennan","니콜 브레넌 역: Iyari Limon"
0xE886E817,"Peter Mensah as Sgt. Zach Hammond","자크 해먼드 병장 역: Peter Mensah"
0xE886E818,"Navid Negahban as Dr. Challus Mercer","챌러스 머서 박사 역: Navid Negahban"
0xE886E819,"Keith Szarabajka as Dr. Terrence Kyne","테런스 카인 박사 역: Keith Szarabajka"
0xE89404C5,"Exit","나가기"
0xE8B52A93,"Kill 30 enemies with the Contact Beam","컨택트 빔으로 적 30명 제거"
0xE8B5F91B,"DATA BOARD","데이터보드"
0xE8BD0E2E,"CHAPTER 01","1장"
0xE8BD0E2F,"CHAPTER 02","2장"
0xE8BD0E30,"CHAPTER 03","3장"
0xE8BD0E31,"CHAPTER 04","4장"
0xE8BD0E32,"CHAPTER 05","5장"
0xE8BD0E33,"CHAPTER 06","6장"
0xE8BD0E34,"CHAPTER 07","7장"
0xE8BD0E35,"CHAPTER 08","8장"
0xE8BD0E36,"CHAPTER 09","9장"
0xE8BE0E6C,"CHAPTER 10","10장"
0xE8BE0E6D,"CHAPTER 11","11장"
0xE8BE0E6E,"CHAPTER 12","12장"
0xE8BE0E6F,"TRAINING","훈련"
0xE8DDEBC1,"The storage device was removed during use. Load failed.","사용 중에 저장장치가 제거되었습니다. 불러오기에 실패했습니다."
0xE90474C4,"PENG","팽"
0xE911AEA8,"Luke Carpenter","Luke Carpenter"
0xE92432D9,"MAP","지도"
0xE947AB3F,"Downloads","다운로드"
0xE94C7182,"Featured Cast","주요 출연진"
0xE97458A2,"The military ship USG Valor slammed into the Cargo Bay of the Ishimura.  The ship tore right through the Ishimura's hull.  I need to find a way inside.","군함 USG 밸러가 이시무라의 화물칸에 들이받았다. 그 배는 이시무라의 선체를 그대로 뚫고 들어왔다. 안으로 들어갈 방법을 찾아야 한다."
0xE9813EBC,"Install the Data Board","데이터보드를 설치하라"
0xE9D7E574,"OBJECTIVE\nINVALID","목표\n무효"
0xE9DB3588,"USE KINESIS\nTO MOVE LARGE OBJECTS","유도장비를 사용해\n큰 물체를 움직여라"
0xE9FB2466,"Lead Visual Effects Artist","리드 시각 효과 아티스트"
0xEA32D602,"Associate Art Director - Environments","어소시에이트 아트 디렉터 - 환경"
0xEA628869,"FEEDING SYSTEM","@ 급식 시스템"
0xEAA78A34,"Mathieu Pasteran","Mathieu Pasteran"
0xEAB10108,"Production Coordinator","프로덕션 코디네이터"
0xEAC3E360,"Marketing Intern","마케팅 인턴"
0xEB050DA6,"A broken tram car is blocking the whole system.  Looks like it got delivered to Tram Repair, but never got switched off the tracks.","고장 난 전동차 한 대가 시스템 전체를 막고 있다. 전동차 정비실로 보내지긴 했지만, 선로에서 빼내지는 못한 것 같다."
0xEB27E48B,"Once I find the Crew Key, I'll be able to access the elevators down to the various Sleep Blocks on the deck.","승무원 열쇠를 찾으면 이 갑판의 여러 취침실로 내려가는 엘리베이터를 이용할 수 있다."
0xEB3D0542,"Bring this schematic to the store to unlock the Contact Energy.","이 설계도를 상점에 가져가면 컨택트 에너지의 잠금이 해제됩니다."
0xEB487D34,"Senior Localization Testing Project Manager","수석 현지화 테스트 프로젝트 매니저"
0xEB893556,"Key to the Maintenance Storage room.","관리 보관실 열쇠."
0xEBAC19ED,"Enter","Enter"
0xEC51671E,"Czech Localization Coordinator","체코어 현지화 코디네이터"
0xEC52674F,"German Localization Coordinator","독일어 현지화 코디네이터"
0xEC53679C,"Spanish Localization Coordinator","스페인어 현지화 코디네이터"
0xEC5467DA,"French Localization Coordinator","프랑스어 현지화 코디네이터"
0xEC56685B,"Hungarian Localization Coordinator","헝가리어 현지화 코디네이터"
0xEC576899,"Italian Localization Coordinator","이탈리아어 현지화 코디네이터"
0xEC5E6A4A,"Polish Localization Coordinator","폴란드어 현지화 코디네이터"
0xEC606AD1,"Russian Localization Coordinator","러시아어 현지화 코디네이터"
0xEC8DB9EC,"Military Suit, Level 6","군용 슈트, 레벨 6"
0xECA11844,"Bring this schematic to the store to unlock the Level 5 Suit.","이 설계도를 상점에 가져가면 레벨 5 보호복의 잠금이 해제됩니다."
0xECDE4216,"Senior Engineer","수석 엔지니어"
0xED022F3A,"Lighters","라이터"
0xED1DD7B9,"Anne Vaganay","Anne Vaganay"
0xED8DC50B,"Brad Trosin","Brad Trosin"
0xEDC266E5,"(Terrified, wordless moan)","(겁에 질린, 말없는 신음)"
0xEDC2670E,"Unh...","으으…"
0xEE443CA5,"TRUST","신뢰"
0xEE9589D5,"Kickin it","한판 붙어 보자"
0xEF00338D,"There's always Peng!","언제나 팽이 있지!"
0xEF139FC3,"Decals","데칼"
0xEF1C916F,"50\n\n40\n\n30\n\n20\n\n10\n\n00","50\n\n40\n\n30\n\n20\n\n10\n\n00"
0xEF34BEEB,"On","켬"
0xEF3C9594,"Make us whole again.","우리를 다시 하나로 만들어 줘."
0xEF43971B,"Make us whole again.","우리를 다시 하나로 만들어 줘."
0xEF43971C,"Make us whole again.","우리를 다시 하나로 만들어 줘."
0xEF629AC8,"///stereo","/// 스테레오"
0xEF639B14,"///5.1 surround","/// 5.1 서라운드"
0xEF6EA1E1,"Look out!","조심해!"
0xEF6EA1E4,"They're coming out of the vents!","환기구에서 기어 나오고 있어!"
0xEF88D398,"PLAYBACK AUDIOLOG","음성 기록 재생"
0xEFC2A58B,"Rich Ridlen","Rich Ridlen"
0xEFC2A58C,"Hans ten Cate","Hans ten Cate"
0xEFC2A58D,"Jeff Eith","Jeff Eith"
0xF05516D8,"FIND THE NAV CARDS","운항카드를 찾아라"
0xF08AF134,"Kana","가나"
0xF0927846,"Magyar","Magyar"
0xF09EA0D2,"Animators","애니메이터"
0xF0C4C270,"EA Games Senior Vice President","EA 게임즈 수석 부사장"
0xF0D67DDB,"Pack Rat","수집광"
0xF0E71AC8,"Nicole said something about a Pedestal Chamber.  I need to bring the Marker there and plug it back into the pedestal somehow.  According to Dr. Kyne, that should trap the Hive Mind back into the core of the planet.  Kendra had said that the Marker was responsible for starting the necromorph infection.  Somehow it must have the power to also contain the creatures.","니콜이 받침대실에 대해 뭔가 말했다. 마커를 그곳으로 가져가서 어떻게든 받침대에 다시 꽂아야 한다. 카인 박사에 따르면, 그러면 하이브 마인드를 다시 행성의 핵 속에 가둘 수 있다. 켄드라는 마커가 네크로모프 감염을 일으킨 원인이라고 했다. 그렇다면 괴물들을 억누르는 힘도 있는 게 틀림없다."
0xF11408BA,"ALERT ALERT ALERT","경보 경보 경보"
0xF14FC1D0,"There is no Dead Space Saved Game file on the selected storage device.\n\nYou will need to select a storage device with a valid Dead Space Saved Game file to proceed.","선택한 저장장치에 Dead Space 저장 파일이 없습니다.\n\n계속하려면 유효한 Dead Space 저장 파일이 있는 저장장치를 선택해야 합니다."
0xF168ED83,"%1 appears to be damaged and cannot be used.","%1이(가) 손상되어 사용할 수 없습니다."
0xF1883025,"CARGO CONTROL","@ 화물 조종기"
0xF1C2F891,"PERSONAL LOG\nWHITE, D. (FIRST OFFICER)\nGoddamn Unis are running the ship. Known so far:\nCaptain Mathius\nCSO Kyne\n2SO Mercer\nLCDR Holt\nLT Carrillo\nLTJG Pitts\nLTJG Wrede\nENS Maynard\nENS Shande\nENS Espeleta\nENS Natividad","개인 기록\n화이트 D. (일등항해사)\n빌어먹을 유니톨로지 놈들이 이 배를 운영하고 있다. 지금까지 확인된 자들:\n머싸이어스 선장\n카인 수석 과학관\n머서 2등 과학관\n홀트 소령\n카리요 대위\n피츠 중위\n레데 중위\n메이너드 소위\n샨데 소위\n에스펠레타 소위\n나티비다드 소위"
0xF25E5799,"Dena Ashbaugh","Dena Ashbaugh"
0xF25E579A,"Kay Bess","Kay Bess"
0xF25E579B,"Claudia Besso","Claudia Besso"
0xF25E579C,"Bryan Bloom","Bryan Bloom"
0xF25E579D,"Patrick Cavanaugh","Patrick Cavanaugh"
0xF25E579E,"Dustin James","Dustin James"
0xF25E579F,"April Jones","April Jones"
0xF25E57A0,"Matt Kaminsky","Matt Kaminsky"
0xF25E57A1,"Scott MacDonald","Scott MacDonald"
0xF27E644C,"OUTPUT CIRCUIT (DMG)","출력 회로 (DMG)"
0xF27E644D,"This will upgrade your DAMAGE by %g pts.","피해량이 %g 포인트 업그레이드됩니다."
0xF31EFD97,"Return to the Shuttle","우주선으로 돌아가라"
0xF33C778E,"Core Engineering","코어 엔지니어링"
0xF3512C23,"THE USG ISHIMURA","USG 이시무라"
0xF36341CA,"Poski","Poski"
0xF3982AEA,"Doug Brooks","Doug Brooks"
0xF3CE969C,"Processing log. Supervisor 2nd Engineer Dallas reporting. This will be my last report.  I've seen what they do...to the bodies.  What they become.  I can't let that happen to me.  At least if I don't have any limbs...I won't be able to kill anyone when I'm infected...","처리 작업 기록. 감독관 2등 기술자 댈러스 보고. 이게 내 마지막 보고가 될 것이다. 놈들이 하는 짓을 봤다… 시체에. 그것들이 무엇이 되는지를. 나한테 그런 일이 일어나게 둘 순 없다. 적어도 팔다리가 없으면… 감염되더라도 아무도 죽이지 못하겠지…"
0xF3CE969D,"Please, tell Dawn... and the kids... that I love them.","제발, 던에게… 그리고 아이들에게… 사랑한다고 전해 줘."
0xF3CE969E,"Oh God...","오 신이시여…"
0xF3CE969F,"One more...one more...","한 번 더… 한 번만 더…"
0xF3CE96A0,"Dr. Kyne! What the hell are you... Aaah!","카인 박사님! 대체 무슨… 으악!"
0xF3CF96AA,"You... idiot! This is... processing! Why the hell... would I have codes... to cargo?","이… 멍청이! 여긴… 처리실이야! 내가 왜… 화물칸 코드를… 갖고 있겠어?"
0xF3CF96AC,"I don't... have them! Is this... what you did... to the captain? Go on... shoot me if you've got... the balls!","난… 없다고! 이게… 당신이… 선장한테 한 짓이야? 해 봐… 배짱 있으면… 쏴 보라고!"
0xF3CF96AE,"He's completely lost it... Somebody call security!","완전히 미쳤어… 누가 보안팀 좀 불러!"
0xF3E22A8C,"Butcher","도살자"
0xF409F963,"20","20"
0xF430DF4C,"Character Rigger","캐릭터 리거"
0xF43A7A5D,"Shader Quality","셰이더 품질"
0xF45BC2AE,"Back","뒤로"
0xF48AD758,"PLASMA CUTTER","플라즈마 커터"
0xF498FCDC,"Jakub Nowicki","Jakub Nowicki"
0xF4BCA820,"Tim Clifford","Tim Clifford"
0xF4BCA821,"Adam Gousetis","Adam Gousetis"
0xF4BCA822,"Ian Patterson","Ian Patterson"
0xF4CCB620,"Make us whole again.","우리를 다시 하나로 만들어 줘."
0xF4FEC269,"They just keep coming!","끝도 없이 몰려와!"
0xF4FEC26A,"Look out!","조심해!"
0xF4FEC26D,"Captain, we can't hold this position","선장님, 이 위치를 사수할 수 없습니다"
0xF51D834A,"ASTEROID LAUNCHED","소행성 발사 완료"
0xF531E5FD,"Custom","사용자 지정"
0xF5716876,"KENDRA AGREES","켄드라의 동의"
0xF5884116,"Drop","버리기"
0xF58B1F6C,"STASIS PACK","감속장비 팩"
0xF5BC0CCE,"CAPTAIN'S DEMISE","선장의 최후"
0xF5D472A3,"FINISH THE POISON","독극물을 완성하라"
0xF5F1F7D9,"QA Compliance Leads","QA 규정 준수 리드"
0xF6302E17,"Meet Kyne at the Shuttle","우주선에서 카인을 만나라"
0xF649C65B,"Space","Space"
0xF6556E3F,"Comms Array Chamber","통신배열실"
0xF65A9652,"MESSAGE FROM NICOLE","니콜의 메시지"
0xF66CF075,"Control Room Barracks","통제실 막사"
0xF66CF076,"Authorized Personnel Only","관계자 외 출입 금지"
0xF66DF0B4,"Gravity Tether Control Room","중력 올가미 통제실"
0xF66DF0B5,"Warning: Sensitive Equipment","경고: 민감한 장비"
0xF66EF0F3,"Gravity Tether Computer Room","중력 올가미 컴퓨터실"
0xF66EF0F4,"Authorized Personnel Only","관계자 외 출입 금지"
0xF66FF132,"Landing Pad","착륙장"
0xF66FF133,"Warning: Active Flight Operations","경고: 비행 작업 진행 중"
0xF670F171,"Control Room Barracks","통제실 막사"
0xF670F172,"Authorized Personnel Only","관계자 외 출입 금지"
0xF671F1B0,"Gravity Tether Operations A","중력 올가미 작업실 A"
0xF671F1B1,"Authorized Personnel Only","관계자 외 출입 금지"
0xF672F1EF,"Landing Pad","착륙장"
0xF672F1F0,"Warning: Active Flight Operations","경고: 비행 작업 진행 중"
0xF672FC27,"WE'LL FIND HER","그녀를 찾을 것이다"
0xF673F22E,"Gravity Tether Operations A","중력 올가미 작업실 A"
0xF673F22F,"Authorized Personnel Only","관계자 외 출입 금지"
0xF674F26D,"Landing Pad","착륙장"
0xF674F26E,"Warning: Active Flight Operations","경고: 비행 작업 진행 중"
0xF679E30A,"This will upgrade your DURATION by %g pts.","지속 시간이 %g 포인트 업그레이드됩니다."
0xF687C906,"Complete Chapter 9 on any difficulty setting","아무 난이도로 9장 완료"
0xF69DF003,"THERMITE BOMB","고열폭탄"
0xF6C56FCB,"FORCE GUN","포스건"
0xF6E9FFB7,"Gravity Tether Operations A","중력 올가미 작업실 A"
0xF6E9FFB8,"Authorized Personnel Only","관계자 외 출입 금지"
0xF6EAFFF6,"Landing Pad","착륙장"
0xF6EAFFF7,"Warning: Active Flight Operations","경고: 비행 작업 진행 중"
0xF6EC0035,"Gravity Tether Operations A","중력 올가미 작업실 A"
0xF6EC0036,"Authorized Personnel Only","관계자 외 출입 금지"
0xF6ECC4D4,"Loading...","불러오는 중..."
0xF6ED0074,"Landing Pad","착륙장"
0xF6ED0075,"Warning: Active Flight Operations","경고: 비행 작업 진행 중"
0xF6EE00B3,"Gravity Tether Core","중력 올가미 코어"
0xF6EE00B4,"Authorized Personnel Only","관계자 외 출입 금지"
0xF6EF00F2,"Gravity Tether Operations A","중력 올가미 작업실 A"
0xF6EF00F3,"Authorized Personnel Only","관계자 외 출입 금지"
0xF6F00131,"Gravity Tether Core","중력 올가미 코어"
0xF6F00132,"Authorized Personnel Only","관계자 외 출입 금지"
0xF6F10170,"Gravity Tether Operations A","중력 올가미 작업실 A"
0xF6F10171,"Authorized Personnel Only","관계자 외 출입 금지"
0xF6F201AF,"Gravity Tether Core","중력 올가미 코어"
0xF6F201B0,"Authorized Personnel Only","관계자 외 출입 금지"
0xF6F301EE,"Gravity Tether Operations A","중력 올가미 작업실 A"
0xF6F301EF,"Authorized Personnel Only","관계자 외 출입 금지"
0xF71CB862,"Continue without saving","저장하지 않고 계속"
0xF72A51F3,"Senior QA Test Lead","수석 QA 테스트 리드"
0xF7680F38,"Gravity Tether Core","중력 올가미 코어"
0xF7680F39,"Authorized Personnel Only","관계자 외 출입 금지"
0xF7690F77,"Gravity Tether Operations A","중력 올가미 작업실 A"
0xF7690F78,"Authorized Personnel Only","관계자 외 출입 금지"
0xF76A0FB6,"Gravity Tether Operations B","중력 올가미 작업실 B"
0xF76A0FB7,"Authorized Personnel Only","관계자 외 출입 금지"
0xF76B0FF5,"Gravity Tether Core","중력 올가미 코어"
0xF76B0FF6,"Authorized Personnel Only","관계자 외 출입 금지"
0xF76C1034,"Gravity Tether Operations B","중력 올가미 작업실 B"
0xF76C1035,"Authorized Personnel Only","관계자 외 출입 금지"
0xF76D1073,"Gravity Tether Core","중력 올가미 코어"
0xF76D1074,"Authorized Personnel Only","관계자 외 출입 금지"
0xF76E10B2,"Gravity Tether Operations B","중력 올가미 작업실 B"
0xF76E10B3,"Authorized Personnel Only","관계자 외 출입 금지"
0xF76F10F1,"Gravity Tether Core","중력 올가미 코어"
0xF76F10F2,"Authorized Personnel Only","관계자 외 출입 금지"
0xF7701130,"Gravity Tether Operations B","중력 올가미 작업실 B"
0xF7701131,"Authorized Personnel Only","관계자 외 출입 금지"
0xF771116F,"Gravity Tether Core","중력 올가미 코어"
0xF7711170,"Authorized Personnel Only","관계자 외 출입 금지"
0xF778F78E,"\n","\n"
0xF78C5C08,"Space","Space"
0xF78C5C15,"Space","Space"
0xF7955E3F,"Space","Space"
0xF7955E4C,"Space","Space"
0xF7E61EB9,"Excavation Site","발굴 현장"
0xF7E61EBA,"WARNING:  SEALED BY ORDER OF CAPTAIN MATHIUS","경고:  머싸이어스 선장의 명령으로 봉쇄됨"
0xF7E71EF8,"Gravity Tether Operations B","중력 올가미 작업실 B"
0xF7E71EF9,"Authorized Personnel Only","관계자 외 출입 금지"
0xF7E81F37,"Excavation Site","발굴 현장"
0xF7E81F38,"WARNING:  SEALED BY ORDER OF CAPTAIN MATHIUS","경고:  머싸이어스 선장의 명령으로 봉쇄됨"
0xF7E91F76,"Gravity Tether Operations B","중력 올가미 작업실 B"
0xF7E91F77,"Authorized Personnel Only","관계자 외 출입 금지"
0xF7EA1FB5,"Excavation Site","발굴 현장"
0xF7EA1FB6,"WARNING:  SEALED BY ORDER OF CAPTAIN MATHIUS","경고:  머싸이어스 선장의 명령으로 봉쇄됨"
0xF7EB1FF4,"Gravity Tether Operations B","중력 올가미 작업실 B"
0xF7EB1FF5,"Authorized Personnel Only","관계자 외 출입 금지"
0xF7EC2033,"Excavation Site","발굴 현장"
0xF7EC2034,"WARNING:  SEALED BY ORDER OF CAPTAIN MATHIUS","경고:  머싸이어스 선장의 명령으로 봉쇄됨"
0xF7ED2072,"Gravity Tether Operations B","중력 올가미 작업실 B"
0xF7ED2073,"Authorized Personnel Only","관계자 외 출입 금지"
0xF7EE20B1,"Return to Landing Pad","착륙장으로 돌아가기"
0xF7EE20B2,"Personnel must undergo decontamination when leaving Excavation Site","발굴 현장을 떠날 때는 반드시 오염 제거를 받아야 합니다"
0xF7EF20F0,"Return to Landing Pad","착륙장으로 돌아가기"
0xF7EF20F1,"Personnel must undergo decontamination when leaving Excavation Site","발굴 현장을 떠날 때는 반드시 오염 제거를 받아야 합니다"
0xF804FD1C,"SCHEMATIC\nACQUIRED","설계도\n획득"
0xF82B121E,"Alt","Alt"
0xF840712E,"Pako Barreras","Pako Barreras"
0xF8570D15,"[Elev_Select]Select","[Elev_Select]선택"
0xF8642E3A,"Return to Landing Pad","착륙장으로 돌아가기"
0xF8642E3B,"Authorized Personnel Only","관계자 외 출입 금지"
0xF8652E79,"Control Room Barracks","통제실 막사"
0xF8652E7A,"Authorized Personnel Only","관계자 외 출입 금지"
0xF8662EB8,"Emergency Supplies","비상 보급품"
0xF8662EB9,"Authorized Personnel Only","관계자 외 출입 금지"
0xF8767439,"Timothy Weisser","Timothy Weisser"
0xF894EA3C,"Senior Level Designer","수석 레벨 디자이너"
0xF89E46A0,"Online Marketing Manager","온라인 마케팅 매니저"
0xF8C4B09D,"Gravity\nactivated","중력\n작동"
0xF8F2A963,"Exterminator","박멸자"
0xF8F72F54,"Power System","전원 장치"
0xF9415E97,"Go to the Flight Deck","비행 갑판으로 가라"
0xF945DE7C,"External Airlock","외부 밀폐실"
0xF945DE7D,"Prepare for Deployment","출격 준비"
0xF946DEBB,"Elevator to Upper Deck","위층 갑판행 엘리베이터"
0xF946DEBC,"Proper Rank Required","적정 계급 필요"
0xF947DEFA,"Cargo Room","화물실"
0xF947DEFB,"Danger:  Automatic machinery in operation","위험:  자동 기계 작동 중"
0xF948DF39,"To External Airlock","외부 밀폐실 방면"
0xF948DF3A,"Prepare for Deployment","출격 준비"
0xF949DF78,"Torpedo Room","어뢰실"
0xF949DF79,"Explosives Rated Marines ONLY","폭발물 자격을 갖춘 해병 전용"
0xF94A1E26,"Once I've put together an explosive, I can blow up the barricade.   Then I need to make my way through the Emergency wing and find the Morgue.","폭발물을 만들면 방어벽을 날려 버릴 수 있다. 그런 다음 응급 병동을 지나 영안실을 찾아가야 한다."
0xF94ADFB7,"Cargo Room","화물실"
0xF94ADFB8,"Danger:  Automatic machinery in operation","위험:  자동 기계 작동 중"
0xF94BDFF6,"To Elevator to Upper Deck","위층 갑판행 엘리베이터 방면"
0xF94BDFF7,"Proper Rank Required","적정 계급 필요"
0xF94CE035,"Torpedo Room","어뢰실"
0xF94CE036,"Explosives Rated Marines ONLY","폭발물 자격을 갖춘 해병 전용"
0xF94DE074,"To Elevator to Upper Deck","위층 갑판행 엘리베이터 방면"
0xF94DE075,"Proper Rank Required","적정 계급 필요"
0xF96CF50B,"The Marker is being stored in the Cargo Bay of the Flight Deck.  I have to transfer it from there up to the Hangar Bay.  Kendra seems more interested in the shuttle than in Kyne's plan to trap the Hive Mind.  I can't really blame her.  We need to get off the Ishimura.","마커는 비행 갑판의 화물칸에 보관되어 있다. 거기서 격납고까지 옮겨야 한다. 켄드라는 하이브 마인드를 가두려는 카인의 계획보다 우주선에 더 관심이 있는 것 같다. 그녀를 탓할 수만은 없다. 우리는 이시무라에서 벗어나야 하니까."
0xF972B264,"KYNE'S HOSTAGE","카인의 인질"
0xF984BA0B,"Shift","Shift"
0xF984BA18,"Shift","Shift"
0xF98DBC42,"Shift","Shift"
0xF98DBC4F,"Shift","Shift"
0xF99E3EE0,"Delete","Delete"
0xF9C2EDBE,"Torpedo Room","어뢰실"
0xF9C2EDBF,"Explosives Rated Marines ONLY","폭발물 자격을 갖춘 해병 전용"
0xF9C3EDFD,"Elevator to Upper Deck","위층 갑판행 엘리베이터"
0xF9C3EDFE,"Proper Rank Required","적정 계급 필요"
0xF9C4EE3C,"Cargo Room","화물실"
0xF9C4EE3D,"Danger:  Automatic machinery in operation","위험:  자동 기계 작동 중"
0xF9C5EE7B,"Elevator to Lower Deck","아래층 갑판행 엘리베이터"
0xF9C5EE7C,"Proper Rank Required","적정 계급 필요"
0xF9C6EEBA,"To Elevator to Lower Deck","아래층 갑판행 엘리베이터 방면"
0xF9C6EEBB,"Proper Rank Required","적정 계급 필요"
0xF9C7EEF9,"To Elevator to Lower Deck","아래층 갑판행 엘리베이터 방면"
0xF9C7EEFA,"Proper Rank Required","적정 계급 필요"
0xF9C8EF38,"Engine Room","엔진실"
0xF9C8EF39,"WARNING: EXTREME RADIATION LEAK DETECTED","경고: 심각한 방사능 누출 감지"
0xF9C9EF77,"Access to Lower Engine Room","아래층 엔진실 출입구"
0xF9C9EF78,"Proper Rank Required","적정 계급 필요"
0xF9CAEFB6,"To Barracks","막사 방면"
0xF9CAEFB7,"Proper Rank Required","적정 계급 필요"
0xF9CBEFF5,"To Engine Room","엔진실 방면"
0xF9CBEFF6,"WARNING: EXTREME RADIATION LEAK DETECTED","경고: 심각한 방사능 누출 감지"
0xF9D1016E,"Raven Cao","Raven Cao"
0xF9D1016F,"Gloria Chen","Gloria Chen"
0xF9D10170,"Spark Chen","Spark Chen"
0xF9D10171,"Saja Fu","Saja Fu"
0xF9D10172,"Arvin He","Arvin He"
0xF9D10173,"Andrew Hu","Andrew Hu"
0xF9D10174,"Lily Huang","Lily Huang"
0xF9D10175,"Morgan Li","Morgan Li"
0xF9D10176,"Vane Li","Vane Li"
0xF9D38ABD,"Post Processing","후처리"
0xFA113BE8,"ASTROGATION MODULE PLACED","항법 모듈 설치"
0xFA213835,"Kill 30 enemies with the Plasma Cutter","플라즈마 커터로 적 30명 제거"
0xFA255090,"End","End"
0xFA2A51CA,"Esc","Esc"
0xFA40FD3F,"To Barracks","막사 방면"
0xFA40FD40,"Proper Rank Required","적정 계급 필요"
0xFA41FD7E,"To Engine Room","엔진실 방면"
0xFA41FD7F,"WARNING: EXTREME RADIATION LEAK DETECTED","경고: 심각한 방사능 누출 감지"
0xFA42FDBD,"To Barracks","막사 방면"
0xFA42FDBE,"Proper Rank Required","적정 계급 필요"
0xFA43FDFC,"To Engine Room","엔진실 방면"
0xFA43FDFD,"WARNING: EXTREME RADIATION LEAK DETECTED","경고: 심각한 방사능 누출 감지"
0xFA44FE3B,"Barracks","막사"
0xFA44FE3C,"Proper Rank Required","적정 계급 필요"
0xFA45FE7A,"Exit","나가기"
0xFA45FE7B,"Check All Gear","모든 장비를 점검하십시오"
0xFA46FEB9,"Elevator to Lower Deck","아래층 갑판행 엘리베이터"
0xFA46FEBA,"Proper Rank Required","적정 계급 필요"
0xFA47FEF8,"To Armory","무기고 방면"
0xFA47FEF9,"Danger: Volatile Ammunition","위험: 폭발성 탄약"
0xFA48FF37,"To Elevator to Lower Deck","아래층 갑판행 엘리베이터 방면"
0xFA48FF38,"Proper Rank Required","적정 계급 필요"
0xFA49FF76,"To Armory","무기고 방면"
0xFA49FF77,"Danger: Volatile Ammunition","위험: 폭발성 탄약"
0xFA6650DA,"F10","F10"
0xFA6650DB,"F11","F11"
0xFA6650DC,"F12","F12"
0xFA869621,"High-energy mineral cutter.","고에너지 광물 절단기."
0xFAAFC56C,"SHOOT THE LIMBS","팔다리를 쏴라"
0xFAB020BD,"Isaac, it's me.  I wish I could talk to you.  I'm sorry.  I'm sorry about everything. I wish I could just talk to someone. It's all falling apart here.  I can't believe what's happening... It's strange...such a little thing...","아이작, 나야. 너랑 얘기할 수 있으면 좋겠어. 미안해. 전부 다 미안해. 그냥 누구든 얘기라도 할 수 있으면 좋겠어. 여긴 모든 게 무너지고 있어. 무슨 일이 일어나고 있는지 믿을 수가 없어… 이상해… 그렇게 사소한 것 때문에…"
0xFABF0CC0,"To Elevator to Lower Deck","아래층 갑판행 엘리베이터 방면"
0xFABF0CC1,"Proper Rank Required","적정 계급 필요"
0xFAC00CFF,"To Infirmary","의무실 방면"
0xFAC00D00,"All Marines must undergo examination","모든 해병은 검진을 받아야 합니다"
0xFAC10D3E,"Armory","무기고"
0xFAC10D3F,"Danger: Volatile Ammunition","위험: 폭발성 탄약"
0xFAC20D7D,"Infirmary","의무실"
0xFAC20D7E,"All Marines must undergo examination","모든 해병은 검진을 받아야 합니다"
0xFAC30DBC,"To Armory","무기고 방면"
0xFAC30DBD,"Danger: Volatile Ammunition","위험: 폭발성 탄약"
0xFAC40DFB,"To Barracks","막사 방면"
0xFAC40DFC,"Proper Rank Required","적정 계급 필요"
0xFAC50E3A,"Infirmary","의무실"
0xFAC50E3B,"All Marines must undergo examination","모든 해병은 검진을 받아야 합니다"
0xFAC60E79,"Barracks","막사"
0xFAC60E7A,"Proper Rank Required","적정 계급 필요"
0xFAC70EB8,"To Infirmary","의무실 방면"
0xFAC70EB9,"All Marines must undergo examination","모든 해병은 검진을 받아야 합니다"
0xFAC80EF7,"To Tram Station","정거장 방면"
0xFAC80EF8,"All cargo logs must be reconsiled before leaving","떠나기 전에 모든 화물 기록을 대조해야 합니다"
0xFACCA373,"WELD NODE","노드 주입"
0xFACCA374,"Commit node to this circuit?\n\n[Upgrade_Accept]YES  [Upgrade/Cancel]NO","이 회로에 노드를 주입하시겠습니까?\n\n[Upgrade_Accept]예  [Upgrade/Cancel]아니요"
0xFADCF403,"MARKER OVERVIEW","마커 개요"
0xFB173452,"Holo-cards containing shuttle navigation data.","우주선 운항 데이터가 담긴 홀로카드."
0xFB17CAD6,"German Product Manager","독일 제품 매니저"
0xFB17CADB,"German Public Relations","독일 홍보"
0xFB313102,"This is Senior Medical Officer Nicole Brennan, transmitting ship wide.  We need more help! We don't have the resources to deal with this many cases. Nobody will tell us what's happening. These wounds...we're not equipped to deal with this...","여기는 수석 의료관 니콜 브레넌, 함 전체에 송신합니다. 도움이 더 필요합니다! 이렇게 많은 환자를 감당할 인력이 없습니다. 아무도 무슨 일이 일어나고 있는지 말해 주지 않습니다. 이 상처들은… 이런 걸 치료할 장비가 없습니다…"
0xFB31312A,"God... Get him to the table! Hold him! Nurse, you hold him down!","맙소사… 저 사람을 수술대로 옮겨요! 붙잡아요! 간호사, 꽉 눌러요!"
0xFB31312B,"Christ! End recording!","젠장! 녹화 종료!"
0xFB3D1C41,"Zero-G Ore Storage","무중력 광석 저장실"
0xFB3D1C42,"WARNING: RAW MATERIALS STORED IN ZERO GRAVITY","경고: 원자재가 무중력 상태로 보관되어 있음"
0xFB3E1C80,"To Zero-G Ore Storage","무중력 광석 저장실 방면"
0xFB3E1C81,"WARNING: RAW MATERIALS STORED IN ZERO GRAVITY","경고: 원자재가 무중력 상태로 보관되어 있음"
0xFB3F1CBF,"To Tram Station","정거장 방면"
0xFB3F1CC0,"All cargo logs must be reconsiled before leaving","떠나기 전에 모든 화물 기록을 대조해야 합니다"
0xFB52192C,"Dave Feise","Dave Feise"
0xFB52192D,"Andrew Lackey","Andrew Lackey"
0xFB52192E,"David Swenson","David Swenson"
0xFB7D342F,"Isaac...Isaac...where are you...it's me...Nicole...","아이작… 아이작… 어디 있어… 나야… 니콜…"
0xFBE02418,"Synthesis International S.r.l.","Synthesis International S.r.l."
0xFBEAB774,"ITEM","아이템"
0xFBF742B1,"Isaac... Where are you? Help me...","아이작… 어디 있어? 도와줘…"
0xFBF842F6,"Isaac! Is that really you? It feels like it's been so long... But I can help you, now.  Come with me.","아이작! 정말 너야? 너무 오랜만인 것 같아… 하지만 이제 내가 널 도울 수 있어. 나랑 같이 가자."
0xFBF842F7,"The Beacon's in the storage room next to you.  I think I can disable the lock from here.  Hold on!","신호기는 네 옆 보관실에 있어. 여기서 잠금을 해제할 수 있을 것 같아. 기다려!"
0xFBF842F8," Okay, the door's unlocked, Isaac.  I can't get over to you...but I'll find a  way. I love you...this will all be over soon... "," 좋아, 문 열렸어, 아이작. 네가 있는 곳으로 갈 수는 없지만… 방법을 찾을게. 사랑해… 곧 전부 끝날 거야… "
0xFBFE4470,"Isaac... Make us whole again...","아이작… 우리를 다시 하나로 만들어 줘…"
0xFC1C8ADE,"Access Bench","벤치 접속"
0xFC1C8ADF,"TOOL SELECT","도구 선택"
0xFC1C8AE0,"SLOT TYPES","슬롯 종류"
0xFC1C8AE1,"MAP PATHS","지도 경로"
0xFC1D8EA3,"Insert","Insert"
0xFC284EC3,"Isaac! It's Nicole!  I need you to help me, help us! Now! I'm... I'm in the flight control room! Please, Isaac hurry! Please... I love you...","아이작! 나 니콜이야! 네 도움이 필요해, 우리를 도와줘! 지금! 나… 나 비행 관제실에 있어! 제발, 아이작, 서둘러! 제발… 사랑해…"
0xFC284EC5,"Isaac! Is that really you? I never thought we'd be together again! God, I'm -  I'm so sorry! I'm so sorry for what I did... I never wanted to hurt you...You need to get it back now, Isaac. You can pilot the shuttle remotely from here! Make us whole again!! Make us whole again...","아이작! 정말 너야? 우리가 다시 함께할 수 있을 거라곤 생각도 못 했어! 세상에, 나… 정말 미안해! 내가 한 일 정말 미안해… 널 상처 줄 생각은 없었어… 이제 그걸 되찾아야 해, 아이작. 여기서 우주선을 원격으로 조종할 수 있어! 우리를 다시 하나로 만들어 줘!! 우리를 다시 하나로 만들어 줘…"
0xFC284EC8,"It doesn't matter. She can't escape her fate... None of us can.","상관없어. 그녀는 자기 운명에서 벗어날 수 없어… 우리 중 누구도."
0xFC284EF1," Here it comes! I'll reprogram the shuttle so we can fly down to the colony. We're so close Isaac. Now go! Get on shuttle! I'll meet you there!"," 온다! 콜로니로 내려갈 수 있게 우주선을 다시 프로그래밍할게. 거의 다 왔어, 아이작. 이제 가! 우주선에 타! 거기서 만나!"
0xFC284EF2,"You're doing the right thing, Isaac. We're together now, the way it always should have been. I  knew you would come back for me. Nothing can stop us now...","넌 옳은 일을 하고 있어, 아이작. 이제 우린 함께야, 원래 늘 그랬어야 했던 것처럼. 날 위해 돌아올 줄 알았어. 이제 아무것도 우릴 막을 수 없어…"
0xFC284EF3,"Isaac! Use one of the loaders to get the Marker off the shuttle!","아이작! 운반기 하나를 써서 마커를 우주선에서 내려!"
0xFC294EFF,"Thank you, Isaac. I always believed in you. I knew you would return to me. We are whole again, Isaac. We are whole...","고마워, 아이작. 난 늘 널 믿었어. 나한테 돌아올 줄 알았어. 우린 다시 하나가 됐어, 아이작. 우린 하나야…"
0xFC294F02,"In the end, it all comes down to this one little thing... I didn't want it to end like this.  I really wanted to see you again, just once.  I loved you.  I always loved you. ","결국, 모든 게 이 사소한 것 하나로 귀결되네… 이렇게 끝나길 원하지 않았어. 정말 너를 다시 보고 싶었어, 딱 한 번만이라도. 사랑했어. 늘 사랑했어. "
0xFC9A9A5F,"Aim Mode","조준"
0xFCA95F07,"Isaac, it's me.  I wish I could talk to you.  I'm sorry.  I'm sorry about everything.  I wish I could just... talk to someone. It's all falling apart here.  I can't believe what's happening... It's strange... such a little thing...","아이작, 나야. 너랑 얘기할 수 있으면 좋겠어. 미안해. 전부 다 미안해. 그냥… 누구든 얘기라도 할 수 있으면 좋겠어. 여긴 모든 게 무너지고 있어. 무슨 일이 일어나고 있는지 믿을 수가 없어… 이상해… 그렇게 사소한 것 때문에…"
0xFCAA5F43,"Isaac, the Marker needs to be returned to the Pedestal Chamber. Use the loader to bring it there and place it on the pedestal. Replace what was taken, and make us whole again.","아이작, 마커를 받침대실로 되돌려 놓아야 해. 운반기로 거기까지 옮겨서 받침대 위에 올려놔. 가져간 것을 되돌려 놓고, 우리를 다시 하나로 만들어 줘."
0xFCAB5F82,"Isaac, you're almost there.  You'll have to restore power to the bridges to move the Marker through this area.  Look for a control station at the end of the maintenance tube.","아이작, 거의 다 왔어. 이 구역으로 마커를 옮기려면 브릿지에 전원을 복구해야 해. 관리 튜브 끝에 있는 조작대를 찾아."
0xFCAEEFE7,"Armstrong","Armstrong"
0xFCC12E94,"Short range kinetic booster device.","단거리 운동 에너지 증폭 장치."
0xFCC8106C,"CHARGE","충전"
0xFCD08ED7,"Andy Milder","Andy Milder"
0xFCD08ED8,"Steve Rifkin","Steve Rifkin"
0xFCD08ED9,"Christopher Smith","Christopher Smith"
0xFCD08EDA,"Heidi Sulzmann","Heidi Sulzmann"
0xFCE7FB5F,"Key to the Mining Control room.","채굴 통제실 열쇠."
0xFCF361E4,"[Scream]","[Scream]"
0xFCFC63F3,"Stop, Issac, why are you doing this?","그만해, 아이작, 왜 이러는 거야?"
0xFCFC641B,"No, Isaac, you're hurting us.","안 돼, 아이작, 넌 우리를 아프게 하고 있어."
0xFD046CD0,"AIR RECYCLING ACTIVATED...","공기 재순환 작동..."
0xFD18A9E0,"Fuse Cells","퓨즈 셀"
0xFD1BADE0,"KP 0","KP 0"
0xFD1BADE1,"KP 1","KP 1"
0xFD1BADE2,"KP 2","KP 2"
0xFD1BADE3,"KP 3","KP 3"
0xFD1BADE4,"KP 4","KP 4"
0xFD1BADE5,"KP 5","KP 5"
0xFD1BADE6,"KP 6","KP 6"
0xFD1BADE7,"KP 7","KP 7"
0xFD1BADE8,"KP 8","KP 8"
0xFD1BADE9,"KP 9","KP 9"
0xFD276E84,"Isaac, it's me.  I wish I could talk to you.   I'm sorry.  I'm sorry about us.  I love you. It's all falling apart here.  I can't believe what's happening... It's strange...such a little thing...\n","아이작, 나야. 너랑 얘기할 수 있으면 좋겠어.   미안해. 우리 일은 미안해. 사랑해. 여긴 모든 게 무너지고 있어. 무슨 일이 일어나고 있는지 믿을 수가 없어… 이상해… 그렇게 사소한 것 때문에…\n"
0xFD276E85,"Isaac, it's Nicole.  I wish I could just tell you.  I'm sorry.  I'm sorry about everything.  You're falling apart here.  I can't believe what's happening... It's strange...such a little thing...","아이작, 니콜이야. 그냥 너한테 말할 수 있으면 좋겠어. 미안해. 전부 다 미안해. 넌 여기서 무너지고 있어. 무슨 일이 일어나고 있는지 믿을 수가 없어… 이상해… 그렇게 사소한 것 때문에…"
0xFD286EC3,"Isaac... Make us whole again...","아이작… 우리를 다시 하나로 만들어 줘…"
0xFD286EC4,"Isaac... Make us whole again...","아이작… 우리를 다시 하나로 만들어 줘…"
0xFD4C717C,"MARKER TRANSFERRED","마커 이송 완료"
0xFD5DBE19,"David Mosher","David Mosher"
0xFD5DBE1A,"Brian McSweeney","Brian McSweeney"
0xFD900BAE,"Paul Mathus","Paul Mathus"
0xFD96B961,"Health Bar","체력 게이지"
0xFDABCDC3,"NICOLE ON MONITOR","모니터 속 니콜"
0xFDC170E3,"Andrew Bao","Andrew Bao"
0xFDC170E4,"Rolando Chan-Law","Rolando Chan-Law"
0xFDC170E5,"Matt Fite","Matt Fite"
0xFDC170E6,"Mike Gaugy","Mike Gaugy"
0xFDC170E7,"Mark Orillaneda","Mark Orillaneda"
0xFDDDFCBB,"Contact the Military Ship","군함과 교신하라"
0xFDE2C9CC,"///audio","/// 오디오"
0xFDEED8BD,"Complete Chapter 11 on any difficulty setting","아무 난이도로 11장 완료"
0xFE03365A,"LINE RACKS\nSchematic Acquired\nDownload at the Store","라인 랙\n설계도 획득\n상점에서 다운로드"
0xFE2DC2F4,"[Look]","[Look]"
0xFE6C9F77,"STORE","상점"
0xFE9ADDDB,"Num Lock","Num Lock"
0xFEABD275,"[Fire]","[Fire]"
0xFEF57AE2,"KP *","KP *"
0xFF095463,"Kendra needs me to go to the Medical deck to create a poison capable of killing whatever is contaminating the ship's atmosphere.","켄드라가 우주선 대기를 오염시키는 것을 무엇이든 죽일 수 있는 독극물을 만들기 위해 의료 갑판으로 가 달라고 한다."
0xFF29E1F6,"[Paths]","[Paths]"
0xFF3F91D3,"Dave Sullivan","Dave Sullivan"
0xFF435907,"NoConvert","NoConvert"
0xFF6B2A51,"WARNING","경고"
0xFFA7F177,"[Map]","[Map]"
